{"type":"FeatureCollection","features":[{"type":"Feature","geometry":{"type":"Polygon","coordinates":[[[-3.0525264,53.1530901],[-3.0522746,53.1531241],[-3.0522803,53.1531395],[-3.0520405,53.1531719],[-3.0520651,53.1532375],[-3.0523228,53.1532027],[-3.0523187,53.1531918],[-3.0523821,53.1531832],[-3.0523895,53.153203],[-3.0525602,53.15318],[-3.0525264,53.1530901]]]},"properties":{"kind":"building","building":"yes","name":null,"height":5}},{"type":"Feature","geometry":{"type":"Polygon","coordinates":[[[-3.050052,53.1543786],[-3.0500105,53.154307],[-3.0499024,53.1543295],[-3.0499154,53.1543518],[-3.0495653,53.1544248],[-3.0496352,53.1545454],[-3.0497334,53.1545249],[-3.0497235,53.1545078],[-3.0497724,53.1544976],[-3.0497313,53.1544267],[-3.0499291,53.1543855],[-3.0499388,53.1544022],[-3.050052,53.1543786]]]},"properties":{"kind":"building","building":"yes","name":null,"height":5}},{"type":"Feature","geometry":{"type":"Polygon","coordinates":[[[-3.0603068,53.1505164],[-3.0602896,53.1505176],[-3.0602744,53.1505226],[-3.0602636,53.1505307],[-3.0602588,53.1505406],[-3.0602607,53.1505509],[-3.060269,53.15056],[-3.0602825,53.1505665],[-3.0602991,53.1505694],[-3.0603163,53.1505683],[-3.0603315,53.1505633],[-3.0603423,53.1505552],[-3.0603472,53.1505452],[-3.0603453,53.1505349],[-3.060337,53.1505258],[-3.0603234,53.1505193],[-3.0603068,53.1505164]]]},"properties":{"kind":"building","building":"yes","name":null,"height":5}},{"type":"Feature","geometry":{"type":"Polygon","coordinates":[[[-3.060155,53.1505752],[-3.0601378,53.1505763],[-3.0601226,53.1505813],[-3.0601118,53.1505894],[-3.0601069,53.1505994],[-3.0601088,53.1506097],[-3.0601171,53.1506188],[-3.0601307,53.1506253],[-3.0601473,53.1506282],[-3.0601645,53.1506271],[-3.0601797,53.1506221],[-3.0601905,53.150614],[-3.0601953,53.150604],[-3.0601934,53.1505937],[-3.0601851,53.1505846],[-3.0601716,53.1505781],[-3.060155,53.1505752]]]},"properties":{"kind":"building","building":"yes","name":null,"height":5}},{"type":"Feature","geometry":{"type":"Polygon","coordinates":[[[-3.0601857,53.1504888],[-3.0601685,53.1504899],[-3.0601533,53.1504949],[-3.0601425,53.150503],[-3.0601377,53.150513],[-3.0601396,53.1505233],[-3.0601479,53.1505324],[-3.0601614,53.1505389],[-3.060178,53.1505418],[-3.0601952,53.1505406],[-3.0602104,53.1505356],[-3.0602213,53.1505275],[-3.0602261,53.1505176],[-3.0602242,53.1505072],[-3.0602159,53.1504981],[-3.0602023,53.1504917],[-3.0601857,53.1504888]]]},"properties":{"kind":"building","building":"yes","name":null,"height":5}},{"type":"Feature","geometry":{"type":"Polygon","coordinates":[[[-3.060278,53.1505983],[-3.0602608,53.1505994],[-3.0602456,53.1506044],[-3.0602348,53.1506125],[-3.0602299,53.1506225],[-3.0602318,53.1506328],[-3.0602402,53.1506419],[-3.0602537,53.1506484],[-3.0602703,53.1506513],[-3.0602875,53.1506502],[-3.0603027,53.1506452],[-3.0603135,53.1506371],[-3.0603184,53.1506271],[-3.0603165,53.1506168],[-3.0603081,53.1506077],[-3.0602946,53.1506012],[-3.060278,53.1505983]]]},"properties":{"kind":"building","building":"yes","name":null,"height":5}},{"type":"Feature","geometry":{"type":"Polygon","coordinates":[[[-3.0584857,53.1515098],[-3.0583483,53.151457],[-3.0581904,53.1514322],[-3.0580097,53.1514404],[-3.0578446,53.1514851],[-3.0577149,53.151561],[-3.0576364,53.151659],[-3.0576185,53.1517671],[-3.0576633,53.1518724],[-3.0577654,53.1519621],[-3.0579126,53.1520255],[-3.0580871,53.1520549],[-3.05825,53.1520492],[-3.0584021,53.1520136],[-3.0585284,53.1519516],[-3.0586166,53.1518692],[-3.0586579,53.1517745],[-3.0586485,53.1516768],[-3.0585891,53.1515856],[-3.0584857,53.1515098]]]},"properties":{"kind":"building","building":"industrial","name":"Clinker Dome","height":109}},{"type":"Feature","geometry":{"type":"Polygon","coordinates":[[[-3.0601876,53.1509464],[-3.0601638,53.15099],[-3.0600639,53.1509704],[-3.0600877,53.1509268],[-3.0601876,53.1509464]]]},"properties":{"kind":"building","building":"yes","name":null,"height":5}},{"type":"Feature","geometry":{"type":"Polygon","coordinates":[[[-3.049594,53.1542002],[-3.049526,53.1542002],[-3.049526,53.1540372],[-3.049594,53.1540372],[-3.049594,53.1542002]]]},"properties":{"kind":"building","building":"yes","name":null,"height":5}},{"type":"Feature","geometry":{"type":"Polygon","coordinates":[[[-3.0620694,53.1548954],[-3.0618218,53.1553161],[-3.0616577,53.1552814],[-3.0619053,53.1548607],[-3.0620694,53.1548954]]]},"properties":{"kind":"building","building":"yes","name":null,"height":5}},{"type":"Feature","geometry":{"type":"Polygon","coordinates":[[[-3.0600454,53.1507516],[-3.0599951,53.1508445],[-3.0596933,53.1507857],[-3.0597436,53.1506928],[-3.0600454,53.1507516]]]},"properties":{"kind":"building","building":"yes","name":null,"height":5}},{"type":"Feature","geometry":{"type":"Polygon","coordinates":[[[-3.0501186,53.1544887],[-3.0501876,53.1546008],[-3.0497526,53.154697],[-3.0496837,53.1545849],[-3.0501186,53.1544887]]]},"properties":{"kind":"building","building":"yes","name":null,"height":5}},{"type":"Feature","geometry":{"type":"Polygon","coordinates":[[[-3.0570426,53.1566455],[-3.0569393,53.1567156],[-3.0568325,53.156659],[-3.0569358,53.1565889],[-3.0570426,53.1566455]]]},"properties":{"kind":"building","building":"yes","name":null,"height":5}},{"type":"Feature","geometry":{"type":"Polygon","coordinates":[[[-3.0602934,53.1506916],[-3.0602655,53.1507429],[-3.0600002,53.150691],[-3.0600281,53.1506398],[-3.0602934,53.1506916]]]},"properties":{"kind":"building","building":"yes","name":null,"height":5}},{"type":"Feature","geometry":{"type":"Polygon","coordinates":[[[-3.0545756,53.1538907],[-3.054456,53.1540537],[-3.0543098,53.1540152],[-3.0544294,53.1538522],[-3.0545756,53.1538907]]]},"properties":{"kind":"building","building":"yes","name":null,"height":5}},{"type":"Feature","geometry":{"type":"Polygon","coordinates":[[[-3.0505481,53.1542671],[-3.0503225,53.1543469],[-3.0502487,53.154272],[-3.0504744,53.1541921],[-3.0505481,53.1542671]]]},"properties":{"kind":"building","building":"yes","name":null,"height":5}},{"type":"Feature","geometry":{"type":"Polygon","coordinates":[[[-3.0540184,53.1542705],[-3.0539773,53.1543148],[-3.0537327,53.1542333],[-3.0537737,53.154189],[-3.0540184,53.1542705]]]},"properties":{"kind":"building","building":"yes","name":null,"height":5}},{"type":"Feature","geometry":{"type":"Polygon","coordinates":[[[-3.0534856,53.1530806],[-3.053317,53.1532094],[-3.0532302,53.1531685],[-3.0533987,53.1530397],[-3.0534856,53.1530806]]]},"properties":{"kind":"building","building":"yes","name":null,"height":5}},{"type":"Feature","geometry":{"type":"Polygon","coordinates":[[[-3.0498115,53.1542426],[-3.0496321,53.1542899],[-3.0495995,53.1542455],[-3.0497789,53.1541982],[-3.0498115,53.1542426]]]},"properties":{"kind":"building","building":"yes","name":null,"height":5}},{"type":"Feature","geometry":{"type":"Polygon","coordinates":[[[-3.0495152,53.1547675],[-3.0495255,53.1548106],[-3.049221,53.1548367],[-3.0492107,53.1547936],[-3.0495152,53.1547675]]]},"properties":{"kind":"building","building":"yes","name":null,"height":5}},{"type":"Feature","geometry":{"type":"Polygon","coordinates":[[[-3.0509309,53.1581602],[-3.0507623,53.1584031],[-3.0506942,53.1583861],[-3.0508627,53.1581432],[-3.0509309,53.1581602]]]},"properties":{"kind":"building","building":"yes","name":null,"height":5}},{"type":"Feature","geometry":{"type":"Polygon","coordinates":[[[-3.0585716,53.1548509],[-3.0586315,53.1549862],[-3.0585659,53.1549966],[-3.0585061,53.1548613],[-3.0585716,53.1548509]]]},"properties":{"kind":"building","building":"yes","name":null,"height":5}},{"type":"Feature","geometry":{"type":"Polygon","coordinates":[[[-3.0566022,53.1567613],[-3.0565628,53.1568379],[-3.0563779,53.1568037],[-3.0564174,53.156727],[-3.0566022,53.1567613]]]},"properties":{"kind":"building","building":"yes","name":null,"height":5}},{"type":"Feature","geometry":{"type":"Polygon","coordinates":[[[-3.05673,53.1566488],[-3.0564908,53.1566618],[-3.0564813,53.1565992],[-3.0567205,53.1565862],[-3.05673,53.1566488]]]},"properties":{"kind":"building","building":"yes","name":null,"height":5}},{"type":"Feature","geometry":{"type":"Polygon","coordinates":[[[-3.0585271,53.1509691],[-3.0583549,53.1512707],[-3.0573627,53.151067],[-3.057535,53.1507653],[-3.0585271,53.1509691]]]},"properties":{"kind":"building","building":"yes","name":null,"height":5}},{"type":"Feature","geometry":{"type":"Polygon","coordinates":[[[-3.0490558,53.1548734],[-3.0489717,53.1548869],[-3.0489092,53.1547467],[-3.0489933,53.1547333],[-3.0490558,53.1548734]]]},"properties":{"kind":"building","building":"yes","name":null,"height":5}},{"type":"Feature","geometry":{"type":"Polygon","coordinates":[[[-3.0462768,53.153309],[-3.0461138,53.1533372],[-3.0460888,53.1532853],[-3.0462518,53.1532571],[-3.0462768,53.153309]]]},"properties":{"kind":"building","building":"yes","name":null,"height":5}},{"type":"Feature","geometry":{"type":"Polygon","coordinates":[[[-3.0607412,53.1547732],[-3.0604759,53.1548238],[-3.0604427,53.1547612],[-3.0607081,53.1547107],[-3.0607412,53.1547732]]]},"properties":{"kind":"building","building":"yes","name":null,"height":5}},{"type":"Feature","geometry":{"type":"Polygon","coordinates":[[[-3.0494883,53.1549344],[-3.0494489,53.1548766],[-3.0493497,53.154901],[-3.0493794,53.1549446],[-3.0494333,53.1549314],[-3.0494429,53.1549455],[-3.0494883,53.1549344]]]},"properties":{"kind":"building","building":"yes","name":null,"height":5}},{"type":"Feature","geometry":{"type":"Polygon","coordinates":[[[-3.0496488,53.1546439],[-3.049524,53.1544378],[-3.0493752,53.1544702],[-3.0493967,53.1545058],[-3.0494807,53.1544875],[-3.049584,53.154658],[-3.0496488,53.1546439]]]},"properties":{"kind":"building","building":"yes","name":null,"height":5}},{"type":"Feature","geometry":{"type":"Polygon","coordinates":[[[-3.0460387,53.1530214],[-3.0459656,53.1528903],[-3.0458582,53.1529118],[-3.0458808,53.1529525],[-3.0458126,53.1529662],[-3.0457966,53.1529376],[-3.0457593,53.1529284],[-3.0457152,53.1529379],[-3.0456975,53.1529583],[-3.045713,53.1529862],[-3.0457634,53.1530766],[-3.0460387,53.1530214]]]},"properties":{"kind":"building","building":"detached","name":null,"height":6.4}},{"type":"Feature","geometry":{"type":"Polygon","coordinates":[[[-3.0525335,53.152995],[-3.0525285,53.1529526],[-3.0522517,53.1529641],[-3.0522605,53.1530403],[-3.0524008,53.1530345],[-3.0523969,53.1530007],[-3.0525335,53.152995]]]},"properties":{"kind":"building","building":"yes","name":null,"height":5}},{"type":"Feature","geometry":{"type":"Polygon","coordinates":[[[-3.0526469,53.1532352],[-3.0527245,53.1533823],[-3.0525081,53.1534234],[-3.0524887,53.1533866],[-3.0526099,53.1533635],[-3.0525517,53.1532533],[-3.0525956,53.153245],[-3.0526469,53.1532352]]]},"properties":{"kind":"building","building":"yes","name":null,"height":5}},{"type":"Feature","geometry":{"type":"Polygon","coordinates":[[[-3.0514758,53.1568168],[-3.0517319,53.1565152],[-3.0512724,53.1563749],[-3.0511238,53.1565498],[-3.0512205,53.1565793],[-3.051272,53.1565188],[-3.051336,53.1564434],[-3.0516076,53.1565263],[-3.0513846,53.1567889],[-3.0514758,53.1568168]]]},"properties":{"kind":"building","building":"yes","name":null,"height":5}},{"type":"Feature","geometry":{"type":"Polygon","coordinates":[[[-3.0821819,53.1368275],[-3.0824281,53.1367355],[-3.0825622,53.1368647],[-3.0824706,53.1368989],[-3.0823902,53.1368214],[-3.0822355,53.1368792],[-3.0821819,53.1368275]]]},"properties":{"kind":"building","building":"pub","name":null,"height":5}},{"type":"Feature","geometry":{"type":"Polygon","coordinates":[[[-3.0882093,53.1304591],[-3.0880048,53.1303014],[-3.0879677,53.1303205],[-3.0878349,53.1302329],[-3.0881057,53.1300784],[-3.0880128,53.1300115],[-3.0881721,53.1299287],[-3.088435,53.1301166],[-3.0883261,53.1301692],[-3.0883739,53.1301947],[-3.0884668,53.1301549],[-3.0886102,53.1302648],[-3.0882093,53.1304591]]]},"properties":{"kind":"building","building":"school","name":null,"height":5}},{"type":"Feature","geometry":{"type":"Polygon","coordinates":[[[-3.0799324,53.1293381],[-3.0794844,53.1294282],[-3.0793928,53.129255],[-3.0798465,53.1291562],[-3.0799324,53.1293381]]]},"properties":{"kind":"building","building":"yes","name":null,"height":5}},{"type":"Feature","geometry":{"type":"Polygon","coordinates":[[[-3.0782587,53.1296889],[-3.0781031,53.1296921],[-3.0779368,53.1297195],[-3.0778264,53.1295447],[-3.0781326,53.1294909],[-3.0782184,53.1296293],[-3.0782931,53.1296396],[-3.0782587,53.1296889]]]},"properties":{"kind":"building","building":"yes","name":null,"height":5}},{"type":"Feature","geometry":{"type":"Polygon","coordinates":[[[-3.0792457,53.1293686],[-3.0789426,53.1294346],[-3.0789748,53.1294958],[-3.0788108,53.1295367],[-3.0788434,53.1295956],[-3.078666,53.12963],[-3.0786364,53.1295865],[-3.0787276,53.129564],[-3.0786985,53.1295022],[-3.0783713,53.129528],[-3.078336,53.1294707],[-3.078733,53.1294417],[-3.0786686,53.129329],[-3.0787518,53.1293113],[-3.0786874,53.129226],[-3.0791246,53.1291295],[-3.0792457,53.1293686]]]},"properties":{"kind":"building","building":"yes","name":null,"height":5}},{"type":"Feature","geometry":{"type":"Polygon","coordinates":[[[-3.0791572,53.1295972],[-3.0791196,53.1295457],[-3.0794062,53.1294852],[-3.0794411,53.1295431],[-3.0791572,53.1295972]]]},"properties":{"kind":"building","building":"yes","name":null,"height":5}},{"type":"Feature","geometry":{"type":"Polygon","coordinates":[[[-3.0989975,53.1466046],[-3.0990163,53.1465129],[-3.0994106,53.1465467],[-3.0993865,53.146648],[-3.0992454,53.1466449],[-3.0989975,53.1466046]]]},"properties":{"kind":"building","building":"yes","name":null,"height":5}},{"type":"Feature","geometry":{"type":"Polygon","coordinates":[[[-3.0997164,53.1473381],[-3.0997512,53.1471724],[-3.100049,53.1471917],[-3.1000114,53.1473558],[-3.0997164,53.1473381]]]},"properties":{"kind":"building","building":"yes","name":null,"height":5}},{"type":"Feature","geometry":{"type":"Polygon","coordinates":[[[-3.0859838,53.1487266],[-3.0857943,53.1488504],[-3.0857718,53.1488391],[-3.0853981,53.1490667],[-3.0851903,53.1489505],[-3.0854829,53.1487615],[-3.0854979,53.1487694],[-3.0857624,53.1486029],[-3.0859838,53.1487266]]]},"properties":{"kind":"building","building":"yes","name":"Clubhouse","height":5}},{"type":"Feature","geometry":{"type":"Polygon","coordinates":[[[-3.0867078,53.1486361],[-3.0866772,53.1486652],[-3.0866076,53.1487314],[-3.086421,53.1486623],[-3.0865174,53.1485647],[-3.0867078,53.1486361]]]},"properties":{"kind":"building","building":"yes","name":null,"height":5}},{"type":"Feature","geometry":{"type":"Polygon","coordinates":[[[-3.1043948,53.1583099],[-3.1042187,53.1583027],[-3.1042093,53.1583853],[-3.104101,53.1583808],[-3.1041103,53.1582988],[-3.1040589,53.1582967],[-3.1040667,53.1582284],[-3.1044025,53.1582421],[-3.1043948,53.1583099]]]},"properties":{"kind":"building","building":"house","name":null,"height":5}},{"type":"Feature","geometry":{"type":"Polygon","coordinates":[[[-3.1042973,53.1574966],[-3.1041954,53.1575509],[-3.1041388,53.1575128],[-3.1041739,53.1574941],[-3.1040688,53.1574231],[-3.1041355,53.1573876],[-3.1042973,53.1574966]]]},"properties":{"kind":"building","building":"house","name":null,"height":5}},{"type":"Feature","geometry":{"type":"Polygon","coordinates":[[[-3.1045536,53.1576873],[-3.1043627,53.157713],[-3.1043381,53.1576472],[-3.104529,53.1576216],[-3.1045536,53.1576873]]]},"properties":{"kind":"building","building":"yes","name":null,"height":5}},{"type":"Feature","geometry":{"type":"Polygon","coordinates":[[[-3.1045945,53.1575468],[-3.1047118,53.157631],[-3.1048423,53.1575656],[-3.1047251,53.1574814],[-3.1045945,53.1575468]]]},"properties":{"kind":"building","building":"yes","name":null,"height":5}},{"type":"Feature","geometry":{"type":"Polygon","coordinates":[[[-3.0636954,53.1556362],[-3.0637046,53.1554886],[-3.0636051,53.1554863],[-3.0636095,53.1554152],[-3.0637922,53.1554193],[-3.0637883,53.155482],[-3.0639597,53.1554858],[-3.0639499,53.1556419],[-3.0636954,53.1556362]]]},"properties":{"kind":"building","building":"house","name":"Padeswood Hall","height":6.4}},{"type":"Feature","geometry":{"type":"Polygon","coordinates":[[[-3.04833,53.1474899],[-3.0483227,53.1474036],[-3.0481797,53.1474079],[-3.0481835,53.1474535],[-3.0482553,53.1474514],[-3.0482587,53.1474921],[-3.04833,53.1474899]]]},"properties":{"kind":"building","building":"yes","name":null,"height":5}},{"type":"Feature","geometry":{"type":"Polygon","coordinates":[[[-3.0481401,53.1474771],[-3.0481217,53.1473382],[-3.0480154,53.1473432],[-3.0480338,53.1474822],[-3.0481401,53.1474771]]]},"properties":{"kind":"building","building":"yes","name":null,"height":5}},{"type":"Feature","geometry":{"type":"Polygon","coordinates":[[[-3.0478558,53.1475023],[-3.0477148,53.1475122],[-3.0476987,53.1474302],[-3.0478397,53.1474202],[-3.0478558,53.1475023]]]},"properties":{"kind":"building","building":"yes","name":null,"height":5}},{"type":"Feature","geometry":{"type":"Polygon","coordinates":[[[-3.0478156,53.1473245],[-3.0478263,53.1473688],[-3.0476889,53.1473808],[-3.0476782,53.1473365],[-3.0478156,53.1473245]]]},"properties":{"kind":"building","building":"yes","name":null,"height":5}},{"type":"Feature","geometry":{"type":"Polygon","coordinates":[[[-3.0478048,53.1472803],[-3.0478156,53.1473245],[-3.0476782,53.1473365],[-3.0476674,53.1472923],[-3.0478048,53.1472803]]]},"properties":{"kind":"building","building":"yes","name":null,"height":5}},{"type":"Feature","geometry":{"type":"Polygon","coordinates":[[[-3.0477753,53.1471902],[-3.0477887,53.1472401],[-3.0476682,53.1472517],[-3.0476547,53.1472019],[-3.0477753,53.1471902]]]},"properties":{"kind":"building","building":"yes","name":null,"height":5}},{"type":"Feature","geometry":{"type":"Polygon","coordinates":[[[-3.0477619,53.1471403],[-3.0477753,53.1471902],[-3.0476547,53.1472019],[-3.0476413,53.147152],[-3.0477619,53.1471403]]]},"properties":{"kind":"building","building":"yes","name":null,"height":5}},{"type":"Feature","geometry":{"type":"Polygon","coordinates":[[[-3.0480395,53.1471323],[-3.0481213,53.1471259],[-3.0481353,53.1471895],[-3.0480535,53.147196],[-3.0480395,53.1471323]]]},"properties":{"kind":"building","building":"yes","name":null,"height":5}},{"type":"Feature","geometry":{"type":"Polygon","coordinates":[[[-3.0479577,53.1471387],[-3.0480395,53.1471323],[-3.0480535,53.147196],[-3.0479716,53.1472024],[-3.0479577,53.1471387]]]},"properties":{"kind":"building","building":"yes","name":null,"height":5}},{"type":"Feature","geometry":{"type":"Polygon","coordinates":[[[-3.0484526,53.1471371],[-3.048462,53.1471789],[-3.0483323,53.1471894],[-3.0483229,53.1471476],[-3.0484526,53.1471371]]]},"properties":{"kind":"building","building":"yes","name":null,"height":5}},{"type":"Feature","geometry":{"type":"Polygon","coordinates":[[[-3.0484432,53.1470953],[-3.0484526,53.1471371],[-3.0483229,53.1471476],[-3.0483136,53.1471058],[-3.0484432,53.1470953]]]},"properties":{"kind":"building","building":"yes","name":null,"height":5}},{"type":"Feature","geometry":{"type":"Polygon","coordinates":[[[-3.0484727,53.1472256],[-3.048484,53.1472879],[-3.0483606,53.147296],[-3.0483493,53.1472336],[-3.0484727,53.1472256]]]},"properties":{"kind":"building","building":"yes","name":null,"height":5}},{"type":"Feature","geometry":{"type":"Polygon","coordinates":[[[-3.0484553,53.1474074],[-3.0485317,53.1474042],[-3.0485404,53.147478],[-3.0484639,53.1474812],[-3.0484553,53.1474074]]]},"properties":{"kind":"building","building":"yes","name":null,"height":5}},{"type":"Feature","geometry":{"type":"Polygon","coordinates":[[[-3.0483788,53.1474106],[-3.0484553,53.1474074],[-3.0484639,53.1474812],[-3.0483875,53.1474845],[-3.0483788,53.1474106]]]},"properties":{"kind":"building","building":"yes","name":null,"height":5}},{"type":"Feature","geometry":{"type":"Polygon","coordinates":[[[-3.0500874,53.1463617],[-3.0501008,53.1464261],[-3.0499863,53.1464347],[-3.0499728,53.1463703],[-3.0500874,53.1463617]]]},"properties":{"kind":"building","building":"yes","name":null,"height":5}},{"type":"Feature","geometry":{"type":"Polygon","coordinates":[[[-3.0502322,53.1463344],[-3.0502564,53.146418],[-3.0501447,53.1464296],[-3.0501206,53.146346],[-3.0502322,53.1463344]]]},"properties":{"kind":"building","building":"yes","name":null,"height":5}},{"type":"Feature","geometry":{"type":"Polygon","coordinates":[[[-3.0504173,53.1464293],[-3.0503059,53.1464416],[-3.0502818,53.1463627],[-3.0503932,53.1463505],[-3.0504173,53.1464293]]]},"properties":{"kind":"building","building":"yes","name":null,"height":5}},{"type":"Feature","geometry":{"type":"Polygon","coordinates":[[[-3.0505579,53.1463947],[-3.0505366,53.146367],[-3.0504667,53.1463863],[-3.0504262,53.1463336],[-3.050559,53.1462969],[-3.0506208,53.1463773],[-3.0505579,53.1463947]]]},"properties":{"kind":"building","building":"yes","name":null,"height":5}},{"type":"Feature","geometry":{"type":"Polygon","coordinates":[[[-3.0506763,53.1465341],[-3.0505964,53.1464463],[-3.0505331,53.1464671],[-3.0505701,53.1465077],[-3.0505105,53.1465272],[-3.0505535,53.1465743],[-3.0506763,53.1465341]]]},"properties":{"kind":"building","building":"yes","name":null,"height":5}},{"type":"Feature","geometry":{"type":"Polygon","coordinates":[[[-3.0503154,53.1466432],[-3.050233,53.1467223],[-3.0501042,53.1466741],[-3.0501866,53.146595],[-3.0503154,53.1466432]]]},"properties":{"kind":"building","building":"yes","name":null,"height":5}},{"type":"Feature","geometry":{"type":"Polygon","coordinates":[[[-3.0498849,53.1466513],[-3.049897,53.1467012],[-3.0497667,53.1467125],[-3.0497546,53.1466626],[-3.0498849,53.1466513]]]},"properties":{"kind":"building","building":"yes","name":null,"height":5}},{"type":"Feature","geometry":{"type":"Polygon","coordinates":[[[-3.0498728,53.1466014],[-3.0498849,53.1466513],[-3.0497546,53.1466626],[-3.0497426,53.1466128],[-3.0498728,53.1466014]]]},"properties":{"kind":"building","building":"yes","name":null,"height":5}},{"type":"Feature","geometry":{"type":"Polygon","coordinates":[[[-3.0499345,53.1463891],[-3.049955,53.146469],[-3.0498155,53.1464818],[-3.049795,53.1464019],[-3.0499345,53.1463891]]]},"properties":{"kind":"building","building":"yes","name":null,"height":5}},{"type":"Feature","geometry":{"type":"Polygon","coordinates":[[[-3.0497253,53.1463971],[-3.0497388,53.1464513],[-3.0496127,53.1464626],[-3.0495992,53.1464084],[-3.0497253,53.1463971]]]},"properties":{"kind":"building","building":"yes","name":null,"height":5}},{"type":"Feature","geometry":{"type":"Polygon","coordinates":[[[-3.0495724,53.146484],[-3.0494562,53.1464922],[-3.0494401,53.1464101],[-3.0495563,53.1464019],[-3.0495724,53.146484]]]},"properties":{"kind":"building","building":"yes","name":null,"height":5}},{"type":"Feature","geometry":{"type":"Polygon","coordinates":[[[-3.0492733,53.1464005],[-3.0492805,53.1464346],[-3.0492544,53.1464365],[-3.0492603,53.1464645],[-3.0491649,53.1464717],[-3.0491518,53.1464097],[-3.0492733,53.1464005]]]},"properties":{"kind":"building","building":"yes","name":null,"height":5}},{"type":"Feature","geometry":{"type":"Polygon","coordinates":[[[-3.0493477,53.1465626],[-3.0492016,53.1465729],[-3.0491875,53.1465012],[-3.0492697,53.1464954],[-3.0492768,53.1465313],[-3.0493407,53.1465268],[-3.0493477,53.1465626]]]},"properties":{"kind":"building","building":"yes","name":null,"height":5}},{"type":"Feature","geometry":{"type":"Polygon","coordinates":[[[-3.0493686,53.1466481],[-3.0492318,53.1466609],[-3.0492162,53.1466013],[-3.049353,53.1465884],[-3.0493686,53.1466481]]]},"properties":{"kind":"building","building":"yes","name":null,"height":5}},{"type":"Feature","geometry":{"type":"Polygon","coordinates":[[[-3.0495402,53.1467639],[-3.0494195,53.1468299],[-3.0493437,53.1467799],[-3.0494644,53.146714],[-3.0495402,53.1467639]]]},"properties":{"kind":"building","building":"yes","name":null,"height":5}},{"type":"Feature","geometry":{"type":"Polygon","coordinates":[[[-3.0493847,53.146862],[-3.0492801,53.1469087],[-3.0492183,53.1468589],[-3.0493229,53.1468122],[-3.0493847,53.146862]]]},"properties":{"kind":"building","building":"yes","name":null,"height":5}},{"type":"Feature","geometry":{"type":"Polygon","coordinates":[[[-3.0489984,53.1469055],[-3.0488735,53.1469242],[-3.0488493,53.1468663],[-3.0489743,53.1468476],[-3.0489984,53.1469055]]]},"properties":{"kind":"building","building":"yes","name":null,"height":5}},{"type":"Feature","geometry":{"type":"Polygon","coordinates":[[[-3.0489759,53.1468283],[-3.0489507,53.1467363],[-3.0488647,53.1467448],[-3.0488769,53.1467892],[-3.0488261,53.1467942],[-3.0488391,53.1468418],[-3.0489759,53.1468283]]]},"properties":{"kind":"building","building":"yes","name":null,"height":5}},{"type":"Feature","geometry":{"type":"Polygon","coordinates":[[[-3.0489451,53.1467151],[-3.0489191,53.1466325],[-3.0487721,53.1466491],[-3.0487877,53.1466989],[-3.0488436,53.1466926],[-3.0488539,53.1467254],[-3.0489451,53.1467151]]]},"properties":{"kind":"building","building":"yes","name":null,"height":5}},{"type":"Feature","geometry":{"type":"Polygon","coordinates":[[[-3.048918,53.1466143],[-3.0487892,53.1466272],[-3.0487727,53.1465677],[-3.0489014,53.1465548],[-3.048918,53.1466143]]]},"properties":{"kind":"building","building":"yes","name":null,"height":5}},{"type":"Feature","geometry":{"type":"Polygon","coordinates":[[[-3.0489033,53.1465328],[-3.0488817,53.146437],[-3.0487151,53.1464506],[-3.0487263,53.1465],[-3.0487868,53.1464951],[-3.0487972,53.1465414],[-3.0489033,53.1465328]]]},"properties":{"kind":"building","building":"yes","name":null,"height":5}},{"type":"Feature","geometry":{"type":"Polygon","coordinates":[[[-3.0482221,53.1465165],[-3.0480724,53.1465221],[-3.0480818,53.1466136],[-3.0481789,53.14661],[-3.0481741,53.1465639],[-3.0482268,53.1465619],[-3.0482221,53.1465165]]]},"properties":{"kind":"building","building":"yes","name":null,"height":5}},{"type":"Feature","geometry":{"type":"Polygon","coordinates":[[[-3.0482474,53.1466835],[-3.0481052,53.1466915],[-3.0480992,53.1466532],[-3.0482414,53.1466452],[-3.0482474,53.1466835]]]},"properties":{"kind":"building","building":"yes","name":null,"height":5}},{"type":"Feature","geometry":{"type":"Polygon","coordinates":[[[-3.0482581,53.1467832],[-3.0481379,53.1467909],[-3.0481245,53.1467153],[-3.0482447,53.1467076],[-3.0482581,53.1467832]]]},"properties":{"kind":"building","building":"yes","name":null,"height":5}},{"type":"Feature","geometry":{"type":"Polygon","coordinates":[[[-3.0482796,53.146862],[-3.0481587,53.1468732],[-3.0481426,53.1468104],[-3.0482635,53.1467993],[-3.0482796,53.146862]]]},"properties":{"kind":"building","building":"yes","name":null,"height":5}},{"type":"Feature","geometry":{"type":"Polygon","coordinates":[[[-3.0477934,53.146702],[-3.0478022,53.1467526],[-3.0476774,53.1467604],[-3.0476687,53.1467097],[-3.0477934,53.146702]]]},"properties":{"kind":"building","building":"yes","name":null,"height":5}},{"type":"Feature","geometry":{"type":"Polygon","coordinates":[[[-3.0477847,53.1466513],[-3.0477934,53.146702],[-3.0476687,53.1467097],[-3.04766,53.146659],[-3.0477847,53.1466513]]]},"properties":{"kind":"building","building":"yes","name":null,"height":5}},{"type":"Feature","geometry":{"type":"Polygon","coordinates":[[[-3.047776,53.1466006],[-3.0477847,53.1466513],[-3.04766,53.146659],[-3.0476513,53.1466083],[-3.047776,53.1466006]]]},"properties":{"kind":"building","building":"yes","name":null,"height":5}},{"type":"Feature","geometry":{"type":"Polygon","coordinates":[[[-3.0477673,53.1465499],[-3.047776,53.1466006],[-3.0476513,53.1466083],[-3.0476425,53.1465577],[-3.0477673,53.1465499]]]},"properties":{"kind":"building","building":"yes","name":null,"height":5}},{"type":"Feature","geometry":{"type":"Polygon","coordinates":[[[-3.0477901,53.146825],[-3.0477968,53.1468749],[-3.0476727,53.1468809],[-3.047666,53.146831],[-3.0477901,53.146825]]]},"properties":{"kind":"building","building":"yes","name":null,"height":5}},{"type":"Feature","geometry":{"type":"Polygon","coordinates":[[[-3.0477834,53.1467752],[-3.0477901,53.146825],[-3.047666,53.146831],[-3.0476593,53.1467812],[-3.0477834,53.1467752]]]},"properties":{"kind":"building","building":"yes","name":null,"height":5}},{"type":"Feature","geometry":{"type":"Polygon","coordinates":[[[-3.0477518,53.147022],[-3.0477453,53.1469215],[-3.0476031,53.1469248],[-3.0476096,53.1470253],[-3.0477518,53.147022]]]},"properties":{"kind":"building","building":"yes","name":null,"height":5}},{"type":"Feature","geometry":{"type":"Polygon","coordinates":[[[-3.0480409,53.1469425],[-3.0480544,53.147006],[-3.0479283,53.1470156],[-3.0479148,53.1469521],[-3.0480409,53.1469425]]]},"properties":{"kind":"building","building":"yes","name":null,"height":5}},{"type":"Feature","geometry":{"type":"Polygon","coordinates":[[[-3.0483949,53.1469875],[-3.0482652,53.1469975],[-3.0482438,53.1468978],[-3.0483735,53.1468878],[-3.0483949,53.1469875]]]},"properties":{"kind":"building","building":"yes","name":null,"height":5}},{"type":"Feature","geometry":{"type":"Polygon","coordinates":[[[-3.0508143,53.1467253],[-3.0507378,53.1467519],[-3.05066,53.1466715],[-3.0507365,53.1466449],[-3.0508143,53.1467253]]]},"properties":{"kind":"building","building":"yes","name":null,"height":5}},{"type":"Feature","geometry":{"type":"Polygon","coordinates":[[[-3.050876,53.1468057],[-3.0507559,53.1468466],[-3.0506996,53.1467871],[-3.0508196,53.1467462],[-3.050876,53.1468057]]]},"properties":{"kind":"building","building":"yes","name":null,"height":5}},{"type":"Feature","geometry":{"type":"Polygon","coordinates":[[[-3.0509296,53.1468942],[-3.0508138,53.1469249],[-3.0507628,53.1468557],[-3.0508786,53.146825],[-3.0509296,53.1468942]]]},"properties":{"kind":"building","building":"yes","name":null,"height":5}},{"type":"Feature","geometry":{"type":"Polygon","coordinates":[[[-3.0509765,53.1469658],[-3.0510074,53.1470084],[-3.050883,53.1470408],[-3.0508521,53.1469982],[-3.0509765,53.1469658]]]},"properties":{"kind":"building","building":"yes","name":null,"height":5}},{"type":"Feature","geometry":{"type":"Polygon","coordinates":[[[-3.0509457,53.1469232],[-3.0509765,53.1469658],[-3.0508521,53.1469982],[-3.0508213,53.1469555],[-3.0509457,53.1469232]]]},"properties":{"kind":"building","building":"yes","name":null,"height":5}},{"type":"Feature","geometry":{"type":"Polygon","coordinates":[[[-3.051096,53.1471192],[-3.0510409,53.1470428],[-3.0509518,53.1470659],[-3.050973,53.1470952],[-3.0509301,53.1471064],[-3.0509641,53.1471535],[-3.051096,53.1471192]]]},"properties":{"kind":"building","building":"yes","name":null,"height":5}},{"type":"Feature","geometry":{"type":"Polygon","coordinates":[[[-3.0503983,53.1467319],[-3.0503238,53.1467709],[-3.0503727,53.1468045],[-3.0502461,53.1468707],[-3.0501484,53.1468035],[-3.0503495,53.1466984],[-3.0503983,53.1467319]]]},"properties":{"kind":"building","building":"yes","name":null,"height":5}},{"type":"Feature","geometry":{"type":"Polygon","coordinates":[[[-3.0505195,53.1469166],[-3.0503886,53.1469568],[-3.0503165,53.1468725],[-3.0504007,53.1468466],[-3.0504374,53.1468896],[-3.0504841,53.1468752],[-3.0505195,53.1469166]]]},"properties":{"kind":"building","building":"yes","name":null,"height":5}},{"type":"Feature","geometry":{"type":"Polygon","coordinates":[[[-3.050597,53.1469907],[-3.0506319,53.1470325],[-3.0505096,53.1470692],[-3.0504747,53.1470274],[-3.050597,53.1469907]]]},"properties":{"kind":"building","building":"yes","name":null,"height":5}},{"type":"Feature","geometry":{"type":"Polygon","coordinates":[[[-3.0505621,53.1469489],[-3.050597,53.1469907],[-3.0504747,53.1470274],[-3.0504398,53.1469856],[-3.0505621,53.1469489]]]},"properties":{"kind":"building","building":"yes","name":null,"height":5}},{"type":"Feature","geometry":{"type":"Polygon","coordinates":[[[-3.0502175,53.1470872],[-3.0501464,53.1471082],[-3.0500988,53.1470499],[-3.0501699,53.147029],[-3.0502175,53.1470872]]]},"properties":{"kind":"building","building":"yes","name":null,"height":5}},{"type":"Feature","geometry":{"type":"Polygon","coordinates":[[[-3.0502886,53.1470663],[-3.0502175,53.1470872],[-3.0501699,53.147029],[-3.0502409,53.1470081],[-3.0502886,53.1470663]]]},"properties":{"kind":"building","building":"yes","name":null,"height":5}},{"type":"Feature","geometry":{"type":"Polygon","coordinates":[[[-3.049816,53.1467481],[-3.0498301,53.1467899],[-3.0497554,53.1467989],[-3.0497703,53.1468432],[-3.0499264,53.1468243],[-3.0498974,53.1467382],[-3.049816,53.1467481]]]},"properties":{"kind":"building","building":"yes","name":null,"height":5}},{"type":"Feature","geometry":{"type":"Polygon","coordinates":[[[-3.0498261,53.1469334],[-3.0498449,53.1469784],[-3.0497237,53.1469966],[-3.0497049,53.1469515],[-3.0498261,53.1469334]]]},"properties":{"kind":"building","building":"yes","name":null,"height":5}},{"type":"Feature","geometry":{"type":"Polygon","coordinates":[[[-3.0498073,53.1468883],[-3.0498261,53.1469334],[-3.0497049,53.1469515],[-3.0496862,53.1469065],[-3.0498073,53.1468883]]]},"properties":{"kind":"building","building":"yes","name":null,"height":5}},{"type":"Feature","geometry":{"type":"Polygon","coordinates":[[[-3.0499173,53.1470412],[-3.0499361,53.1470862],[-3.0498149,53.1471044],[-3.0497961,53.1470593],[-3.0499173,53.1470412]]]},"properties":{"kind":"building","building":"yes","name":null,"height":5}},{"type":"Feature","geometry":{"type":"Polygon","coordinates":[[[-3.0498985,53.1469961],[-3.0499173,53.1470412],[-3.0497961,53.1470593],[-3.0497774,53.1470143],[-3.0498985,53.1469961]]]},"properties":{"kind":"building","building":"yes","name":null,"height":5}},{"type":"Feature","geometry":{"type":"Polygon","coordinates":[[[-3.049964,53.1471435],[-3.0499828,53.1471886],[-3.0498616,53.1472068],[-3.0498428,53.1471617],[-3.049964,53.1471435]]]},"properties":{"kind":"building","building":"yes","name":null,"height":5}},{"type":"Feature","geometry":{"type":"Polygon","coordinates":[[[-3.0499452,53.1470985],[-3.049964,53.1471435],[-3.0498428,53.1471617],[-3.0498241,53.1471167],[-3.0499452,53.1470985]]]},"properties":{"kind":"building","building":"yes","name":null,"height":5}},{"type":"Feature","geometry":{"type":"Polygon","coordinates":[[[-3.0501243,53.1474484],[-3.0501437,53.1474942],[-3.0500044,53.1475155],[-3.0499849,53.1474697],[-3.0501243,53.1474484]]]},"properties":{"kind":"building","building":"yes","name":null,"height":5}},{"type":"Feature","geometry":{"type":"Polygon","coordinates":[[[-3.0501048,53.1474025],[-3.0501243,53.1474484],[-3.0499849,53.1474697],[-3.0499655,53.1474238],[-3.0501048,53.1474025]]]},"properties":{"kind":"building","building":"yes","name":null,"height":5}},{"type":"Feature","geometry":{"type":"Polygon","coordinates":[[[-3.0500854,53.1473567],[-3.0501048,53.1474025],[-3.0499655,53.1474238],[-3.0499461,53.147378],[-3.0500854,53.1473567]]]},"properties":{"kind":"building","building":"yes","name":null,"height":5}},{"type":"Feature","geometry":{"type":"Polygon","coordinates":[[[-3.0500659,53.1473109],[-3.0500854,53.1473567],[-3.0499461,53.147378],[-3.0499266,53.1473321],[-3.0500659,53.1473109]]]},"properties":{"kind":"building","building":"yes","name":null,"height":5}},{"type":"Feature","geometry":{"type":"Polygon","coordinates":[[[-3.0504307,53.1472722],[-3.0502912,53.1473109],[-3.0502409,53.1472455],[-3.0503804,53.1472069],[-3.0504307,53.1472722]]]},"properties":{"kind":"building","building":"yes","name":null,"height":5}},{"type":"Feature","geometry":{"type":"Polygon","coordinates":[[[-3.050711,53.1471653],[-3.0507419,53.1472063],[-3.0506304,53.1472364],[-3.0505995,53.1471954],[-3.050711,53.1471653]]]},"properties":{"kind":"building","building":"yes","name":null,"height":5}},{"type":"Feature","geometry":{"type":"Polygon","coordinates":[[[-3.0506802,53.1471242],[-3.050711,53.1471653],[-3.0505995,53.1471954],[-3.0505687,53.1471544],[-3.0506802,53.1471242]]]},"properties":{"kind":"building","building":"yes","name":null,"height":5}},{"type":"Feature","geometry":{"type":"Polygon","coordinates":[[[-3.0507258,53.147343],[-3.0506238,53.1473401],[-3.0506292,53.1472725],[-3.0507311,53.1472755],[-3.0507258,53.147343]]]},"properties":{"kind":"building","building":"yes","name":null,"height":5}},{"type":"Feature","geometry":{"type":"Polygon","coordinates":[[[-3.050707,53.1474395],[-3.0506185,53.1474346],[-3.0506292,53.1473654],[-3.0507177,53.1473704],[-3.050707,53.1474395]]]},"properties":{"kind":"building","building":"yes","name":null,"height":5}},{"type":"Feature","geometry":{"type":"Polygon","coordinates":[[[-3.0506212,53.1474637],[-3.0505721,53.1475019],[-3.0505024,53.1474698],[-3.0505514,53.1474315],[-3.0506212,53.1474637]]]},"properties":{"kind":"building","building":"yes","name":null,"height":5}},{"type":"Feature","geometry":{"type":"Polygon","coordinates":[[[-3.0505259,53.1475698],[-3.0504817,53.1476052],[-3.0503873,53.1475628],[-3.0504315,53.1475274],[-3.0505259,53.1475698]]]},"properties":{"kind":"building","building":"yes","name":null,"height":5}},{"type":"Feature","geometry":{"type":"Polygon","coordinates":[[[-3.0505702,53.1475345],[-3.0505259,53.1475698],[-3.0504315,53.1475274],[-3.0504758,53.147492],[-3.0505702,53.1475345]]]},"properties":{"kind":"building","building":"yes","name":null,"height":5}},{"type":"Feature","geometry":{"type":"Polygon","coordinates":[[[-3.0504012,53.1477146],[-3.0503291,53.1477702],[-3.0502326,53.1477252],[-3.0503047,53.1476696],[-3.0504012,53.1477146]]]},"properties":{"kind":"building","building":"yes","name":null,"height":5}},{"type":"Feature","geometry":{"type":"Polygon","coordinates":[[[-3.0500002,53.1476165],[-3.0500096,53.147565],[-3.0501159,53.147572],[-3.0501065,53.1476235],[-3.0500002,53.1476165]]]},"properties":{"kind":"building","building":"yes","name":null,"height":5}},{"type":"Feature","geometry":{"type":"Polygon","coordinates":[[[-3.0499908,53.147668],[-3.0500002,53.1476165],[-3.0501065,53.1476235],[-3.0500971,53.147675],[-3.0499908,53.147668]]]},"properties":{"kind":"building","building":"yes","name":null,"height":5}},{"type":"Feature","geometry":{"type":"Polygon","coordinates":[[[-3.0501598,53.1479173],[-3.0500994,53.1479677],[-3.0500136,53.1479307],[-3.050074,53.1478803],[-3.0501598,53.1479173]]]},"properties":{"kind":"building","building":"yes","name":null,"height":5}},{"type":"Feature","geometry":{"type":"Polygon","coordinates":[[[-3.0499935,53.1479028],[-3.0498755,53.1478964],[-3.0498852,53.1478323],[-3.0500032,53.1478387],[-3.0499935,53.1479028]]]},"properties":{"kind":"building","building":"yes","name":null,"height":5}},{"type":"Feature","geometry":{"type":"Polygon","coordinates":[[[-3.0498379,53.1478176],[-3.049828,53.147895],[-3.0496886,53.1478885],[-3.0496985,53.1478111],[-3.0498379,53.1478176]]]},"properties":{"kind":"building","building":"yes","name":null,"height":5}},{"type":"Feature","geometry":{"type":"Polygon","coordinates":[[[-3.0494571,53.1479045],[-3.0493314,53.1479184],[-3.0493045,53.1478315],[-3.0494303,53.1478176],[-3.0494571,53.1479045]]]},"properties":{"kind":"building","building":"yes","name":null,"height":5}},{"type":"Feature","geometry":{"type":"Polygon","coordinates":[[[-3.0495751,53.1480042],[-3.0494838,53.1480483],[-3.049406,53.1479904],[-3.0494973,53.1479463],[-3.0495751,53.1480042]]]},"properties":{"kind":"building","building":"yes","name":null,"height":5}},{"type":"Feature","geometry":{"type":"Polygon","coordinates":[[[-3.0497065,53.1480878],[-3.0496046,53.1481348],[-3.0495242,53.1480721],[-3.0496261,53.1480251],[-3.0497065,53.1480878]]]},"properties":{"kind":"building","building":"yes","name":null,"height":5}},{"type":"Feature","geometry":{"type":"Polygon","coordinates":[[[-3.0498701,53.1481634],[-3.0497942,53.1482318],[-3.0496735,53.1481835],[-3.0497494,53.1481152],[-3.0498701,53.1481634]]]},"properties":{"kind":"building","building":"yes","name":null,"height":5}},{"type":"Feature","geometry":{"type":"Polygon","coordinates":[[[-3.0506668,53.147853],[-3.050615,53.147897],[-3.050497,53.1478472],[-3.0505487,53.1478031],[-3.0506668,53.147853]]]},"properties":{"kind":"building","building":"yes","name":null,"height":5}},{"type":"Feature","geometry":{"type":"Polygon","coordinates":[[[-3.0504685,53.1480381],[-3.050357,53.1479879],[-3.0503154,53.1480211],[-3.0503486,53.1480361],[-3.0503192,53.1480596],[-3.0503974,53.1480948],[-3.0504685,53.1480381]]]},"properties":{"kind":"building","building":"yes","name":null,"height":5}},{"type":"Feature","geometry":{"type":"Polygon","coordinates":[[[-3.050099,53.1483023],[-3.0500552,53.1483388],[-3.0499367,53.1482876],[-3.0499805,53.1482511],[-3.050099,53.1483023]]]},"properties":{"kind":"building","building":"yes","name":null,"height":5}},{"type":"Feature","geometry":{"type":"Polygon","coordinates":[[[-3.0501428,53.1482659],[-3.050099,53.1483023],[-3.0499805,53.1482511],[-3.0500244,53.1482147],[-3.0501428,53.1482659]]]},"properties":{"kind":"building","building":"yes","name":null,"height":5}},{"type":"Feature","geometry":{"type":"Polygon","coordinates":[[[-3.0501866,53.1482294],[-3.0501428,53.1482659],[-3.0500244,53.1482147],[-3.0500682,53.1481782],[-3.0501866,53.1482294]]]},"properties":{"kind":"building","building":"yes","name":null,"height":5}},{"type":"Feature","geometry":{"type":"Polygon","coordinates":[[[-3.0502969,53.1481377],[-3.0502526,53.1481739],[-3.0501502,53.1481289],[-3.0501944,53.1480927],[-3.0502969,53.1481377]]]},"properties":{"kind":"building","building":"yes","name":null,"height":5}},{"type":"Feature","geometry":{"type":"Polygon","coordinates":[[[-3.0503411,53.1481015],[-3.0502969,53.1481377],[-3.0501944,53.1480927],[-3.0502387,53.1480565],[-3.0503411,53.1481015]]]},"properties":{"kind":"building","building":"yes","name":null,"height":5}},{"type":"Feature","geometry":{"type":"Polygon","coordinates":[[[-3.0505275,53.1479656],[-3.0504833,53.1480018],[-3.0503808,53.1479567],[-3.0504251,53.1479205],[-3.0505275,53.1479656]]]},"properties":{"kind":"building","building":"yes","name":null,"height":5}},{"type":"Feature","geometry":{"type":"Polygon","coordinates":[[[-3.0505718,53.1479294],[-3.0505275,53.1479656],[-3.0504251,53.1479205],[-3.0504694,53.1478843],[-3.0505718,53.1479294]]]},"properties":{"kind":"building","building":"yes","name":null,"height":5}},{"type":"Feature","geometry":{"type":"Polygon","coordinates":[[[-3.0507394,53.1477661],[-3.0506952,53.1478023],[-3.0505927,53.1477573],[-3.050637,53.1477211],[-3.0507394,53.1477661]]]},"properties":{"kind":"building","building":"yes","name":null,"height":5}},{"type":"Feature","geometry":{"type":"Polygon","coordinates":[[[-3.0507837,53.1477299],[-3.0507394,53.1477661],[-3.050637,53.1477211],[-3.0506812,53.1476849],[-3.0507837,53.1477299]]]},"properties":{"kind":"building","building":"yes","name":null,"height":5}},{"type":"Feature","geometry":{"type":"Polygon","coordinates":[[[-3.0508719,53.1476511],[-3.0508277,53.1476873],[-3.0507252,53.1476422],[-3.0507695,53.147606],[-3.0508719,53.1476511]]]},"properties":{"kind":"building","building":"yes","name":null,"height":5}},{"type":"Feature","geometry":{"type":"Polygon","coordinates":[[[-3.0509162,53.1476149],[-3.0508719,53.1476511],[-3.0507695,53.147606],[-3.0508138,53.1475698],[-3.0509162,53.1476149]]]},"properties":{"kind":"building","building":"yes","name":null,"height":5}},{"type":"Feature","geometry":{"type":"Polygon","coordinates":[[[-3.0510235,53.1475248],[-3.0509511,53.1475795],[-3.050854,53.1475333],[-3.0509264,53.1474786],[-3.0510235,53.1475248]]]},"properties":{"kind":"building","building":"yes","name":null,"height":5}},{"type":"Feature","geometry":{"type":"Polygon","coordinates":[[[-3.0511375,53.1474484],[-3.0510932,53.147483],[-3.0510077,53.1474436],[-3.051052,53.147409],[-3.0511375,53.1474484]]]},"properties":{"kind":"building","building":"yes","name":null,"height":5}},{"type":"Feature","geometry":{"type":"Polygon","coordinates":[[[-3.0511817,53.1474138],[-3.0511375,53.1474484],[-3.051052,53.147409],[-3.0510962,53.1473745],[-3.0511817,53.1474138]]]},"properties":{"kind":"building","building":"yes","name":null,"height":5}},{"type":"Feature","geometry":{"type":"Polygon","coordinates":[[[-3.0512347,53.1473112],[-3.0511599,53.1473807],[-3.051031,53.1473308],[-3.0510669,53.1472974],[-3.051124,53.1473195],[-3.0511628,53.1472834],[-3.0512347,53.1473112]]]},"properties":{"kind":"building","building":"yes","name":null,"height":5}},{"type":"Feature","geometry":{"type":"Polygon","coordinates":[[[-3.0513183,53.1472178],[-3.0511384,53.147133],[-3.0511003,53.1471621],[-3.0511863,53.1472026],[-3.0511481,53.1472318],[-3.0512421,53.147276],[-3.0513183,53.1472178]]]},"properties":{"kind":"building","building":"yes","name":null,"height":5}},{"type":"Feature","geometry":{"type":"Polygon","coordinates":[[[-3.0457959,53.1507243],[-3.0457427,53.1507699],[-3.045689,53.1507474],[-3.0457422,53.1507018],[-3.0457959,53.1507243]]]},"properties":{"kind":"building","building":"yes","name":null,"height":5}},{"type":"Feature","geometry":{"type":"Polygon","coordinates":[[[-3.0458039,53.1506278],[-3.0457594,53.1506702],[-3.045687,53.1506429],[-3.0457315,53.1506005],[-3.0458039,53.1506278]]]},"properties":{"kind":"building","building":"yes","name":null,"height":5}},{"type":"Feature","geometry":{"type":"Polygon","coordinates":[[[-3.0456993,53.150697],[-3.045653,53.1507408],[-3.0455431,53.1506989],[-3.0455893,53.1506552],[-3.0456993,53.150697]]]},"properties":{"kind":"building","building":"yes","name":null,"height":5}},{"type":"Feature","geometry":{"type":"Polygon","coordinates":[[[-3.0464872,53.1493643],[-3.0463586,53.149474],[-3.0467295,53.1496304],[-3.0468582,53.1495207],[-3.0464872,53.1493643]]]},"properties":{"kind":"building","building":"yes","name":null,"height":5}},{"type":"Feature","geometry":{"type":"Polygon","coordinates":[[[-3.0470187,53.1493836],[-3.0469165,53.1493605],[-3.0469393,53.1493241],[-3.0468253,53.1492983],[-3.0467783,53.149373],[-3.0469945,53.149422],[-3.0470187,53.1493836]]]},"properties":{"kind":"building","building":"yes","name":null,"height":5}},{"type":"Feature","geometry":{"type":"Polygon","coordinates":[[[-3.0469438,53.1492091],[-3.0469463,53.1492701],[-3.0468364,53.1492718],[-3.0468339,53.1492107],[-3.0469438,53.1492091]]]},"properties":{"kind":"building","building":"yes","name":null,"height":5}},{"type":"Feature","geometry":{"type":"Polygon","coordinates":[[[-3.0469465,53.1491158],[-3.0469487,53.1491769],[-3.0468199,53.1491785],[-3.0468178,53.1491174],[-3.0469465,53.1491158]]]},"properties":{"kind":"building","building":"yes","name":null,"height":5}},{"type":"Feature","geometry":{"type":"Polygon","coordinates":[[[-3.0472485,53.1492969],[-3.0471776,53.1493574],[-3.0471333,53.1493388],[-3.047078,53.149386],[-3.04719,53.1494331],[-3.0473162,53.1493254],[-3.0472485,53.1492969]]]},"properties":{"kind":"building","building":"yes","name":null,"height":5}},{"type":"Feature","geometry":{"type":"Polygon","coordinates":[[[-3.0473848,53.1494802],[-3.0472869,53.1495763],[-3.0473493,53.1495992],[-3.047382,53.1495671],[-3.0474492,53.1495917],[-3.0475145,53.1495277],[-3.0473848,53.1494802]]]},"properties":{"kind":"building","building":"yes","name":null,"height":5}},{"type":"Feature","geometry":{"type":"Polygon","coordinates":[[[-3.0474588,53.1492428],[-3.047373,53.14932],[-3.0472746,53.1492807],[-3.0473604,53.1492035],[-3.0474588,53.1492428]]]},"properties":{"kind":"building","building":"yes","name":null,"height":5}},{"type":"Feature","geometry":{"type":"Polygon","coordinates":[[[-3.0477861,53.1493281],[-3.0477004,53.1494122],[-3.0476038,53.1493768],[-3.0476895,53.1492927],[-3.0477861,53.1493281]]]},"properties":{"kind":"building","building":"yes","name":null,"height":5}},{"type":"Feature","geometry":{"type":"Polygon","coordinates":[[[-3.0479695,53.1493033],[-3.0478883,53.1493707],[-3.0478418,53.1493505],[-3.0477874,53.1493956],[-3.0478876,53.1494391],[-3.0480231,53.1493266],[-3.0479695,53.1493033]]]},"properties":{"kind":"building","building":"yes","name":null,"height":5}},{"type":"Feature","geometry":{"type":"Polygon","coordinates":[[[-3.0482689,53.1490723],[-3.0482689,53.1491544],[-3.0481267,53.1491544],[-3.0481267,53.1490723],[-3.0482689,53.1490723]]]},"properties":{"kind":"building","building":"yes","name":null,"height":5}},{"type":"Feature","geometry":{"type":"Polygon","coordinates":[[[-3.0485693,53.1490562],[-3.0485693,53.1491141],[-3.0484459,53.1491141],[-3.0484459,53.1490562],[-3.0485693,53.1490562]]]},"properties":{"kind":"building","building":"yes","name":null,"height":5}},{"type":"Feature","geometry":{"type":"Polygon","coordinates":[[[-3.0485371,53.1491399],[-3.0485437,53.1492214],[-3.0484337,53.1492246],[-3.0484271,53.1491431],[-3.0485371,53.1491399]]]},"properties":{"kind":"building","building":"yes","name":null,"height":5}},{"type":"Feature","geometry":{"type":"Polygon","coordinates":[[[-3.0489582,53.1493265],[-3.0488858,53.1493924],[-3.0488144,53.1493642],[-3.0488868,53.1492983],[-3.0489582,53.1493265]]]},"properties":{"kind":"building","building":"yes","name":null,"height":5}},{"type":"Feature","geometry":{"type":"Polygon","coordinates":[[[-3.0488348,53.1492847],[-3.0487463,53.149357],[-3.0486633,53.1493205],[-3.0487518,53.1492481],[-3.0488348,53.1492847]]]},"properties":{"kind":"building","building":"yes","name":null,"height":5}},{"type":"Feature","geometry":{"type":"Polygon","coordinates":[[[-3.0484722,53.1492995],[-3.048323,53.1493021],[-3.0483193,53.1492268],[-3.0484194,53.149225],[-3.0484214,53.1492658],[-3.0484705,53.1492649],[-3.0484722,53.1492995]]]},"properties":{"kind":"building","building":"yes","name":null,"height":5}},{"type":"Feature","geometry":{"type":"Polygon","coordinates":[[[-3.0481978,53.1493562],[-3.048242,53.14932],[-3.0483487,53.1493669],[-3.0483044,53.1494031],[-3.0481978,53.1493562]]]},"properties":{"kind":"building","building":"yes","name":null,"height":5}},{"type":"Feature","geometry":{"type":"Polygon","coordinates":[[[-3.0481535,53.1493924],[-3.0481978,53.1493562],[-3.0483044,53.1494031],[-3.0482602,53.1494393],[-3.0481535,53.1493924]]]},"properties":{"kind":"building","building":"yes","name":null,"height":5}},{"type":"Feature","geometry":{"type":"Polygon","coordinates":[[[-3.0486712,53.1494568],[-3.048588,53.1495163],[-3.0484827,53.1494634],[-3.0485659,53.1494039],[-3.0486712,53.1494568]]]},"properties":{"kind":"building","building":"yes","name":null,"height":5}},{"type":"Feature","geometry":{"type":"Polygon","coordinates":[[[-3.0484915,53.1495975],[-3.0484432,53.1496369],[-3.0483431,53.1495928],[-3.0483914,53.1495534],[-3.0484915,53.1495975]]]},"properties":{"kind":"building","building":"yes","name":null,"height":5}},{"type":"Feature","geometry":{"type":"Polygon","coordinates":[[[-3.0485398,53.1495581],[-3.0484915,53.1495975],[-3.0483914,53.1495534],[-3.0484397,53.149514],[-3.0485398,53.1495581]]]},"properties":{"kind":"building","building":"yes","name":null,"height":5}},{"type":"Feature","geometry":{"type":"Polygon","coordinates":[[[-3.048327,53.1497999],[-3.0483788,53.1498203],[-3.0483067,53.1498864],[-3.0482548,53.149866],[-3.048327,53.1497999]]]},"properties":{"kind":"building","building":"yes","name":null,"height":5}},{"type":"Feature","geometry":{"type":"Polygon","coordinates":[[[-3.0482751,53.1497796],[-3.048327,53.1497999],[-3.0482548,53.149866],[-3.048203,53.1498456],[-3.0482751,53.1497796]]]},"properties":{"kind":"building","building":"yes","name":null,"height":5}},{"type":"Feature","geometry":{"type":"Polygon","coordinates":[[[-3.0482233,53.1497592],[-3.0482751,53.1497796],[-3.048203,53.1498456],[-3.0481511,53.1498252],[-3.0482233,53.1497592]]]},"properties":{"kind":"building","building":"yes","name":null,"height":5}},{"type":"Feature","geometry":{"type":"Polygon","coordinates":[[[-3.0479336,53.1496997],[-3.048014,53.1497286],[-3.0479513,53.1497913],[-3.0478709,53.1497624],[-3.0479336,53.1496997]]]},"properties":{"kind":"building","building":"yes","name":null,"height":5}},{"type":"Feature","geometry":{"type":"Polygon","coordinates":[[[-3.0478531,53.1496707],[-3.0479336,53.1496997],[-3.0478709,53.1497624],[-3.0477904,53.1497334],[-3.0478531,53.1496707]]]},"properties":{"kind":"building","building":"yes","name":null,"height":5}},{"type":"Feature","geometry":{"type":"Polygon","coordinates":[[[-3.0480342,53.1495115],[-3.0480811,53.1494729],[-3.0481702,53.1495118],[-3.0481232,53.1495504],[-3.0480342,53.1495115]]]},"properties":{"kind":"building","building":"yes","name":null,"height":5}},{"type":"Feature","geometry":{"type":"Polygon","coordinates":[[[-3.0479872,53.1495501],[-3.0480342,53.1495115],[-3.0481232,53.1495504],[-3.0480763,53.149589],[-3.0479872,53.1495501]]]},"properties":{"kind":"building","building":"yes","name":null,"height":5}},{"type":"Feature","geometry":{"type":"Polygon","coordinates":[[[-3.0448383,53.1491334],[-3.0448329,53.1491914],[-3.0450475,53.1492058],[-3.0450502,53.1491785],[-3.0448383,53.1491334]]]},"properties":{"kind":"building","building":"yes","name":null,"height":5}},{"type":"Feature","geometry":{"type":"Polygon","coordinates":[[[-3.0453578,53.1487492],[-3.0452841,53.1487203],[-3.045201,53.1487967],[-3.0453328,53.1488483],[-3.0453925,53.1487936],[-3.0453343,53.1487708],[-3.0453578,53.1487492]]]},"properties":{"kind":"building","building":"yes","name":null,"height":5}},{"type":"Feature","geometry":{"type":"Polygon","coordinates":[[[-3.045828,53.1489259],[-3.0457479,53.1489908],[-3.0456755,53.1489587],[-3.0457556,53.1488938],[-3.045828,53.1489259]]]},"properties":{"kind":"building","building":"yes","name":null,"height":5}},{"type":"Feature","geometry":{"type":"Polygon","coordinates":[[[-3.04571,53.1488632],[-3.0456316,53.1489237],[-3.045535,53.1488786],[-3.0456135,53.1488182],[-3.04571,53.1488632]]]},"properties":{"kind":"building","building":"yes","name":null,"height":5}},{"type":"Feature","geometry":{"type":"Polygon","coordinates":[[[-3.0469048,53.1487951],[-3.0468105,53.1487205],[-3.0467372,53.1487539],[-3.0467775,53.1487858],[-3.046684,53.1488283],[-3.0467379,53.148871],[-3.0469048,53.1487951]]]},"properties":{"kind":"building","building":"yes","name":null,"height":5}},{"type":"Feature","geometry":{"type":"Polygon","coordinates":[[[-3.0467695,53.1485801],[-3.0466649,53.1486267],[-3.0466226,53.1485926],[-3.0467272,53.148546],[-3.0467695,53.1485801]]]},"properties":{"kind":"building","building":"yes","name":null,"height":5}},{"type":"Feature","geometry":{"type":"Polygon","coordinates":[[[-3.0467856,53.1487039],[-3.0466874,53.1487426],[-3.0466257,53.1486863],[-3.0467239,53.1486476],[-3.0467856,53.1487039]]]},"properties":{"kind":"building","building":"yes","name":null,"height":5}},{"type":"Feature","geometry":{"type":"Polygon","coordinates":[[[-3.0466032,53.1485817],[-3.0464906,53.1486267],[-3.0464419,53.1485829],[-3.0465545,53.1485379],[-3.0466032,53.1485817]]]},"properties":{"kind":"building","building":"yes","name":null,"height":5}},{"type":"Feature","geometry":{"type":"Polygon","coordinates":[[[-3.0464664,53.1486444],[-3.0463833,53.148683],[-3.0463167,53.1486315],[-3.0463999,53.1485929],[-3.0464664,53.1486444]]]},"properties":{"kind":"building","building":"yes","name":null,"height":5}},{"type":"Feature","geometry":{"type":"Polygon","coordinates":[[[-3.0463779,53.1487281],[-3.0463243,53.1487474],[-3.0462906,53.1487138],[-3.0463443,53.1486945],[-3.0463779,53.1487281]]]},"properties":{"kind":"building","building":"yes","name":null,"height":5}},{"type":"Feature","geometry":{"type":"Polygon","coordinates":[[[-3.0462304,53.1487409],[-3.0461581,53.1487732],[-3.0460803,53.1487105],[-3.0461526,53.1486782],[-3.0462304,53.1487409]]]},"properties":{"kind":"building","building":"yes","name":null,"height":5}},{"type":"Feature","geometry":{"type":"Polygon","coordinates":[[[-3.0459595,53.1489549],[-3.0458968,53.1489993],[-3.0458271,53.1489639],[-3.0458897,53.1489195],[-3.0459595,53.1489549]]]},"properties":{"kind":"building","building":"yes","name":null,"height":5}},{"type":"Feature","geometry":{"type":"Polygon","coordinates":[[[-3.046158,53.1490466],[-3.0460946,53.1490933],[-3.0459659,53.1490306],[-3.0460292,53.1489838],[-3.046158,53.1490466]]]},"properties":{"kind":"building","building":"yes","name":null,"height":5}},{"type":"Feature","geometry":{"type":"Polygon","coordinates":[[[-3.0463511,53.1488149],[-3.0462701,53.1488554],[-3.046203,53.1488072],[-3.046284,53.1487667],[-3.0463511,53.1488149]]]},"properties":{"kind":"building","building":"yes","name":null,"height":5}},{"type":"Feature","geometry":{"type":"Polygon","coordinates":[[[-3.0464906,53.1488922],[-3.0463962,53.1489381],[-3.0463157,53.1488785],[-3.0464101,53.1488326],[-3.0464906,53.1488922]]]},"properties":{"kind":"building","building":"yes","name":null,"height":5}},{"type":"Feature","geometry":{"type":"Polygon","coordinates":[[[-3.0465683,53.1489629],[-3.0464667,53.1490072],[-3.0464024,53.1489542],[-3.046504,53.1489099],[-3.0465683,53.1489629]]]},"properties":{"kind":"building","building":"yes","name":null,"height":5}},{"type":"Feature","geometry":{"type":"Polygon","coordinates":[[[-3.046732,53.1490482],[-3.0466515,53.1490834],[-3.0465791,53.1490239],[-3.0466595,53.1489887],[-3.046732,53.1490482]]]},"properties":{"kind":"building","building":"yes","name":null,"height":5}},{"type":"Feature","geometry":{"type":"Polygon","coordinates":[[[-3.0467212,53.1489501],[-3.0466553,53.148968],[-3.0466285,53.1489326],[-3.0466944,53.1489147],[-3.0467212,53.1489501]]]},"properties":{"kind":"building","building":"yes","name":null,"height":5}},{"type":"Feature","geometry":{"type":"Polygon","coordinates":[[[-3.0468312,53.1489099],[-3.0467783,53.1489273],[-3.0467488,53.1488951],[-3.0468017,53.1488777],[-3.0468312,53.1489099]]]},"properties":{"kind":"building","building":"yes","name":null,"height":5}},{"type":"Feature","geometry":{"type":"Polygon","coordinates":[[[-3.0468902,53.1489292],[-3.046968,53.1489292],[-3.046968,53.1489951],[-3.0468902,53.1489951],[-3.0468902,53.1489292]]]},"properties":{"kind":"building","building":"yes","name":null,"height":5}},{"type":"Feature","geometry":{"type":"Polygon","coordinates":[[[-3.047145,53.1489935],[-3.0470297,53.1489983],[-3.0470202,53.1489168],[-3.0471355,53.148912],[-3.047145,53.1489935]]]},"properties":{"kind":"building","building":"yes","name":null,"height":5}},{"type":"Feature","geometry":{"type":"Polygon","coordinates":[[[-3.047314,53.1489903],[-3.047196,53.1489951],[-3.0471898,53.1489407],[-3.0473078,53.1489358],[-3.047314,53.1489903]]]},"properties":{"kind":"building","building":"yes","name":null,"height":5}},{"type":"Feature","geometry":{"type":"Polygon","coordinates":[[[-3.047381,53.149008],[-3.0473841,53.1490562],[-3.0473144,53.1490578],[-3.0473113,53.1490096],[-3.047381,53.149008]]]},"properties":{"kind":"building","building":"yes","name":null,"height":5}},{"type":"Feature","geometry":{"type":"Polygon","coordinates":[[[-3.0475849,53.1489501],[-3.0474883,53.1490128],[-3.0474053,53.1489669],[-3.0475019,53.1489041],[-3.0475849,53.1489501]]]},"properties":{"kind":"building","building":"yes","name":null,"height":5}},{"type":"Feature","geometry":{"type":"Polygon","coordinates":[[[-3.0475318,53.1487497],[-3.0473752,53.1487465],[-3.0473711,53.1488174],[-3.0475278,53.1488207],[-3.0475318,53.1487497]]]},"properties":{"kind":"building","building":"yes","name":null,"height":5}},{"type":"Feature","geometry":{"type":"Polygon","coordinates":[[[-3.047145,53.1485848],[-3.0469715,53.1485882],[-3.0469753,53.1486583],[-3.0470812,53.1486562],[-3.0470801,53.1486355],[-3.0471477,53.1486342],[-3.047145,53.1485848]]]},"properties":{"kind":"building","building":"yes","name":null,"height":5}},{"type":"Feature","geometry":{"type":"Polygon","coordinates":[[[-3.047313,53.1485933],[-3.0473123,53.1485647],[-3.0471973,53.1485665],[-3.0472,53.1486271],[-3.0472491,53.1486263],[-3.0472503,53.1486536],[-3.0473162,53.1486525],[-3.047313,53.1485933]]]},"properties":{"kind":"building","building":"yes","name":null,"height":5}},{"type":"Feature","geometry":{"type":"Polygon","coordinates":[[[-3.047369,53.148566],[-3.0473711,53.1485922],[-3.047313,53.1485933],[-3.0473162,53.1486525],[-3.0474571,53.1486496],[-3.0474502,53.1485637],[-3.047369,53.148566]]]},"properties":{"kind":"building","building":"yes","name":null,"height":5}},{"type":"Feature","geometry":{"type":"Polygon","coordinates":[[[-3.0476386,53.1486493],[-3.0476358,53.1485587],[-3.0475523,53.1485596],[-3.0475531,53.148583],[-3.0475033,53.1485836],[-3.0475055,53.1486508],[-3.0476386,53.1486493]]]},"properties":{"kind":"building","building":"yes","name":null,"height":5}},{"type":"Feature","geometry":{"type":"Polygon","coordinates":[[[-3.0477968,53.1485704],[-3.0478022,53.1486573],[-3.0477039,53.1486595],[-3.0476986,53.1485726],[-3.0477968,53.1485704]]]},"properties":{"kind":"building","building":"yes","name":null,"height":5}},{"type":"Feature","geometry":{"type":"Polygon","coordinates":[[[-3.0479795,53.1485795],[-3.047902,53.1485806],[-3.0479007,53.1485491],[-3.0478354,53.14855],[-3.0478387,53.1486342],[-3.0479816,53.1486322],[-3.0479795,53.1485795]]]},"properties":{"kind":"building","building":"yes","name":null,"height":5}},{"type":"Feature","geometry":{"type":"Polygon","coordinates":[[[-3.0481267,53.1486428],[-3.0480327,53.1486439],[-3.04803,53.1485586],[-3.048124,53.1485576],[-3.0481267,53.1486428]]]},"properties":{"kind":"building","building":"yes","name":null,"height":5}},{"type":"Feature","geometry":{"type":"Polygon","coordinates":[[[-3.0483225,53.1485415],[-3.0483324,53.1486344],[-3.0482063,53.1486392],[-3.0481964,53.1485463],[-3.0483225,53.1485415]]]},"properties":{"kind":"building","building":"yes","name":null,"height":5}},{"type":"Feature","geometry":{"type":"Polygon","coordinates":[[[-3.0484915,53.1486203],[-3.0483816,53.1486217],[-3.0483789,53.1485445],[-3.0484888,53.1485431],[-3.0484915,53.1486203]]]},"properties":{"kind":"building","building":"yes","name":null,"height":5}},{"type":"Feature","geometry":{"type":"Polygon","coordinates":[[[-3.0476385,53.1489131],[-3.0475687,53.1489138],[-3.047566,53.1488172],[-3.0476359,53.1488166],[-3.0476385,53.1489131]]]},"properties":{"kind":"building","building":"yes","name":null,"height":5}},{"type":"Feature","geometry":{"type":"Polygon","coordinates":[[[-3.0478397,53.1488423],[-3.0478502,53.1489147],[-3.0477268,53.1489211],[-3.0477163,53.1488487],[-3.0478397,53.1488423]]]},"properties":{"kind":"building","building":"yes","name":null,"height":5}},{"type":"Feature","geometry":{"type":"Polygon","coordinates":[[[-3.0479926,53.1489082],[-3.0478771,53.1489097],[-3.0478744,53.1488325],[-3.0479899,53.148831],[-3.0479926,53.1489082]]]},"properties":{"kind":"building","building":"yes","name":null,"height":5}},{"type":"Feature","geometry":{"type":"Polygon","coordinates":[[[-3.0481455,53.1489115],[-3.0480464,53.148915],[-3.0480384,53.1488346],[-3.0481374,53.148831],[-3.0481455,53.1489115]]]},"properties":{"kind":"building","building":"yes","name":null,"height":5}},{"type":"Feature","geometry":{"type":"Polygon","coordinates":[[[-3.0483431,53.1488224],[-3.048411,53.1488214],[-3.0484145,53.1489001],[-3.0483465,53.1489012],[-3.0483431,53.1488224]]]},"properties":{"kind":"building","building":"yes","name":null,"height":5}},{"type":"Feature","geometry":{"type":"Polygon","coordinates":[[[-3.0482751,53.1488235],[-3.0483431,53.1488224],[-3.0483465,53.1489012],[-3.0482786,53.1489023],[-3.0482751,53.1488235]]]},"properties":{"kind":"building","building":"yes","name":null,"height":5}},{"type":"Feature","geometry":{"type":"Polygon","coordinates":[[[-3.0482072,53.1488246],[-3.0482751,53.1488235],[-3.0482786,53.1489023],[-3.0482106,53.1489034],[-3.0482072,53.1488246]]]},"properties":{"kind":"building","building":"yes","name":null,"height":5}},{"type":"Feature","geometry":{"type":"Polygon","coordinates":[[[-3.0485854,53.1488273],[-3.0486256,53.1487876],[-3.0487457,53.1488314],[-3.0487055,53.1488711],[-3.0485854,53.1488273]]]},"properties":{"kind":"building","building":"yes","name":null,"height":5}},{"type":"Feature","geometry":{"type":"Polygon","coordinates":[[[-3.0485451,53.148867],[-3.0485854,53.1488273],[-3.0487055,53.1488711],[-3.0486652,53.1489108],[-3.0485451,53.148867]]]},"properties":{"kind":"building","building":"yes","name":null,"height":5}},{"type":"Feature","geometry":{"type":"Polygon","coordinates":[[[-3.0485049,53.1489066],[-3.0485451,53.148867],[-3.0486652,53.1489108],[-3.048625,53.1489504],[-3.0485049,53.1489066]]]},"properties":{"kind":"building","building":"yes","name":null,"height":5}},{"type":"Feature","geometry":{"type":"Polygon","coordinates":[[[-3.0487375,53.1485928],[-3.048669,53.1486688],[-3.0487957,53.1487098],[-3.0488361,53.1486649],[-3.0487728,53.1486444],[-3.0488008,53.1486133],[-3.0487375,53.1485928]]]},"properties":{"kind":"building","building":"yes","name":null,"height":5}},{"type":"Feature","geometry":{"type":"Polygon","coordinates":[[[-3.048698,53.1485753],[-3.0486269,53.1486448],[-3.0485438,53.1486143],[-3.0486149,53.1485447],[-3.048698,53.1485753]]]},"properties":{"kind":"building","building":"yes","name":null,"height":5}},{"type":"Feature","geometry":{"type":"Polygon","coordinates":[[[-3.0494338,53.1488332],[-3.04939,53.1488712],[-3.0492852,53.1488279],[-3.049329,53.1487898],[-3.0494338,53.1488332]]]},"properties":{"kind":"building","building":"yes","name":null,"height":5}},{"type":"Feature","geometry":{"type":"Polygon","coordinates":[[[-3.0494776,53.1487951],[-3.0494338,53.1488332],[-3.049329,53.1487898],[-3.0493728,53.1487517],[-3.0494776,53.1487951]]]},"properties":{"kind":"building","building":"yes","name":null,"height":5}},{"type":"Feature","geometry":{"type":"Polygon","coordinates":[[[-3.0495214,53.148757],[-3.0494776,53.1487951],[-3.0493728,53.1487517],[-3.0494166,53.1487136],[-3.0495214,53.148757]]]},"properties":{"kind":"building","building":"yes","name":null,"height":5}},{"type":"Feature","geometry":{"type":"Polygon","coordinates":[[[-3.0499077,53.1484723],[-3.0497253,53.1486235],[-3.049552,53.1485483],[-3.0497344,53.1483971],[-3.0499077,53.1484723]]]},"properties":{"kind":"building","building":"yes","name":null,"height":5}},{"type":"Feature","geometry":{"type":"Polygon","coordinates":[[[-3.0465576,53.1481763],[-3.0464101,53.1481795],[-3.0464056,53.1481056],[-3.0465531,53.1481024],[-3.0465576,53.1481763]]]},"properties":{"kind":"building","building":"yes","name":null,"height":5}},{"type":"Feature","geometry":{"type":"Polygon","coordinates":[[[-3.0465445,53.1480703],[-3.0465359,53.1479577],[-3.0464274,53.1479607],[-3.046433,53.1480332],[-3.0463763,53.1480347],[-3.0463794,53.1480748],[-3.0465445,53.1480703]]]},"properties":{"kind":"building","building":"yes","name":null,"height":5}},{"type":"Feature","geometry":{"type":"Polygon","coordinates":[[[-3.0465737,53.1479398],[-3.0464476,53.1479398],[-3.0464476,53.1478658],[-3.0465737,53.1478658],[-3.0465737,53.1479398]]]},"properties":{"kind":"building","building":"yes","name":null,"height":5}},{"type":"Feature","geometry":{"type":"Polygon","coordinates":[[[-3.046571,53.1478337],[-3.0464451,53.1478321],[-3.0464478,53.1477533],[-3.0465737,53.1477548],[-3.046571,53.1478337]]]},"properties":{"kind":"building","building":"yes","name":null,"height":5}},{"type":"Feature","geometry":{"type":"Polygon","coordinates":[[[-3.0468285,53.1479543],[-3.0468314,53.1479993],[-3.0467617,53.1480009],[-3.0467588,53.1479559],[-3.0468285,53.1479543]]]},"properties":{"kind":"building","building":"yes","name":null,"height":5}},{"type":"Feature","geometry":{"type":"Polygon","coordinates":[[[-3.0469841,53.1480959],[-3.0468419,53.1480959],[-3.0468419,53.1480074],[-3.0469841,53.1480074],[-3.0469841,53.1480959]]]},"properties":{"kind":"building","building":"yes","name":null,"height":5}},{"type":"Feature","geometry":{"type":"Polygon","coordinates":[[[-3.0470498,53.1482053],[-3.0469023,53.1482053],[-3.0469023,53.1481136],[-3.0469975,53.1481136],[-3.0469975,53.1481747],[-3.0470498,53.1481747],[-3.0470498,53.1482053]]]},"properties":{"kind":"building","building":"yes","name":null,"height":5}},{"type":"Feature","geometry":{"type":"Polygon","coordinates":[[[-3.0464812,53.1483718],[-3.0463377,53.1483742],[-3.0463344,53.148305],[-3.0464779,53.1483026],[-3.0464812,53.1483718]]]},"properties":{"kind":"building","building":"yes","name":null,"height":5}},{"type":"Feature","geometry":{"type":"Polygon","coordinates":[[[-3.0466247,53.1483694],[-3.0464812,53.1483718],[-3.0464779,53.1483026],[-3.0466214,53.1483001],[-3.0466247,53.1483694]]]},"properties":{"kind":"building","building":"yes","name":null,"height":5}},{"type":"Feature","geometry":{"type":"Polygon","coordinates":[[[-3.0467883,53.1483677],[-3.0466756,53.1483677],[-3.0466756,53.1482905],[-3.0467883,53.1482905],[-3.0467883,53.1483677]]]},"properties":{"kind":"building","building":"yes","name":null,"height":5}},{"type":"Feature","geometry":{"type":"Polygon","coordinates":[[[-3.0469546,53.1483854],[-3.0468392,53.1483854],[-3.0468392,53.1483114],[-3.0469546,53.1483114],[-3.0469546,53.1483854]]]},"properties":{"kind":"building","building":"yes","name":null,"height":5}},{"type":"Feature","geometry":{"type":"Polygon","coordinates":[[[-3.0471477,53.1483066],[-3.0471502,53.1483759],[-3.0470241,53.1483775],[-3.0470216,53.1483082],[-3.0471477,53.1483066]]]},"properties":{"kind":"building","building":"yes","name":null,"height":5}},{"type":"Feature","geometry":{"type":"Polygon","coordinates":[[[-3.0479996,53.1483129],[-3.0478635,53.1483148],[-3.047867,53.1484044],[-3.0479342,53.1484035],[-3.0479328,53.1483666],[-3.0480017,53.1483657],[-3.0479996,53.1483129]]]},"properties":{"kind":"building","building":"yes","name":null,"height":5}},{"type":"Feature","geometry":{"type":"Polygon","coordinates":[[[-3.0478263,53.1483983],[-3.047821,53.148309],[-3.0476718,53.1483122],[-3.047675,53.1483669],[-3.0477448,53.1483654],[-3.0477468,53.1484],[-3.0478263,53.1483983]]]},"properties":{"kind":"building","building":"yes","name":null,"height":5}},{"type":"Feature","geometry":{"type":"Polygon","coordinates":[[[-3.0476144,53.1483645],[-3.0474803,53.1483645],[-3.0474803,53.1482873],[-3.0476144,53.1482873],[-3.0476144,53.1483645]]]},"properties":{"kind":"building","building":"yes","name":null,"height":5}},{"type":"Feature","geometry":{"type":"Polygon","coordinates":[[[-3.0474481,53.1482857],[-3.0474573,53.1483584],[-3.0473151,53.1483648],[-3.0473059,53.1482921],[-3.0474481,53.1482857]]]},"properties":{"kind":"building","building":"yes","name":null,"height":5}},{"type":"Feature","geometry":{"type":"Polygon","coordinates":[[[-3.0473408,53.1482278],[-3.0472819,53.1482317],[-3.0472739,53.1481883],[-3.0473328,53.1481844],[-3.0473408,53.1482278]]]},"properties":{"kind":"building","building":"yes","name":null,"height":5}},{"type":"Feature","geometry":{"type":"Polygon","coordinates":[[[-3.0474642,53.1481876],[-3.047373,53.1481876],[-3.047373,53.1481055],[-3.0474642,53.1481055],[-3.0474642,53.1481876]]]},"properties":{"kind":"building","building":"yes","name":null,"height":5}},{"type":"Feature","geometry":{"type":"Polygon","coordinates":[[[-3.0474561,53.1480798],[-3.0473568,53.148081],[-3.0473542,53.1479989],[-3.0474535,53.1479978],[-3.0474561,53.1480798]]]},"properties":{"kind":"building","building":"yes","name":null,"height":5}},{"type":"Feature","geometry":{"type":"Polygon","coordinates":[[[-3.0476064,53.1479945],[-3.0475178,53.1479978],[-3.0475136,53.1479561],[-3.0476021,53.1479529],[-3.0476064,53.1479945]]]},"properties":{"kind":"building","building":"yes","name":null,"height":5}},{"type":"Feature","geometry":{"type":"Polygon","coordinates":[[[-3.0469032,53.1478134],[-3.0468165,53.1478153],[-3.0468138,53.1477709],[-3.0467423,53.1477725],[-3.0467485,53.1478733],[-3.0469066,53.1478698],[-3.0469032,53.1478134]]]},"properties":{"kind":"building","building":"yes","name":null,"height":5}},{"type":"Feature","geometry":{"type":"Polygon","coordinates":[[[-3.0470699,53.1478079],[-3.0470699,53.1478835],[-3.0469546,53.1478835],[-3.0469546,53.1478079],[-3.0470699,53.1478079]]]},"properties":{"kind":"building","building":"yes","name":null,"height":5}},{"type":"Feature","geometry":{"type":"Polygon","coordinates":[[[-3.0472523,53.1478803],[-3.0471209,53.1478835],[-3.0471157,53.1478081],[-3.0472472,53.1478048],[-3.0472523,53.1478803]]]},"properties":{"kind":"building","building":"yes","name":null,"height":5}},{"type":"Feature","geometry":{"type":"Polygon","coordinates":[[[-3.0474052,53.1477967],[-3.047411,53.1478659],[-3.0473037,53.1478691],[-3.0472979,53.1477999],[-3.0474052,53.1477967]]]},"properties":{"kind":"building","building":"yes","name":null,"height":5}},{"type":"Feature","geometry":{"type":"Polygon","coordinates":[[[-3.0475768,53.147861],[-3.0474535,53.1478642],[-3.0474487,53.1477984],[-3.0475721,53.1477952],[-3.0475768,53.147861]]]},"properties":{"kind":"building","building":"yes","name":null,"height":5}},{"type":"Feature","geometry":{"type":"Polygon","coordinates":[[[-3.0477754,53.1476497],[-3.0477076,53.147651],[-3.0477116,53.1477223],[-3.0478349,53.1477198],[-3.047831,53.1476485],[-3.0477754,53.1476497]]]},"properties":{"kind":"building","building":"yes","name":null,"height":5}},{"type":"Feature","geometry":{"type":"Polygon","coordinates":[[[-3.0479457,53.1477396],[-3.0478719,53.1477404],[-3.0478697,53.1476696],[-3.0479435,53.1476688],[-3.0479457,53.1477396]]]},"properties":{"kind":"building","building":"yes","name":null,"height":5}},{"type":"Feature","geometry":{"type":"Polygon","coordinates":[[[-3.0480194,53.1477388],[-3.0479457,53.1477396],[-3.0479435,53.1476688],[-3.0480173,53.147668],[-3.0480194,53.1477388]]]},"properties":{"kind":"building","building":"yes","name":null,"height":5}},{"type":"Feature","geometry":{"type":"Polygon","coordinates":[[[-3.0481959,53.147723],[-3.0480595,53.1477317],[-3.0480434,53.1476412],[-3.0481112,53.1476368],[-3.0481181,53.1476752],[-3.0481866,53.1476708],[-3.0481959,53.147723]]]},"properties":{"kind":"building","building":"yes","name":null,"height":5}},{"type":"Feature","geometry":{"type":"Polygon","coordinates":[[[-3.0483615,53.1476274],[-3.0483693,53.1477166],[-3.0482381,53.1477208],[-3.0482327,53.1476592],[-3.0482915,53.1476574],[-3.0482891,53.1476297],[-3.0483615,53.1476274]]]},"properties":{"kind":"building","building":"yes","name":null,"height":5}},{"type":"Feature","geometry":{"type":"Polygon","coordinates":[[[-3.0485585,53.1476696],[-3.0484486,53.147676],[-3.0484382,53.1476123],[-3.0485482,53.1476058],[-3.0485585,53.1476696]]]},"properties":{"kind":"building","building":"yes","name":null,"height":5}},{"type":"Feature","geometry":{"type":"Polygon","coordinates":[[[-3.0483681,53.1481578],[-3.0483681,53.1482037],[-3.0482528,53.1482037],[-3.0482528,53.1481578],[-3.0483681,53.1481578]]]},"properties":{"kind":"building","building":"yes","name":null,"height":5}},{"type":"Feature","geometry":{"type":"Polygon","coordinates":[[[-3.0483681,53.148112],[-3.0483681,53.1481578],[-3.0482528,53.1481578],[-3.0482528,53.148112],[-3.0483681,53.148112]]]},"properties":{"kind":"building","building":"yes","name":null,"height":5}},{"type":"Feature","geometry":{"type":"Polygon","coordinates":[[[-3.0482712,53.1483944],[-3.048193,53.1483954],[-3.0481903,53.1483166],[-3.0482685,53.1483156],[-3.0482712,53.1483944]]]},"properties":{"kind":"building","building":"yes","name":null,"height":5}},{"type":"Feature","geometry":{"type":"Polygon","coordinates":[[[-3.0483493,53.1483935],[-3.0482712,53.1483944],[-3.0482685,53.1483156],[-3.0483466,53.1483147],[-3.0483493,53.1483935]]]},"properties":{"kind":"building","building":"yes","name":null,"height":5}},{"type":"Feature","geometry":{"type":"Polygon","coordinates":[[[-3.0484486,53.1483677],[-3.048403,53.1483677],[-3.048403,53.1482954],[-3.0484486,53.1482954],[-3.0484486,53.1483677]]]},"properties":{"kind":"building","building":"yes","name":null,"height":5}},{"type":"Feature","geometry":{"type":"Polygon","coordinates":[[[-3.0486631,53.1483661],[-3.0485532,53.1483967],[-3.0484973,53.1483243],[-3.0486072,53.1482938],[-3.0486631,53.1483661]]]},"properties":{"kind":"building","building":"yes","name":null,"height":5}},{"type":"Feature","geometry":{"type":"Polygon","coordinates":[[[-3.0488173,53.1482494],[-3.048673,53.1482839],[-3.048719,53.148353],[-3.0487951,53.1483348],[-3.0487777,53.1483086],[-3.0488458,53.1482922],[-3.0488173,53.1482494]]]},"properties":{"kind":"building","building":"yes","name":null,"height":5}},{"type":"Feature","geometry":{"type":"Polygon","coordinates":[[[-3.0488412,53.1480586],[-3.0487164,53.1480863],[-3.0487505,53.1481416],[-3.0488376,53.1481222],[-3.0488256,53.1481027],[-3.0488632,53.1480944],[-3.0488412,53.1480586]]]},"properties":{"kind":"building","building":"yes","name":null,"height":5}},{"type":"Feature","geometry":{"type":"Polygon","coordinates":[[[-3.0487387,53.1479547],[-3.0486164,53.1479894],[-3.0486767,53.1480659],[-3.0487489,53.1480455],[-3.0487175,53.1480056],[-3.0487676,53.1479914],[-3.0487387,53.1479547]]]},"properties":{"kind":"building","building":"yes","name":null,"height":5}},{"type":"Feature","geometry":{"type":"Polygon","coordinates":[[[-3.048698,53.1478843],[-3.0487248,53.1479254],[-3.0486197,53.1479501],[-3.0485929,53.1479091],[-3.048698,53.1478843]]]},"properties":{"kind":"building","building":"yes","name":null,"height":5}},{"type":"Feature","geometry":{"type":"Polygon","coordinates":[[[-3.0486712,53.1478433],[-3.048698,53.1478843],[-3.0485929,53.1479091],[-3.048566,53.1478681],[-3.0486712,53.1478433]]]},"properties":{"kind":"building","building":"yes","name":null,"height":5}},{"type":"Feature","geometry":{"type":"Polygon","coordinates":[[[-3.0486149,53.1478144],[-3.0484942,53.1478465],[-3.0484553,53.1477942],[-3.048576,53.147762],[-3.0486149,53.1478144]]]},"properties":{"kind":"building","building":"yes","name":null,"height":5}},{"type":"Feature","geometry":{"type":"Polygon","coordinates":[[[-3.0483681,53.1479865],[-3.0482447,53.1479881],[-3.0482423,53.1479206],[-3.0483657,53.147919],[-3.0483681,53.1479865]]]},"properties":{"kind":"building","building":"yes","name":null,"height":5}},{"type":"Feature","geometry":{"type":"Polygon","coordinates":[[[-3.0481079,53.1479302],[-3.048175,53.1479302],[-3.048175,53.1479945],[-3.0481079,53.1479945],[-3.0481079,53.1479302]]]},"properties":{"kind":"building","building":"house","name":null,"height":5}},{"type":"Feature","geometry":{"type":"Polygon","coordinates":[[[-3.0480409,53.1479302],[-3.0481079,53.1479302],[-3.0481079,53.1479945],[-3.0480409,53.1479945],[-3.0480409,53.1479302]]]},"properties":{"kind":"building","building":"house","name":null,"height":5}},{"type":"Feature","geometry":{"type":"Polygon","coordinates":[[[-3.0479108,53.1480468],[-3.0479121,53.1480862],[-3.0477994,53.1480876],[-3.047798,53.1480482],[-3.0479108,53.1480468]]]},"properties":{"kind":"building","building":"yes","name":null,"height":5}},{"type":"Feature","geometry":{"type":"Polygon","coordinates":[[[-3.0479094,53.1480074],[-3.0479108,53.1480468],[-3.047798,53.1480482],[-3.0477967,53.1480088],[-3.0479094,53.1480074]]]},"properties":{"kind":"building","building":"yes","name":null,"height":5}},{"type":"Feature","geometry":{"type":"Polygon","coordinates":[[[-3.0479081,53.147968],[-3.0479094,53.1480074],[-3.0477967,53.1480088],[-3.0477953,53.1479694],[-3.0479081,53.147968]]]},"properties":{"kind":"building","building":"yes","name":null,"height":5}},{"type":"Feature","geometry":{"type":"Polygon","coordinates":[[[-3.0479068,53.1479286],[-3.0479081,53.147968],[-3.0477953,53.1479694],[-3.047794,53.14793],[-3.0479068,53.1479286]]]},"properties":{"kind":"building","building":"yes","name":null,"height":5}},{"type":"Feature","geometry":{"type":"Polygon","coordinates":[[[-3.0479229,53.1481642],[-3.0479255,53.1482069],[-3.0478183,53.1482093],[-3.0478156,53.1481667],[-3.0479229,53.1481642]]]},"properties":{"kind":"building","building":"yes","name":null,"height":5}},{"type":"Feature","geometry":{"type":"Polygon","coordinates":[[[-3.0479202,53.1481216],[-3.0479229,53.1481642],[-3.0478156,53.1481667],[-3.0478129,53.148124],[-3.0479202,53.1481216]]]},"properties":{"kind":"building","building":"yes","name":null,"height":5}},{"type":"Feature","geometry":{"type":"Polygon","coordinates":[[[-3.0493417,53.1477114],[-3.0492291,53.1477307],[-3.0492001,53.14767],[-3.0493128,53.1476506],[-3.0493417,53.1477114]]]},"properties":{"kind":"building","building":"yes","name":null,"height":5}},{"type":"Feature","geometry":{"type":"Polygon","coordinates":[[[-3.049331,53.1476181],[-3.0491889,53.147639],[-3.0491656,53.1475821],[-3.0493077,53.1475612],[-3.049331,53.1476181]]]},"properties":{"kind":"building","building":"yes","name":null,"height":5}},{"type":"Feature","geometry":{"type":"Polygon","coordinates":[[[-3.0492908,53.1475296],[-3.0491567,53.1475522],[-3.0491305,53.1474961],[-3.0492646,53.1474736],[-3.0492908,53.1475296]]]},"properties":{"kind":"building","building":"yes","name":null,"height":5}},{"type":"Feature","geometry":{"type":"Polygon","coordinates":[[[-3.0492184,53.147454],[-3.0491204,53.1474669],[-3.0490962,53.147401],[-3.0491942,53.1473881],[-3.0492184,53.147454]]]},"properties":{"kind":"building","building":"yes","name":null,"height":5}},{"type":"Feature","geometry":{"type":"Polygon","coordinates":[[[-3.0491889,53.1473607],[-3.0490574,53.1473816],[-3.0490288,53.147317],[-3.0491603,53.1472961],[-3.0491889,53.1473607]]]},"properties":{"kind":"building","building":"yes","name":null,"height":5}},{"type":"Feature","geometry":{"type":"Polygon","coordinates":[[[-3.0491594,53.1472674],[-3.0490145,53.1472883],[-3.048995,53.1472397],[-3.0491398,53.1472188],[-3.0491594,53.1472674]]]},"properties":{"kind":"building","building":"yes","name":null,"height":5}},{"type":"Feature","geometry":{"type":"Polygon","coordinates":[[[-3.0491218,53.1471822],[-3.0489823,53.1472031],[-3.0489618,53.1471539],[-3.0491013,53.147133],[-3.0491218,53.1471822]]]},"properties":{"kind":"building","building":"yes","name":null,"height":5}},{"type":"Feature","geometry":{"type":"Polygon","coordinates":[[[-3.0490891,53.147107],[-3.049061,53.1470346],[-3.0489179,53.1470545],[-3.0489311,53.1470887],[-3.0489642,53.1470841],[-3.048979,53.1471223],[-3.0490891,53.147107]]]},"properties":{"kind":"building","building":"yes","name":null,"height":5}},{"type":"Feature","geometry":{"type":"Polygon","coordinates":[[[-3.0495322,53.1470293],[-3.0495536,53.1470712],[-3.0494398,53.1470922],[-3.0494183,53.1470503],[-3.0495322,53.1470293]]]},"properties":{"kind":"building","building":"yes","name":null,"height":5}},{"type":"Feature","geometry":{"type":"Polygon","coordinates":[[[-3.0495107,53.1469875],[-3.0495322,53.1470293],[-3.0494183,53.1470503],[-3.0493969,53.1470085],[-3.0495107,53.1469875]]]},"properties":{"kind":"building","building":"yes","name":null,"height":5}},{"type":"Feature","geometry":{"type":"Polygon","coordinates":[[[-3.0495858,53.1471822],[-3.0494491,53.1472031],[-3.0494196,53.147134],[-3.0495563,53.147113],[-3.0495858,53.1471822]]]},"properties":{"kind":"building","building":"yes","name":null,"height":5}},{"type":"Feature","geometry":{"type":"Polygon","coordinates":[[[-3.0496421,53.1472594],[-3.0496636,53.1473028],[-3.0495246,53.1473275],[-3.0495032,53.1472841],[-3.0496421,53.1472594]]]},"properties":{"kind":"building","building":"yes","name":null,"height":5}},{"type":"Feature","geometry":{"type":"Polygon","coordinates":[[[-3.0496207,53.1472159],[-3.0496421,53.1472594],[-3.0495032,53.1472841],[-3.0494817,53.1472406],[-3.0496207,53.1472159]]]},"properties":{"kind":"building","building":"yes","name":null,"height":5}},{"type":"Feature","geometry":{"type":"Polygon","coordinates":[[[-3.0497146,53.1474235],[-3.0495765,53.1474464],[-3.0495416,53.1473708],[-3.0496797,53.1473479],[-3.0497146,53.1474235]]]},"properties":{"kind":"building","building":"yes","name":null,"height":5}},{"type":"Feature","geometry":{"type":"Polygon","coordinates":[[[-3.0497494,53.1475248],[-3.0496193,53.1475482],[-3.0495871,53.1474839],[-3.0497173,53.1474605],[-3.0497494,53.1475248]]]},"properties":{"kind":"building","building":"yes","name":null,"height":5}},{"type":"Feature","geometry":{"type":"Polygon","coordinates":[[[-3.0497964,53.1476044],[-3.0498165,53.1476455],[-3.0496932,53.1476672],[-3.0496731,53.1476262],[-3.0497964,53.1476044]]]},"properties":{"kind":"building","building":"yes","name":null,"height":5}},{"type":"Feature","geometry":{"type":"Polygon","coordinates":[[[-3.0497763,53.1475634],[-3.0497964,53.1476044],[-3.0496731,53.1476262],[-3.049653,53.1475852],[-3.0497763,53.1475634]]]},"properties":{"kind":"building","building":"yes","name":null,"height":5}},{"type":"Feature","geometry":{"type":"Polygon","coordinates":[[[-3.0462062,53.1479205],[-3.046091,53.1479179],[-3.0460963,53.1478342],[-3.0462116,53.1478369],[-3.0462062,53.1479205]]]},"properties":{"kind":"building","building":"yes","name":null,"height":5}},{"type":"Feature","geometry":{"type":"Polygon","coordinates":[[[-3.046056,53.1479254],[-3.0459359,53.1479281],[-3.0459306,53.1478445],[-3.0460507,53.1478417],[-3.046056,53.1479254]]]},"properties":{"kind":"building","building":"yes","name":null,"height":5}},{"type":"Feature","geometry":{"type":"Polygon","coordinates":[[[-3.0457771,53.1478948],[-3.0458886,53.1478904],[-3.0458966,53.1479644],[-3.0457851,53.1479688],[-3.0457771,53.1478948]]]},"properties":{"kind":"building","building":"yes","name":null,"height":5}},{"type":"Feature","geometry":{"type":"Polygon","coordinates":[[[-3.045828,53.1480251],[-3.0457967,53.1480646],[-3.0457403,53.1480485],[-3.0457717,53.148009],[-3.045828,53.1480251]]]},"properties":{"kind":"building","building":"yes","name":null,"height":5}},{"type":"Feature","geometry":{"type":"Polygon","coordinates":[[[-3.0458388,53.148157],[-3.0457542,53.1481812],[-3.0457006,53.1481136],[-3.0457851,53.1480894],[-3.0458388,53.148157]]]},"properties":{"kind":"building","building":"yes","name":null,"height":5}},{"type":"Feature","geometry":{"type":"Polygon","coordinates":[[[-3.0461097,53.1482825],[-3.0460397,53.1483119],[-3.0460021,53.1482797],[-3.0460721,53.1482503],[-3.0461097,53.1482825]]]},"properties":{"kind":"building","building":"yes","name":null,"height":5}},{"type":"Feature","geometry":{"type":"Polygon","coordinates":[[[-3.0458951,53.1482391],[-3.0457888,53.1482988],[-3.0457084,53.1482473],[-3.0458146,53.1481876],[-3.0458951,53.1482391]]]},"properties":{"kind":"building","building":"yes","name":null,"height":5}},{"type":"Feature","geometry":{"type":"Polygon","coordinates":[[[-3.0459756,53.1483468],[-3.0458885,53.1484023],[-3.0457973,53.1483509],[-3.0458844,53.1482954],[-3.0459756,53.1483468]]]},"properties":{"kind":"building","building":"yes","name":null,"height":5}},{"type":"Feature","geometry":{"type":"Polygon","coordinates":[[[-3.046166,53.1484337],[-3.0460661,53.14849],[-3.0459829,53.1484369],[-3.0460829,53.1483806],[-3.046166,53.1484337]]]},"properties":{"kind":"building","building":"yes","name":null,"height":5}},{"type":"Feature","geometry":{"type":"Polygon","coordinates":[[[-3.0460534,53.1485093],[-3.0459702,53.1485576],[-3.0459107,53.1485207],[-3.0459939,53.1484724],[-3.0460534,53.1485093]]]},"properties":{"kind":"building","building":"yes","name":null,"height":5}},{"type":"Feature","geometry":{"type":"Polygon","coordinates":[[[-3.0459943,53.1486106],[-3.04593,53.148646],[-3.0459006,53.1486268],[-3.045965,53.1485914],[-3.0459943,53.1486106]]]},"properties":{"kind":"building","building":"yes","name":null,"height":5}},{"type":"Feature","geometry":{"type":"Polygon","coordinates":[[[-3.0458415,53.1485839],[-3.0457231,53.1485612],[-3.0456955,53.1486131],[-3.0457515,53.1486238],[-3.045734,53.1486567],[-3.0457963,53.1486687],[-3.0458415,53.1485839]]]},"properties":{"kind":"building","building":"yes","name":null,"height":5}},{"type":"Feature","geometry":{"type":"Polygon","coordinates":[[[-3.0456752,53.1485527],[-3.0456384,53.1486079],[-3.0454774,53.1485693],[-3.0455142,53.1485141],[-3.0456752,53.1485527]]]},"properties":{"kind":"building","building":"yes","name":null,"height":5}},{"type":"Feature","geometry":{"type":"Polygon","coordinates":[[[-3.0454767,53.1484852],[-3.0454404,53.1485552],[-3.0453197,53.1485327],[-3.045356,53.1484627],[-3.0454767,53.1484852]]]},"properties":{"kind":"building","building":"yes","name":null,"height":5}},{"type":"Feature","geometry":{"type":"Polygon","coordinates":[[[-3.0452809,53.1484047],[-3.045276,53.1484399],[-3.0452116,53.1484367],[-3.0452165,53.1484015],[-3.0452809,53.1484047]]]},"properties":{"kind":"building","building":"yes","name":null,"height":5}},{"type":"Feature","geometry":{"type":"Polygon","coordinates":[[[-3.0450073,53.1479817],[-3.0448517,53.1479817],[-3.0448517,53.1479125],[-3.0450073,53.1479125],[-3.0450073,53.1479817]]]},"properties":{"kind":"building","building":"yes","name":null,"height":5}},{"type":"Feature","geometry":{"type":"Polygon","coordinates":[[[-3.0451345,53.1478119],[-3.0449554,53.1478054],[-3.0449573,53.1477867],[-3.0448467,53.1477826],[-3.0448379,53.1478689],[-3.0450656,53.1478772],[-3.0450699,53.1478351],[-3.0451319,53.1478374],[-3.0451345,53.1478119]]]},"properties":{"kind":"building","building":"yes","name":null,"height":5}},{"type":"Feature","geometry":{"type":"Polygon","coordinates":[[[-3.0448595,53.1476374],[-3.0448494,53.1477603],[-3.0450826,53.1477671],[-3.0450851,53.1477366],[-3.0450154,53.1477345],[-3.045023,53.1476422],[-3.0448595,53.1476374]]]},"properties":{"kind":"building","building":"yes","name":null,"height":5}},{"type":"Feature","geometry":{"type":"Polygon","coordinates":[[[-3.0450046,53.1476004],[-3.0448866,53.147602],[-3.0448849,53.1475586],[-3.045003,53.147557],[-3.0450046,53.1476004]]]},"properties":{"kind":"building","building":"yes","name":null,"height":5}},{"type":"Feature","geometry":{"type":"Polygon","coordinates":[[[-3.0452224,53.1475065],[-3.0451362,53.1474992],[-3.0451464,53.1474559],[-3.0450786,53.1474502],[-3.0450861,53.1474181],[-3.0449615,53.1474075],[-3.0449329,53.1475287],[-3.0451137,53.1475441],[-3.045118,53.1475257],[-3.0452159,53.147534],[-3.0452224,53.1475065]]]},"properties":{"kind":"building","building":"yes","name":null,"height":5}},{"type":"Feature","geometry":{"type":"Polygon","coordinates":[[[-3.045214,53.1473495],[-3.0451305,53.1473446],[-3.0451389,53.147293],[-3.0450053,53.1472852],[-3.0449909,53.1473746],[-3.0452079,53.1473872],[-3.045214,53.1473495]]]},"properties":{"kind":"building","building":"yes","name":null,"height":5}},{"type":"Feature","geometry":{"type":"Polygon","coordinates":[[[-3.0452793,53.1472028],[-3.0450692,53.1471937],[-3.0450607,53.1472643],[-3.0452023,53.1472704],[-3.0452062,53.1472378],[-3.0452747,53.1472408],[-3.0452793,53.1472028]]]},"properties":{"kind":"building","building":"yes","name":null,"height":5}},{"type":"Feature","geometry":{"type":"Polygon","coordinates":[[[-3.0454579,53.1472433],[-3.0454509,53.1473092],[-3.0453248,53.1473044],[-3.0453318,53.1472385],[-3.0454579,53.1472433]]]},"properties":{"kind":"building","building":"yes","name":null,"height":5}},{"type":"Feature","geometry":{"type":"Polygon","coordinates":[[[-3.0456671,53.1471259],[-3.0455491,53.1471242],[-3.0455506,53.1470857],[-3.0456686,53.1470873],[-3.0456671,53.1471259]]]},"properties":{"kind":"building","building":"yes","name":null,"height":5}},{"type":"Feature","geometry":{"type":"Polygon","coordinates":[[[-3.0451253,53.1489179],[-3.0449483,53.1489034],[-3.0449619,53.1488435],[-3.0451389,53.148858],[-3.0451253,53.1489179]]]},"properties":{"kind":"building","building":"yes","name":null,"height":5}},{"type":"Feature","geometry":{"type":"Polygon","coordinates":[[[-3.0450556,53.1482101],[-3.0450494,53.1482935],[-3.0449287,53.1482903],[-3.0449349,53.1482069],[-3.0450556,53.1482101]]]},"properties":{"kind":"building","building":"yes","name":null,"height":5}},{"type":"Feature","geometry":{"type":"Polygon","coordinates":[[[-3.0451039,53.1483179],[-3.0451052,53.1483629],[-3.044955,53.1483645],[-3.0449536,53.1483195],[-3.0451039,53.1483179]]]},"properties":{"kind":"building","building":"yes","name":null,"height":5}},{"type":"Feature","geometry":{"type":"Polygon","coordinates":[[[-3.0450422,53.1484932],[-3.0449403,53.1484919],[-3.044943,53.1484147],[-3.0450448,53.148416],[-3.0450422,53.1484932]]]},"properties":{"kind":"building","building":"yes","name":null,"height":5}},{"type":"Feature","geometry":{"type":"Polygon","coordinates":[[[-3.045055,53.1490174],[-3.045051,53.149067],[-3.0449745,53.1490648],[-3.0449701,53.1491187],[-3.0451538,53.149124],[-3.0451584,53.1490664],[-3.0451208,53.1490653],[-3.0451245,53.1490195],[-3.045055,53.1490174]]]},"properties":{"kind":"building","building":"yes","name":null,"height":5}},{"type":"Feature","geometry":{"type":"Polygon","coordinates":[[[-3.0452326,53.1491785],[-3.0452068,53.1492164],[-3.0451344,53.1491987],[-3.0451602,53.1491608],[-3.0452326,53.1491785]]]},"properties":{"kind":"building","building":"yes","name":null,"height":5}},{"type":"Feature","geometry":{"type":"Polygon","coordinates":[[[-3.0453077,53.1494922],[-3.0451709,53.1495195],[-3.0451516,53.1494848],[-3.0452884,53.1494574],[-3.0453077,53.1494922]]]},"properties":{"kind":"building","building":"yes","name":null,"height":5}},{"type":"Feature","geometry":{"type":"Polygon","coordinates":[[[-3.0449933,53.1495329],[-3.0449887,53.1495567],[-3.0449146,53.1495516],[-3.0449045,53.1496033],[-3.0451055,53.1496174],[-3.0451126,53.149581],[-3.0450601,53.1495773],[-3.0450677,53.1495381],[-3.0449933,53.1495329]]]},"properties":{"kind":"building","building":"yes","name":null,"height":5}},{"type":"Feature","geometry":{"type":"Polygon","coordinates":[[[-3.0449396,53.1492915],[-3.044951,53.14923],[-3.0450705,53.1492379],[-3.0450591,53.1492995],[-3.0449396,53.1492915]]]},"properties":{"kind":"building","building":"yes","name":null,"height":5}},{"type":"Feature","geometry":{"type":"Polygon","coordinates":[[[-3.0449282,53.149353],[-3.0449396,53.1492915],[-3.0450591,53.1492995],[-3.0450477,53.149361],[-3.0449282,53.149353]]]},"properties":{"kind":"building","building":"yes","name":null,"height":5}},{"type":"Feature","geometry":{"type":"Polygon","coordinates":[[[-3.0449168,53.1494146],[-3.0449282,53.149353],[-3.0450477,53.149361],[-3.0450363,53.1494225],[-3.0449168,53.1494146]]]},"properties":{"kind":"building","building":"yes","name":null,"height":5}},{"type":"Feature","geometry":{"type":"Polygon","coordinates":[[[-3.0449054,53.1494761],[-3.0449168,53.1494146],[-3.0450363,53.1494225],[-3.0450249,53.149484],[-3.0449054,53.1494761]]]},"properties":{"kind":"building","building":"yes","name":null,"height":5}},{"type":"Feature","geometry":{"type":"Polygon","coordinates":[[[-3.0450851,53.1496595],[-3.0450724,53.1497408],[-3.0448149,53.1497263],[-3.0448276,53.149645],[-3.0450851,53.1496595]]]},"properties":{"kind":"building","building":"yes","name":null,"height":5}},{"type":"Feature","geometry":{"type":"Polygon","coordinates":[[[-3.0450727,53.1498436],[-3.0450762,53.1498171],[-3.0449389,53.1498105],[-3.0449415,53.1497904],[-3.0448174,53.1497844],[-3.0448111,53.149831],[-3.0450727,53.1498436]]]},"properties":{"kind":"building","building":"yes","name":null,"height":5}},{"type":"Feature","geometry":{"type":"Polygon","coordinates":[[[-3.0450727,53.1498436],[-3.0448111,53.149831],[-3.0448034,53.1498818],[-3.0449306,53.1498892],[-3.0449335,53.1498711],[-3.0450663,53.1498787],[-3.0450727,53.1498436]]]},"properties":{"kind":"building","building":"yes","name":null,"height":5}},{"type":"Feature","geometry":{"type":"Polygon","coordinates":[[[-3.0450395,53.1507822],[-3.0449161,53.1507839],[-3.0449138,53.1507213],[-3.0450372,53.1507197],[-3.0450395,53.1507822]]]},"properties":{"kind":"building","building":"yes","name":null,"height":5}},{"type":"Feature","geometry":{"type":"Polygon","coordinates":[[[-3.0510423,53.1587663],[-3.0510888,53.1587758],[-3.0510405,53.1588611],[-3.050994,53.1588516],[-3.0510423,53.1587663]]]},"properties":{"kind":"building","building":"yes","name":null,"height":5}},{"type":"Feature","geometry":{"type":"Polygon","coordinates":[[[-3.0508947,53.1587889],[-3.0508733,53.1588355],[-3.0507991,53.1588232],[-3.0508206,53.1587766],[-3.0508947,53.1587889]]]},"properties":{"kind":"building","building":"yes","name":null,"height":5}},{"type":"Feature","geometry":{"type":"Polygon","coordinates":[[[-3.0509698,53.1586152],[-3.0509082,53.1587503],[-3.0508255,53.1587367],[-3.0508872,53.1586016],[-3.0509698,53.1586152]]]},"properties":{"kind":"building","building":"yes","name":null,"height":5}},{"type":"Feature","geometry":{"type":"Polygon","coordinates":[[[-3.0506265,53.1585508],[-3.0507319,53.1585643],[-3.0506648,53.1587525],[-3.0505595,53.158739],[-3.0506265,53.1585508]]]},"properties":{"kind":"building","building":"yes","name":null,"height":5}},{"type":"Feature","geometry":{"type":"Polygon","coordinates":[[[-3.0480865,53.1583289],[-3.0479714,53.1583381],[-3.0479499,53.1582416],[-3.048065,53.1582324],[-3.0480865,53.1583289]]]},"properties":{"kind":"building","building":"yes","name":null,"height":5}},{"type":"Feature","geometry":{"type":"Polygon","coordinates":[[[-3.0483171,53.1584415],[-3.0483191,53.1584736],[-3.0482467,53.1584752],[-3.0482447,53.1584431],[-3.0483171,53.1584415]]]},"properties":{"kind":"building","building":"yes","name":null,"height":5}},{"type":"Feature","geometry":{"type":"Polygon","coordinates":[[[-3.0483332,53.1583627],[-3.0482106,53.1583726],[-3.0481865,53.1582648],[-3.0483091,53.1582549],[-3.0483332,53.1583627]]]},"properties":{"kind":"building","building":"yes","name":null,"height":5}},{"type":"Feature","geometry":{"type":"Polygon","coordinates":[[[-3.0485022,53.1583643],[-3.0484256,53.1583708],[-3.0484068,53.158292],[-3.0484834,53.1582855],[-3.0485022,53.1583643]]]},"properties":{"kind":"building","building":"yes","name":null,"height":5}},{"type":"Feature","geometry":{"type":"Polygon","coordinates":[[[-3.0488938,53.1582967],[-3.0489198,53.1583796],[-3.0486918,53.1584053],[-3.0486658,53.1583225],[-3.0488938,53.1582967]]]},"properties":{"kind":"building","building":"yes","name":null,"height":5}},{"type":"Feature","geometry":{"type":"Polygon","coordinates":[[[-3.0494864,53.1583088],[-3.0494737,53.1582402],[-3.0495812,53.1582331],[-3.0495741,53.1581951],[-3.0492786,53.1582148],[-3.0492867,53.1582586],[-3.0493775,53.1582525],[-3.0493891,53.1583153],[-3.0494864,53.1583088]]]},"properties":{"kind":"building","building":"yes","name":null,"height":5}},{"type":"Feature","geometry":{"type":"Polygon","coordinates":[[[-3.0494598,53.158464],[-3.0493764,53.1584663],[-3.0493711,53.1583955],[-3.0494544,53.1583932],[-3.0494598,53.158464]]]},"properties":{"kind":"building","building":"yes","name":null,"height":5}},{"type":"Feature","geometry":{"type":"Polygon","coordinates":[[[-3.0492617,53.1585204],[-3.0492243,53.1583712],[-3.0490203,53.1583897],[-3.049031,53.1584321],[-3.0491464,53.1584216],[-3.0491732,53.1585284],[-3.0492617,53.1585204]]]},"properties":{"kind":"building","building":"yes","name":null,"height":5}},{"type":"Feature","geometry":{"type":"Polygon","coordinates":[[[-3.04985,53.158811],[-3.0499467,53.1586685],[-3.0496682,53.1586006],[-3.0496312,53.1586552],[-3.0497757,53.1586904],[-3.049716,53.1587783],[-3.04985,53.158811]]]},"properties":{"kind":"building","building":"yes","name":null,"height":5}},{"type":"Feature","geometry":{"type":"Polygon","coordinates":[[[-3.0476301,53.1585938],[-3.0472517,53.1585359],[-3.0472342,53.158577],[-3.0471862,53.1585696],[-3.0471667,53.1586154],[-3.0473785,53.1586478],[-3.0473947,53.1586098],[-3.0476092,53.1586427],[-3.0476301,53.1585938]]]},"properties":{"kind":"building","building":"yes","name":null,"height":5}},{"type":"Feature","geometry":{"type":"Polygon","coordinates":[[[-3.047605,53.158657],[-3.0475634,53.1587302],[-3.0474859,53.1587143],[-3.0475275,53.1586411],[-3.047605,53.158657]]]},"properties":{"kind":"building","building":"yes","name":null,"height":5}},{"type":"Feature","geometry":{"type":"Polygon","coordinates":[[[-3.0459085,53.1587422],[-3.0458589,53.1588427],[-3.0457814,53.158829],[-3.0458311,53.1587285],[-3.0459085,53.1587422]]]},"properties":{"kind":"building","building":"yes","name":null,"height":5}},{"type":"Feature","geometry":{"type":"Polygon","coordinates":[[[-3.0461543,53.1585016],[-3.0459849,53.1584834],[-3.0459786,53.1585046],[-3.045931,53.1584995],[-3.0459155,53.1585514],[-3.0460645,53.1585674],[-3.0460551,53.1585991],[-3.046123,53.1586064],[-3.0461543,53.1585016]]]},"properties":{"kind":"building","building":"yes","name":null,"height":5}},{"type":"Feature","geometry":{"type":"Polygon","coordinates":[[[-3.0461901,53.1529843],[-3.0460756,53.1530065],[-3.0460193,53.1529019],[-3.0461338,53.1528797],[-3.0461901,53.1529843]]]},"properties":{"kind":"building","building":"yes","name":null,"height":5}},{"type":"Feature","geometry":{"type":"Polygon","coordinates":[[[-3.046048,53.152735],[-3.0459461,53.1527511],[-3.045923,53.1526986],[-3.046025,53.1526825],[-3.046048,53.152735]]]},"properties":{"kind":"building","building":"yes","name":null,"height":5}},{"type":"Feature","geometry":{"type":"Polygon","coordinates":[[[-3.0452621,53.1522878],[-3.0445755,53.1529714],[-3.0444557,53.1529282],[-3.0451423,53.1522446],[-3.0452621,53.1522878]]]},"properties":{"kind":"building","building":"yes","name":null,"height":5}},{"type":"Feature","geometry":{"type":"Polygon","coordinates":[[[-3.0542501,53.1347949],[-3.0541632,53.1348263],[-3.0541372,53.1348005],[-3.0540575,53.1348293],[-3.0541554,53.1349267],[-3.054322,53.1348664],[-3.0542501,53.1347949]]]},"properties":{"kind":"building","building":"yes","name":null,"height":5}},{"type":"Feature","geometry":{"type":"Polygon","coordinates":[[[-3.0539981,53.1350992],[-3.0539468,53.1351428],[-3.0537644,53.1350656],[-3.0538157,53.135022],[-3.0539981,53.1350992]]]},"properties":{"kind":"building","building":"yes","name":null,"height":5}},{"type":"Feature","geometry":{"type":"Polygon","coordinates":[[[-3.0540178,53.1348453],[-3.0539065,53.1349904],[-3.0538668,53.1349795],[-3.0538409,53.1350133],[-3.0537781,53.134996],[-3.0539154,53.134817],[-3.0540178,53.1348453]]]},"properties":{"kind":"building","building":"yes","name":null,"height":5}},{"type":"Feature","geometry":{"type":"Polygon","coordinates":[[[-3.0538237,53.1348514],[-3.0537741,53.1349169],[-3.0536561,53.1348847],[-3.0537057,53.1348192],[-3.0538237,53.1348514]]]},"properties":{"kind":"building","building":"yes","name":null,"height":5}},{"type":"Feature","geometry":{"type":"Polygon","coordinates":[[[-3.0537996,53.1347195],[-3.0538553,53.1347353],[-3.0537856,53.1348238],[-3.0537298,53.134808],[-3.0537996,53.1347195]]]},"properties":{"kind":"building","building":"yes","name":null,"height":5}},{"type":"Feature","geometry":{"type":"Polygon","coordinates":[[[-3.0532229,53.1348916],[-3.0531666,53.1349898],[-3.0530542,53.1349666],[-3.0531105,53.1348684],[-3.0532229,53.1348916]]]},"properties":{"kind":"building","building":"yes","name":null,"height":5}},{"type":"Feature","geometry":{"type":"Polygon","coordinates":[[[-3.0536923,53.1350139],[-3.0534965,53.1350027],[-3.0535073,53.1349353],[-3.0537031,53.1349465],[-3.0536923,53.1350139]]]},"properties":{"kind":"building","building":"yes","name":null,"height":5}},{"type":"Feature","geometry":{"type":"Polygon","coordinates":[[[-3.053644,53.1352376],[-3.0534348,53.1351958],[-3.0534654,53.1351407],[-3.0536746,53.1351826],[-3.053644,53.1352376]]]},"properties":{"kind":"building","building":"yes","name":null,"height":5}},{"type":"Feature","geometry":{"type":"Polygon","coordinates":[[[-3.0539283,53.1355916],[-3.0539283,53.1356158],[-3.0538639,53.1356158],[-3.0538639,53.1355916],[-3.0539283,53.1355916]]]},"properties":{"kind":"building","building":"yes","name":null,"height":5}},{"type":"Feature","geometry":{"type":"Polygon","coordinates":[[[-3.0538693,53.1354082],[-3.0538344,53.1354919],[-3.0537341,53.1354768],[-3.053769,53.1353931],[-3.0538693,53.1354082]]]},"properties":{"kind":"building","building":"yes","name":null,"height":5}},{"type":"Feature","geometry":{"type":"Polygon","coordinates":[[[-3.0544138,53.1344009],[-3.0544971,53.1344375],[-3.0542477,53.1346418],[-3.0541644,53.1346052],[-3.0544138,53.1344009]]]},"properties":{"kind":"building","building":"yes","name":null,"height":5}},{"type":"Feature","geometry":{"type":"Polygon","coordinates":[[[-3.0548081,53.1347034],[-3.0544594,53.1348225],[-3.0543483,53.1347053],[-3.054697,53.1345863],[-3.0548081,53.1347034]]]},"properties":{"kind":"building","building":"yes","name":null,"height":5}},{"type":"Feature","geometry":{"type":"Polygon","coordinates":[[[-3.052429,53.135207],[-3.0525156,53.1352276],[-3.0524647,53.1353049],[-3.052378,53.1352843],[-3.052429,53.135207]]]},"properties":{"kind":"building","building":"yes","name":null,"height":5}},{"type":"Feature","geometry":{"type":"Polygon","coordinates":[[[-3.0525468,53.1350274],[-3.0525076,53.1350801],[-3.052387,53.1350478],[-3.0523468,53.1351019],[-3.0525597,53.1351589],[-3.0526391,53.1350521],[-3.0525468,53.1350274]]]},"properties":{"kind":"building","building":"yes","name":null,"height":5}},{"type":"Feature","geometry":{"type":"Polygon","coordinates":[[[-3.0531934,53.1350912],[-3.053188,53.1351411],[-3.0531159,53.1351383],[-3.0531213,53.1350884],[-3.0531934,53.1350912]]]},"properties":{"kind":"building","building":"yes","name":null,"height":5}},{"type":"Feature","geometry":{"type":"Polygon","coordinates":[[[-3.0474213,53.1360985],[-3.0472845,53.1359971],[-3.047358,53.1359614],[-3.0474948,53.1360628],[-3.0474213,53.1360985]]]},"properties":{"kind":"building","building":"yes","name":null,"height":5}},{"type":"Feature","geometry":{"type":"Polygon","coordinates":[[[-3.0470645,53.1362642],[-3.0471346,53.1362938],[-3.0468181,53.1365641],[-3.046748,53.1365346],[-3.0470645,53.1362642]]]},"properties":{"kind":"building","building":"yes","name":null,"height":5}},{"type":"Feature","geometry":{"type":"Polygon","coordinates":[[[-3.0471075,53.1360888],[-3.0472952,53.1361854],[-3.047199,53.1362527],[-3.0470113,53.1361562],[-3.0471075,53.1360888]]]},"properties":{"kind":"building","building":"yes","name":null,"height":5}},{"type":"Feature","geometry":{"type":"Polygon","coordinates":[[[-3.0471987,53.1365152],[-3.0470878,53.1364613],[-3.0473748,53.1362489],[-3.0474857,53.1363028],[-3.0471987,53.1365152]]]},"properties":{"kind":"building","building":"yes","name":null,"height":5}},{"type":"Feature","geometry":{"type":"Polygon","coordinates":[[[-3.0476171,53.1365893],[-3.047515,53.1366612],[-3.0473165,53.1365598],[-3.0474186,53.1364879],[-3.0476171,53.1365893]]]},"properties":{"kind":"building","building":"yes","name":null,"height":5}},{"type":"Feature","geometry":{"type":"Polygon","coordinates":[[[-3.0471232,53.1365559],[-3.046892,53.136727],[-3.0473063,53.1369285],[-3.0474816,53.1367988],[-3.0473368,53.1367283],[-3.0473927,53.136687],[-3.0471232,53.1365559]]]},"properties":{"kind":"building","building":"yes","name":null,"height":5}},{"type":"Feature","geometry":{"type":"Polygon","coordinates":[[[-3.0533272,53.1421492],[-3.0532207,53.1420451],[-3.0531012,53.1420891],[-3.0532624,53.1422466],[-3.0533167,53.1422266],[-3.0532621,53.1421732],[-3.0533272,53.1421492]]]},"properties":{"kind":"building","building":"yes","name":null,"height":5}},{"type":"Feature","geometry":{"type":"Polygon","coordinates":[[[-3.0531076,53.1422126],[-3.0529513,53.1422823],[-3.0528038,53.1421632],[-3.05296,53.1420936],[-3.0531076,53.1422126]]]},"properties":{"kind":"building","building":"yes","name":null,"height":5}},{"type":"Feature","geometry":{"type":"Polygon","coordinates":[[[-3.0526409,53.1421386],[-3.0525564,53.1421574],[-3.0525215,53.1421011],[-3.052606,53.1420823],[-3.0526409,53.1421386]]]},"properties":{"kind":"building","building":"yes","name":null,"height":5}},{"type":"Feature","geometry":{"type":"Polygon","coordinates":[[[-3.0525068,53.1419339],[-3.0524791,53.1419532],[-3.0523708,53.1418973],[-3.0522976,53.1419482],[-3.0524911,53.1420482],[-3.052592,53.1419779],[-3.0525068,53.1419339]]]},"properties":{"kind":"building","building":"yes","name":null,"height":5}},{"type":"Feature","geometry":{"type":"Polygon","coordinates":[[[-3.0513883,53.1425634],[-3.0513135,53.1425729],[-3.0512626,53.1424298],[-3.0513373,53.1424202],[-3.0513883,53.1425634]]]},"properties":{"kind":"building","building":"yes","name":null,"height":5}},{"type":"Feature","geometry":{"type":"Polygon","coordinates":[[[-3.0511844,53.1423574],[-3.0511825,53.1424089],[-3.0510618,53.1424073],[-3.0510637,53.1423558],[-3.0511844,53.1423574]]]},"properties":{"kind":"building","building":"yes","name":null,"height":5}},{"type":"Feature","geometry":{"type":"Polygon","coordinates":[[[-3.0510449,53.1423365],[-3.0508572,53.1422818],[-3.0509102,53.1422164],[-3.0510979,53.1422711],[-3.0510449,53.1423365]]]},"properties":{"kind":"building","building":"yes","name":null,"height":5}},{"type":"Feature","geometry":{"type":"Polygon","coordinates":[[[-3.0502483,53.1444747],[-3.050164,53.1445135],[-3.0500755,53.1444443],[-3.0501598,53.1444055],[-3.0502483,53.1444747]]]},"properties":{"kind":"building","building":"yes","name":null,"height":5}},{"type":"Feature","geometry":{"type":"Polygon","coordinates":[[[-3.0503127,53.1447554],[-3.0502135,53.1448093],[-3.0501449,53.1447638],[-3.0502441,53.14471],[-3.0503127,53.1447554]]]},"properties":{"kind":"building","building":"yes","name":null,"height":5}},{"type":"Feature","geometry":{"type":"Polygon","coordinates":[[[-3.0504119,53.1447015],[-3.0503127,53.1447554],[-3.0502441,53.14471],[-3.0503434,53.1446561],[-3.0504119,53.1447015]]]},"properties":{"kind":"building","building":"yes","name":null,"height":5}},{"type":"Feature","geometry":{"type":"Polygon","coordinates":[[[-3.0498299,53.145016],[-3.0497387,53.1450667],[-3.0496485,53.1450083],[-3.0497397,53.1449576],[-3.0498299,53.145016]]]},"properties":{"kind":"building","building":"yes","name":null,"height":5}},{"type":"Feature","geometry":{"type":"Polygon","coordinates":[[[-3.0499211,53.1449653],[-3.0498299,53.145016],[-3.0497397,53.1449576],[-3.0498309,53.1449069],[-3.0499211,53.1449653]]]},"properties":{"kind":"building","building":"yes","name":null,"height":5}},{"type":"Feature","geometry":{"type":"Polygon","coordinates":[[[-3.0500686,53.1448889],[-3.0499801,53.144938],[-3.0498996,53.1448858],[-3.0499882,53.1448367],[-3.0500686,53.1448889]]]},"properties":{"kind":"building","building":"yes","name":null,"height":5}},{"type":"Feature","geometry":{"type":"Polygon","coordinates":[[[-3.0501571,53.1448398],[-3.0500686,53.1448889],[-3.0499882,53.1448367],[-3.0500767,53.1447876],[-3.0501571,53.1448398]]]},"properties":{"kind":"building","building":"yes","name":null,"height":5}},{"type":"Feature","geometry":{"type":"Polygon","coordinates":[[[-3.0510744,53.1452469],[-3.0509842,53.1452878],[-3.0509091,53.1452283],[-3.0509993,53.1451873],[-3.0510744,53.1452469]]]},"properties":{"kind":"building","building":"yes","name":null,"height":5}},{"type":"Feature","geometry":{"type":"Polygon","coordinates":[[[-3.0508599,53.1450804],[-3.0509457,53.1451423],[-3.0508483,53.1451909],[-3.0507624,53.1451289],[-3.0508599,53.1450804]]]},"properties":{"kind":"building","building":"yes","name":null,"height":5}},{"type":"Feature","geometry":{"type":"Polygon","coordinates":[[[-3.050774,53.1450184],[-3.0508599,53.1450804],[-3.0507624,53.1451289],[-3.0506766,53.145067],[-3.050774,53.1450184]]]},"properties":{"kind":"building","building":"yes","name":null,"height":5}},{"type":"Feature","geometry":{"type":"Polygon","coordinates":[[[-3.0506882,53.1449251],[-3.0505863,53.1449782],[-3.0505108,53.1449261],[-3.0506127,53.144873],[-3.0506882,53.1449251]]]},"properties":{"kind":"building","building":"yes","name":null,"height":5}},{"type":"Feature","geometry":{"type":"Polygon","coordinates":[[[-3.0503355,53.1449935],[-3.0504334,53.1449476],[-3.050507,53.1450042],[-3.0504091,53.14505],[-3.0503355,53.1449935]]]},"properties":{"kind":"building","building":"yes","name":null,"height":5}},{"type":"Feature","geometry":{"type":"Polygon","coordinates":[[[-3.0502376,53.1450393],[-3.0503355,53.1449935],[-3.0504091,53.14505],[-3.0503112,53.1450959],[-3.0502376,53.1450393]]]},"properties":{"kind":"building","building":"yes","name":null,"height":5}},{"type":"Feature","geometry":{"type":"Polygon","coordinates":[[[-3.0501947,53.1451745],[-3.0500981,53.1452243],[-3.0500226,53.1451717],[-3.0501192,53.1451219],[-3.0501947,53.1451745]]]},"properties":{"kind":"building","building":"yes","name":null,"height":5}},{"type":"Feature","geometry":{"type":"Polygon","coordinates":[[[-3.0502912,53.1451246],[-3.0501947,53.1451745],[-3.0501192,53.1451219],[-3.0502157,53.145072],[-3.0502912,53.1451246]]]},"properties":{"kind":"building","building":"yes","name":null,"height":5}},{"type":"Feature","geometry":{"type":"Polygon","coordinates":[[[-3.0503958,53.145374],[-3.0502468,53.1453892],[-3.0502254,53.1453136],[-3.0503744,53.1452983],[-3.0503958,53.145374]]]},"properties":{"kind":"building","building":"yes","name":null,"height":5}},{"type":"Feature","geometry":{"type":"Polygon","coordinates":[[[-3.0505809,53.1453474],[-3.0504549,53.1453595],[-3.0504365,53.1452905],[-3.0505626,53.1452784],[-3.0505809,53.1453474]]]},"properties":{"kind":"building","building":"yes","name":null,"height":5}},{"type":"Feature","geometry":{"type":"Polygon","coordinates":[[[-3.050707,53.1453353],[-3.0505809,53.1453474],[-3.0505626,53.1452784],[-3.0506886,53.1452663],[-3.050707,53.1453353]]]},"properties":{"kind":"building","building":"yes","name":null,"height":5}},{"type":"Feature","geometry":{"type":"Polygon","coordinates":[[[-3.050023,53.1452863],[-3.0501303,53.1453482],[-3.0500407,53.145404],[-3.0499335,53.1453421],[-3.050023,53.1452863]]]},"properties":{"kind":"building","building":"yes","name":null,"height":5}},{"type":"Feature","geometry":{"type":"Polygon","coordinates":[[[-3.0499157,53.1452243],[-3.050023,53.1452863],[-3.0499335,53.1453421],[-3.0498262,53.1452802],[-3.0499157,53.1452243]]]},"properties":{"kind":"building","building":"yes","name":null,"height":5}},{"type":"Feature","geometry":{"type":"Polygon","coordinates":[[[-3.0494839,53.1452356],[-3.0494839,53.1453096],[-3.0493337,53.1453096],[-3.0493337,53.1452356],[-3.0494839,53.1452356]]]},"properties":{"kind":"building","building":"yes","name":null,"height":5}},{"type":"Feature","geometry":{"type":"Polygon","coordinates":[[[-3.0495939,53.1451407],[-3.0495054,53.1451906],[-3.0494256,53.1451396],[-3.0495141,53.1450897],[-3.0495939,53.1451407]]]},"properties":{"kind":"building","building":"yes","name":null,"height":5}},{"type":"Feature","geometry":{"type":"Polygon","coordinates":[[[-3.0496824,53.1450908],[-3.0495939,53.1451407],[-3.0495141,53.1450897],[-3.0496026,53.1450399],[-3.0496824,53.1450908]]]},"properties":{"kind":"building","building":"yes","name":null,"height":5}},{"type":"Feature","geometry":{"type":"Polygon","coordinates":[[[-3.0495563,53.1454021],[-3.0496395,53.145464],[-3.0495501,53.1455072],[-3.0494669,53.1454453],[-3.0495563,53.1454021]]]},"properties":{"kind":"building","building":"yes","name":null,"height":5}},{"type":"Feature","geometry":{"type":"Polygon","coordinates":[[[-3.0494732,53.1453402],[-3.0495563,53.1454021],[-3.0494669,53.1454453],[-3.0493838,53.1453833],[-3.0494732,53.1453402]]]},"properties":{"kind":"building","building":"yes","name":null,"height":5}},{"type":"Feature","geometry":{"type":"Polygon","coordinates":[[[-3.0497548,53.1455493],[-3.0498353,53.1456153],[-3.0497059,53.1456721],[-3.0496254,53.1456061],[-3.0497548,53.1455493]]]},"properties":{"kind":"building","building":"yes","name":null,"height":5}},{"type":"Feature","geometry":{"type":"Polygon","coordinates":[[[-3.0496743,53.1454834],[-3.0497548,53.1455493],[-3.0496254,53.1456061],[-3.0495449,53.1455401],[-3.0496743,53.1454834]]]},"properties":{"kind":"building","building":"yes","name":null,"height":5}},{"type":"Feature","geometry":{"type":"Polygon","coordinates":[[[-3.0505595,53.1458244],[-3.0505483,53.1457748],[-3.0505514,53.1457745],[-3.0505626,53.1458242],[-3.0505595,53.1458244]]]},"properties":{"kind":"building","building":"yes","name":null,"height":5}},{"type":"Feature","geometry":{"type":"Polygon","coordinates":[[[-3.0500217,53.1455976],[-3.050141,53.1455879],[-3.0501563,53.1456558],[-3.0500369,53.1456654],[-3.0500217,53.1455976]]]},"properties":{"kind":"building","building":"yes","name":null,"height":5}},{"type":"Feature","geometry":{"type":"Polygon","coordinates":[[[-3.0499023,53.1456072],[-3.0500217,53.1455976],[-3.0500369,53.1456654],[-3.0499176,53.1456751],[-3.0499023,53.1456072]]]},"properties":{"kind":"building","building":"yes","name":null,"height":5}},{"type":"Feature","geometry":{"type":"Polygon","coordinates":[[[-3.0503623,53.145641],[-3.0502296,53.1456523],[-3.050212,53.1455777],[-3.0503447,53.1455664],[-3.0503623,53.145641]]]},"properties":{"kind":"building","building":"yes","name":null,"height":5}},{"type":"Feature","geometry":{"type":"Polygon","coordinates":[[[-3.0504951,53.1456297],[-3.0503623,53.145641],[-3.0503447,53.1455664],[-3.0504775,53.1455552],[-3.0504951,53.1456297]]]},"properties":{"kind":"building","building":"yes","name":null,"height":5}},{"type":"Feature","geometry":{"type":"Polygon","coordinates":[[[-3.0506815,53.1456096],[-3.0505514,53.1456217],[-3.0505327,53.1455492],[-3.0506628,53.1455371],[-3.0506815,53.1456096]]]},"properties":{"kind":"building","building":"yes","name":null,"height":5}},{"type":"Feature","geometry":{"type":"Polygon","coordinates":[[[-3.0508116,53.1455976],[-3.0506815,53.1456096],[-3.0506628,53.1455371],[-3.0507929,53.1455251],[-3.0508116,53.1455976]]]},"properties":{"kind":"building","building":"yes","name":null,"height":5}},{"type":"Feature","geometry":{"type":"Polygon","coordinates":[[[-3.0510168,53.1455911],[-3.0508867,53.145604],[-3.0508651,53.1455254],[-3.0509952,53.1455126],[-3.0510168,53.1455911]]]},"properties":{"kind":"building","building":"yes","name":null,"height":5}},{"type":"Feature","geometry":{"type":"Polygon","coordinates":[[[-3.0511469,53.1455783],[-3.0510168,53.1455911],[-3.0509952,53.1455126],[-3.0511253,53.1454997],[-3.0511469,53.1455783]]]},"properties":{"kind":"building","building":"yes","name":null,"height":5}},{"type":"Feature","geometry":{"type":"Polygon","coordinates":[[[-3.0514097,53.1455195],[-3.0512971,53.1455686],[-3.051201,53.1454893],[-3.0513137,53.1454402],[-3.0514097,53.1455195]]]},"properties":{"kind":"building","building":"yes","name":null,"height":5}},{"type":"Feature","geometry":{"type":"Polygon","coordinates":[[[-3.0515224,53.1454705],[-3.0514097,53.1455195],[-3.0513137,53.1454402],[-3.0514263,53.1453911],[-3.0515224,53.1454705]]]},"properties":{"kind":"building","building":"yes","name":null,"height":5}},{"type":"Feature","geometry":{"type":"Polygon","coordinates":[[[-3.051694,53.1453868],[-3.0515733,53.1454367],[-3.0515067,53.1453787],[-3.0516274,53.1453288],[-3.051694,53.1453868]]]},"properties":{"kind":"building","building":"yes","name":null,"height":5}},{"type":"Feature","geometry":{"type":"Polygon","coordinates":[[[-3.051635,53.145057],[-3.0517906,53.1450426],[-3.0518128,53.1451285],[-3.0516573,53.145143],[-3.051635,53.145057]]]},"properties":{"kind":"building","building":"yes","name":null,"height":5}},{"type":"Feature","geometry":{"type":"Polygon","coordinates":[[[-3.0514795,53.1450715],[-3.051635,53.145057],[-3.0516573,53.145143],[-3.0515017,53.1451575],[-3.0514795,53.1450715]]]},"properties":{"kind":"building","building":"yes","name":null,"height":5}},{"type":"Feature","geometry":{"type":"Polygon","coordinates":[[[-3.0520347,53.1451005],[-3.0519658,53.1451717],[-3.0518317,53.1451251],[-3.0519006,53.1450538],[-3.0520347,53.1451005]]]},"properties":{"kind":"building","building":"yes","name":null,"height":5}},{"type":"Feature","geometry":{"type":"Polygon","coordinates":[[[-3.0521715,53.1452243],[-3.0522546,53.1453032],[-3.0521318,53.1453498],[-3.0520486,53.145271],[-3.0521715,53.1452243]]]},"properties":{"kind":"building","building":"yes","name":null,"height":5}},{"type":"Feature","geometry":{"type":"Polygon","coordinates":[[[-3.0520883,53.1451455],[-3.0521715,53.1452243],[-3.0520486,53.145271],[-3.0519655,53.1451921],[-3.0520883,53.1451455]]]},"properties":{"kind":"building","building":"yes","name":null,"height":5}},{"type":"Feature","geometry":{"type":"Polygon","coordinates":[[[-3.0513454,53.1449685],[-3.0514285,53.1450393],[-3.051309,53.1450898],[-3.0512259,53.145019],[-3.0513454,53.1449685]]]},"properties":{"kind":"building","building":"yes","name":null,"height":5}},{"type":"Feature","geometry":{"type":"Polygon","coordinates":[[[-3.0512622,53.1448978],[-3.0513454,53.1449685],[-3.0512259,53.145019],[-3.0511427,53.1449483],[-3.0512622,53.1448978]]]},"properties":{"kind":"building","building":"yes","name":null,"height":5}},{"type":"Feature","geometry":{"type":"Polygon","coordinates":[[[-3.0511415,53.1448061],[-3.0512193,53.1448736],[-3.0511189,53.1449152],[-3.0510411,53.1448476],[-3.0511415,53.1448061]]]},"properties":{"kind":"building","building":"yes","name":null,"height":5}},{"type":"Feature","geometry":{"type":"Polygon","coordinates":[[[-3.0510637,53.1447385],[-3.0511415,53.1448061],[-3.0510411,53.1448476],[-3.0509633,53.1447801],[-3.0510637,53.1447385]]]},"properties":{"kind":"building","building":"yes","name":null,"height":5}},{"type":"Feature","geometry":{"type":"Polygon","coordinates":[[[-3.0509363,53.1446476],[-3.0510235,53.1447111],[-3.0509327,53.1447559],[-3.0508456,53.1446924],[-3.0509363,53.1446476]]]},"properties":{"kind":"building","building":"yes","name":null,"height":5}},{"type":"Feature","geometry":{"type":"Polygon","coordinates":[[[-3.0508491,53.1445841],[-3.0509363,53.1446476],[-3.0508456,53.1446924],[-3.0507584,53.1446288],[-3.0508491,53.1445841]]]},"properties":{"kind":"building","building":"yes","name":null,"height":5}},{"type":"Feature","geometry":{"type":"Polygon","coordinates":[[[-3.0507633,53.1444722],[-3.0508491,53.1445326],[-3.0507471,53.1445848],[-3.0506613,53.1445244],[-3.0507633,53.1444722]]]},"properties":{"kind":"building","building":"yes","name":null,"height":5}},{"type":"Feature","geometry":{"type":"Polygon","coordinates":[[[-3.0506775,53.1444119],[-3.0507633,53.1444722],[-3.0506613,53.1445244],[-3.0505755,53.1444641],[-3.0506775,53.1444119]]]},"properties":{"kind":"building","building":"yes","name":null,"height":5}},{"type":"Feature","geometry":{"type":"Polygon","coordinates":[[[-3.0505796,53.1442937],[-3.0506641,53.1443556],[-3.0505789,53.1443974],[-3.0504944,53.1443355],[-3.0505796,53.1442937]]]},"properties":{"kind":"building","building":"yes","name":null,"height":5}},{"type":"Feature","geometry":{"type":"Polygon","coordinates":[[[-3.0504951,53.1442317],[-3.0505796,53.1442937],[-3.0504944,53.1443355],[-3.0504099,53.1442735],[-3.0504951,53.1442317]]]},"properties":{"kind":"building","building":"yes","name":null,"height":5}},{"type":"Feature","geometry":{"type":"Polygon","coordinates":[[[-3.0455804,53.1461747],[-3.0453486,53.1461837],[-3.0453421,53.1461232],[-3.0455739,53.1461142],[-3.0455804,53.1461747]]]},"properties":{"kind":"building","building":"yes","name":null,"height":5}},{"type":"Feature","geometry":{"type":"Polygon","coordinates":[[[-3.0452847,53.1462446],[-3.0452748,53.146176],[-3.0450613,53.1461872],[-3.0450685,53.1462366],[-3.0451747,53.146231],[-3.0451775,53.1462502],[-3.0452847,53.1462446]]]},"properties":{"kind":"building","building":"yes","name":null,"height":5}},{"type":"Feature","geometry":{"type":"Polygon","coordinates":[[[-3.0459461,53.1465596],[-3.0458158,53.1465723],[-3.0457966,53.1465016],[-3.0459269,53.1464889],[-3.0459461,53.1465596]]]},"properties":{"kind":"building","building":"yes","name":null,"height":5}},{"type":"Feature","geometry":{"type":"Polygon","coordinates":[[[-3.045989,53.1464148],[-3.0458736,53.146418],[-3.0458685,53.1463521],[-3.0459839,53.1463488],[-3.045989,53.1464148]]]},"properties":{"kind":"building","building":"yes","name":null,"height":5}},{"type":"Feature","geometry":{"type":"Polygon","coordinates":[[[-3.046099,53.1463151],[-3.0459702,53.1463247],[-3.0459555,53.146254],[-3.0460842,53.1462444],[-3.046099,53.1463151]]]},"properties":{"kind":"building","building":"yes","name":null,"height":5}},{"type":"Feature","geometry":{"type":"Polygon","coordinates":[[[-3.0464155,53.1462266],[-3.0463205,53.1462716],[-3.0462293,53.1462024],[-3.0463243,53.1461574],[-3.0464155,53.1462266]]]},"properties":{"kind":"building","building":"yes","name":null,"height":5}},{"type":"Feature","geometry":{"type":"Polygon","coordinates":[[[-3.0465308,53.1461703],[-3.0464402,53.1462073],[-3.0463598,53.1461365],[-3.0464503,53.1460995],[-3.0465308,53.1461703]]]},"properties":{"kind":"building","building":"yes","name":null,"height":5}},{"type":"Feature","geometry":{"type":"Polygon","coordinates":[[[-3.0466676,53.1461188],[-3.0465759,53.1461563],[-3.0464954,53.1460855],[-3.0465871,53.146048],[-3.0466676,53.1461188]]]},"properties":{"kind":"building","building":"yes","name":null,"height":5}},{"type":"Feature","geometry":{"type":"Polygon","coordinates":[[[-3.0468527,53.1459418],[-3.0467507,53.1459788],[-3.0466986,53.1459272],[-3.0468005,53.1458902],[-3.0468527,53.1459418]]]},"properties":{"kind":"building","building":"yes","name":null,"height":5}},{"type":"Feature","geometry":{"type":"Polygon","coordinates":[[[-3.0469304,53.1460094],[-3.0468205,53.1460545],[-3.0467731,53.1460128],[-3.0468831,53.1459678],[-3.0469304,53.1460094]]]},"properties":{"kind":"building","building":"yes","name":null,"height":5}},{"type":"Feature","geometry":{"type":"Polygon","coordinates":[[[-3.046968,53.1462234],[-3.0468017,53.1462298],[-3.0467915,53.1461354],[-3.0469578,53.146129],[-3.046968,53.1462234]]]},"properties":{"kind":"building","building":"yes","name":null,"height":5}},{"type":"Feature","geometry":{"type":"Polygon","coordinates":[[[-3.0466864,53.146336],[-3.0465671,53.1463812],[-3.0465027,53.14632],[-3.046622,53.1462748],[-3.0466864,53.146336]]]},"properties":{"kind":"building","building":"yes","name":null,"height":5}},{"type":"Feature","geometry":{"type":"Polygon","coordinates":[[[-3.0467132,53.1464679],[-3.0466046,53.1465088],[-3.0465321,53.1464396],[-3.0466408,53.1463987],[-3.0467132,53.1464679]]]},"properties":{"kind":"building","building":"yes","name":null,"height":5}},{"type":"Feature","geometry":{"type":"Polygon","coordinates":[[[-3.0469492,53.1465097],[-3.0468324,53.1465168],[-3.0468163,53.1464219],[-3.0469331,53.1464148],[-3.0469492,53.1465097]]]},"properties":{"kind":"building","building":"yes","name":null,"height":5}},{"type":"Feature","geometry":{"type":"Polygon","coordinates":[[[-3.0474052,53.1465178],[-3.0472821,53.1465246],[-3.0472713,53.1464555],[-3.0473945,53.1464486],[-3.0474052,53.1465178]]]},"properties":{"kind":"building","building":"yes","name":null,"height":5}},{"type":"Feature","geometry":{"type":"Polygon","coordinates":[[[-3.0474159,53.1464245],[-3.0472711,53.1464357],[-3.047252,53.1463474],[-3.0473968,53.1463361],[-3.0474159,53.1464245]]]},"properties":{"kind":"building","building":"yes","name":null,"height":5}},{"type":"Feature","geometry":{"type":"Polygon","coordinates":[[[-3.0473891,53.1463376],[-3.0472523,53.1463472],[-3.0472389,53.146279],[-3.0473757,53.1462694],[-3.0473891,53.1463376]]]},"properties":{"kind":"building","building":"yes","name":null,"height":5}},{"type":"Feature","geometry":{"type":"Polygon","coordinates":[[[-3.0473703,53.1462395],[-3.0472308,53.1462491],[-3.0472178,53.1461815],[-3.0473573,53.1461719],[-3.0473703,53.1462395]]]},"properties":{"kind":"building","building":"yes","name":null,"height":5}},{"type":"Feature","geometry":{"type":"Polygon","coordinates":[[[-3.047719,53.146336],[-3.0475956,53.1463456],[-3.0475784,53.1462663],[-3.0477018,53.1462567],[-3.047719,53.146336]]]},"properties":{"kind":"building","building":"yes","name":null,"height":5}},{"type":"Feature","geometry":{"type":"Polygon","coordinates":[[[-3.0478853,53.1464277],[-3.0477592,53.1464405],[-3.0477359,53.1463582],[-3.0478619,53.1463453],[-3.0478853,53.1464277]]]},"properties":{"kind":"building","building":"yes","name":null,"height":5}},{"type":"Feature","geometry":{"type":"Polygon","coordinates":[[[-3.0480382,53.1464341],[-3.0479323,53.1464394],[-3.0479189,53.1463429],[-3.0480248,53.1463376],[-3.0480382,53.1464341]]]},"properties":{"kind":"building","building":"yes","name":null,"height":5}},{"type":"Feature","geometry":{"type":"Polygon","coordinates":[[[-3.0482152,53.1464212],[-3.0480784,53.1464309],[-3.0480635,53.1463547],[-3.0482003,53.1463451],[-3.0482152,53.1464212]]]},"properties":{"kind":"building","building":"yes","name":null,"height":5}},{"type":"Feature","geometry":{"type":"Polygon","coordinates":[[[-3.0478339,53.1459701],[-3.0477043,53.1459179],[-3.0476156,53.1459972],[-3.0476843,53.1460249],[-3.0477222,53.145991],[-3.0477831,53.1460155],[-3.0478339,53.1459701]]]},"properties":{"kind":"building","building":"yes","name":null,"height":5}},{"type":"Feature","geometry":{"type":"Polygon","coordinates":[[[-3.0479926,53.1459209],[-3.0479144,53.1459354],[-3.0478715,53.1458517],[-3.0479497,53.1458373],[-3.0479926,53.1459209]]]},"properties":{"kind":"building","building":"yes","name":null,"height":5}},{"type":"Feature","geometry":{"type":"Polygon","coordinates":[[[-3.0481294,53.1459145],[-3.0480608,53.1459277],[-3.0480179,53.1458472],[-3.0480865,53.1458341],[-3.0481294,53.1459145]]]},"properties":{"kind":"building","building":"yes","name":null,"height":5}},{"type":"Feature","geometry":{"type":"Polygon","coordinates":[[[-3.0482018,53.1459097],[-3.0481535,53.1458131],[-3.048234,53.1457987],[-3.0482823,53.1458952],[-3.0482018,53.1459097]]]},"properties":{"kind":"building","building":"yes","name":null,"height":5}},{"type":"Feature","geometry":{"type":"Polygon","coordinates":[[[-3.048521,53.1458855],[-3.0484191,53.1458968],[-3.0483909,53.1458052],[-3.0484929,53.145794],[-3.048521,53.1458855]]]},"properties":{"kind":"building","building":"yes","name":null,"height":5}},{"type":"Feature","geometry":{"type":"Polygon","coordinates":[[[-3.0486792,53.145863],[-3.0485746,53.1458791],[-3.0485376,53.1457926],[-3.0486423,53.1457765],[-3.0486792,53.145863]]]},"properties":{"kind":"building","building":"yes","name":null,"height":5}},{"type":"Feature","geometry":{"type":"Polygon","coordinates":[[[-3.0488509,53.1458485],[-3.0487248,53.1458662],[-3.0486893,53.1457753],[-3.0488154,53.1457576],[-3.0488509,53.1458485]]]},"properties":{"kind":"building","building":"yes","name":null,"height":5}},{"type":"Feature","geometry":{"type":"Polygon","coordinates":[[[-3.0487919,53.1456072],[-3.0488097,53.14565],[-3.0486595,53.1456725],[-3.0486417,53.1456297],[-3.0487919,53.1456072]]]},"properties":{"kind":"building","building":"yes","name":null,"height":5}},{"type":"Feature","geometry":{"type":"Polygon","coordinates":[[[-3.0484003,53.145559],[-3.0483155,53.1455709],[-3.0482672,53.145447],[-3.048352,53.1454351],[-3.0484003,53.145559]]]},"properties":{"kind":"building","building":"yes","name":null,"height":5}},{"type":"Feature","geometry":{"type":"Polygon","coordinates":[[[-3.0485237,53.1454834],[-3.048444,53.1454925],[-3.0484226,53.1454249],[-3.0485022,53.1454158],[-3.0485237,53.1454834]]]},"properties":{"kind":"building","building":"yes","name":null,"height":5}},{"type":"Feature","geometry":{"type":"Polygon","coordinates":[[[-3.0486578,53.145427],[-3.0485562,53.1454409],[-3.0485294,53.1453701],[-3.048631,53.1453563],[-3.0486578,53.145427]]]},"properties":{"kind":"building","building":"yes","name":null,"height":5}},{"type":"Feature","geometry":{"type":"Polygon","coordinates":[[[-3.0487007,53.1455348],[-3.0487194,53.1455934],[-3.0485933,53.1456079],[-3.0485746,53.1455493],[-3.0487007,53.1455348]]]},"properties":{"kind":"building","building":"yes","name":null,"height":5}},{"type":"Feature","geometry":{"type":"Polygon","coordinates":[[[-3.0472228,53.1457633],[-3.0471489,53.1458234],[-3.047047,53.1457784],[-3.0471209,53.1457182],[-3.0472228,53.1457633]]]},"properties":{"kind":"building","building":"yes","name":null,"height":5}},{"type":"Feature","geometry":{"type":"Polygon","coordinates":[[[-3.0473113,53.1458212],[-3.0472335,53.1458855],[-3.0471618,53.1458544],[-3.0472396,53.14579],[-3.0473113,53.1458212]]]},"properties":{"kind":"building","building":"yes","name":null,"height":5}},{"type":"Feature","geometry":{"type":"Polygon","coordinates":[[[-3.047491,53.1458888],[-3.0474038,53.1459585],[-3.0472965,53.1459102],[-3.0473837,53.1458405],[-3.047491,53.1458888]]]},"properties":{"kind":"building","building":"yes","name":null,"height":5}},{"type":"Feature","geometry":{"type":"Polygon","coordinates":[[[-3.0476251,53.1457633],[-3.0475582,53.1458139],[-3.047416,53.1457464],[-3.047483,53.1456957],[-3.0476251,53.1457633]]]},"properties":{"kind":"building","building":"yes","name":null,"height":5}},{"type":"Feature","geometry":{"type":"Polygon","coordinates":[[[-3.0477217,53.1456941],[-3.0476754,53.1457344],[-3.0475547,53.1456845],[-3.047601,53.1456442],[-3.0477217,53.1456941]]]},"properties":{"kind":"building","building":"yes","name":null,"height":5}},{"type":"Feature","geometry":{"type":"Polygon","coordinates":[[[-3.0478048,53.1456201],[-3.0477498,53.1456705],[-3.0476023,53.1456126],[-3.0476573,53.1455622],[-3.0478048,53.1456201]]]},"properties":{"kind":"building","building":"yes","name":null,"height":5}},{"type":"Feature","geometry":{"type":"Polygon","coordinates":[[[-3.0481508,53.1456539],[-3.0481079,53.1456008],[-3.0480006,53.1455509],[-3.0479068,53.1456265],[-3.0479765,53.1456587],[-3.0480006,53.1456249],[-3.0480677,53.1456796],[-3.0481508,53.1456539]]]},"properties":{"kind":"building","building":"yes","name":null,"height":5}},{"type":"Feature","geometry":{"type":"Polygon","coordinates":[[[-3.0478343,53.145501],[-3.0477244,53.1455461],[-3.0476527,53.1454831],[-3.0477626,53.1454381],[-3.0478343,53.145501]]]},"properties":{"kind":"building","building":"yes","name":null,"height":5}},{"type":"Feature","geometry":{"type":"Polygon","coordinates":[[[-3.0479765,53.1454206],[-3.0478799,53.1454673],[-3.0477988,53.1454068],[-3.0478953,53.1453602],[-3.0479765,53.1454206]]]},"properties":{"kind":"building","building":"yes","name":null,"height":5}},{"type":"Feature","geometry":{"type":"Polygon","coordinates":[[[-3.048242,53.1452855],[-3.0481106,53.1453466],[-3.0480352,53.1452883],[-3.0481666,53.1452271],[-3.048242,53.1452855]]]},"properties":{"kind":"building","building":"yes","name":null,"height":5}},{"type":"Feature","geometry":{"type":"Polygon","coordinates":[[[-3.0483681,53.145226],[-3.0482966,53.1452604],[-3.0481974,53.1451864],[-3.0482689,53.1451519],[-3.0483681,53.145226]]]},"properties":{"kind":"building","building":"yes","name":null,"height":5}},{"type":"Feature","geometry":{"type":"Polygon","coordinates":[[[-3.0484861,53.1451519],[-3.0484017,53.1451886],[-3.0483106,53.1451129],[-3.0483949,53.1450763],[-3.0484861,53.1451519]]]},"properties":{"kind":"building","building":"yes","name":null,"height":5}},{"type":"Feature","geometry":{"type":"Polygon","coordinates":[[[-3.0487617,53.1449416],[-3.0485713,53.1450639],[-3.0486962,53.1451339],[-3.0487492,53.1450999],[-3.0487113,53.1450786],[-3.0488487,53.1449904],[-3.0487617,53.1449416]]]},"properties":{"kind":"building","building":"yes","name":null,"height":5}},{"type":"Feature","geometry":{"type":"Polygon","coordinates":[[[-3.0490735,53.1447739],[-3.0489839,53.1448225],[-3.0488578,53.1447388],[-3.0489475,53.1446902],[-3.0490735,53.1447739]]]},"properties":{"kind":"building","building":"yes","name":null,"height":5}},{"type":"Feature","geometry":{"type":"Polygon","coordinates":[[[-3.0492049,53.1447128],[-3.0491225,53.1447613],[-3.0489803,53.1446744],[-3.0490628,53.1446259],[-3.0492049,53.1447128]]]},"properties":{"kind":"building","building":"yes","name":null,"height":5}},{"type":"Feature","geometry":{"type":"Polygon","coordinates":[[[-3.0496126,53.144642],[-3.0495738,53.1446653],[-3.0495228,53.1446347],[-3.0495617,53.1446114],[-3.0496126,53.144642]]]},"properties":{"kind":"building","building":"yes","name":null,"height":5}},{"type":"Feature","geometry":{"type":"Polygon","coordinates":[[[-3.0491848,53.1445527],[-3.049272,53.1445036],[-3.0493443,53.1445498],[-3.0492571,53.1445989],[-3.0491848,53.1445527]]]},"properties":{"kind":"building","building":"yes","name":null,"height":5}},{"type":"Feature","geometry":{"type":"Polygon","coordinates":[[[-3.0490977,53.1446017],[-3.0491848,53.1445527],[-3.0492571,53.1445989],[-3.04917,53.144648],[-3.0490977,53.1446017]]]},"properties":{"kind":"building","building":"yes","name":null,"height":5}},{"type":"Feature","geometry":{"type":"Polygon","coordinates":[[[-3.0497763,53.1445326],[-3.0497329,53.1445596],[-3.0496631,53.1445194],[-3.0497065,53.1444924],[-3.0497763,53.1445326]]]},"properties":{"kind":"building","building":"yes","name":null,"height":5}},{"type":"Feature","geometry":{"type":"Polygon","coordinates":[[[-3.0494099,53.1444309],[-3.0493214,53.1444818],[-3.0493815,53.1445194],[-3.0494294,53.1444918],[-3.049498,53.1445348],[-3.0495386,53.1445115],[-3.0494099,53.1444309]]]},"properties":{"kind":"building","building":"yes","name":null,"height":5}},{"type":"Feature","geometry":{"type":"Polygon","coordinates":[[[-3.0495671,53.1444216],[-3.0495,53.1443813],[-3.0494099,53.1444309],[-3.0495386,53.1445115],[-3.0495919,53.1444855],[-3.0495262,53.1444461],[-3.0495671,53.1444216]]]},"properties":{"kind":"building","building":"yes","name":null,"height":5}},{"type":"Feature","geometry":{"type":"Polygon","coordinates":[[[-3.0498084,53.1444264],[-3.0497305,53.144469],[-3.0496206,53.1443966],[-3.0496985,53.144354],[-3.0498084,53.1444264]]]},"properties":{"kind":"building","building":"yes","name":null,"height":5}},{"type":"Feature","geometry":{"type":"Polygon","coordinates":[[[-3.050133,53.1443749],[-3.0500305,53.1444235],[-3.0498588,53.1442932],[-3.0499613,53.1442446],[-3.050133,53.1443749]]]},"properties":{"kind":"building","building":"yes","name":null,"height":5}},{"type":"Feature","geometry":{"type":"Polygon","coordinates":[[[-3.0504012,53.1441296],[-3.0504817,53.1441915],[-3.0503724,53.1442426],[-3.0502919,53.1441807],[-3.0504012,53.1441296]]]},"properties":{"kind":"building","building":"yes","name":null,"height":5}},{"type":"Feature","geometry":{"type":"Polygon","coordinates":[[[-3.0503207,53.1440676],[-3.0504012,53.1441296],[-3.0502919,53.1441807],[-3.0502114,53.1441187],[-3.0503207,53.1440676]]]},"properties":{"kind":"building","building":"yes","name":null,"height":5}},{"type":"Feature","geometry":{"type":"Polygon","coordinates":[[[-3.0514282,53.1443569],[-3.0513355,53.1442703],[-3.0511131,53.144356],[-3.0511526,53.1443929],[-3.0512538,53.1443539],[-3.0513354,53.1444301],[-3.0514053,53.1444031],[-3.051377,53.1443767],[-3.0514282,53.1443569]]]},"properties":{"kind":"building","building":"yes","name":null,"height":5}},{"type":"Feature","geometry":{"type":"Polygon","coordinates":[[[-3.0453774,53.1459322],[-3.0452541,53.1459483],[-3.0452307,53.1458838],[-3.0453541,53.1458677],[-3.0453774,53.1459322]]]},"properties":{"kind":"building","building":"yes","name":null,"height":5}},{"type":"Feature","geometry":{"type":"Polygon","coordinates":[[[-3.0455008,53.1459161],[-3.0453774,53.1459322],[-3.0453541,53.1458677],[-3.0454774,53.1458516],[-3.0455008,53.1459161]]]},"properties":{"kind":"building","building":"yes","name":null,"height":5}},{"type":"Feature","geometry":{"type":"Polygon","coordinates":[[[-3.0456671,53.1458807],[-3.0455732,53.1458984],[-3.0455423,53.1458394],[-3.0456362,53.1458217],[-3.0456671,53.1458807]]]},"properties":{"kind":"building","building":"yes","name":null,"height":5}},{"type":"Feature","geometry":{"type":"Polygon","coordinates":[[[-3.045761,53.145863],[-3.0456671,53.1458807],[-3.0456362,53.1458217],[-3.0457301,53.145804],[-3.045761,53.145863]]]},"properties":{"kind":"building","building":"yes","name":null,"height":5}},{"type":"Feature","geometry":{"type":"Polygon","coordinates":[[[-3.0459394,53.1458156],[-3.0458495,53.1458405],[-3.0457963,53.1457715],[-3.0458861,53.1457465],[-3.0459394,53.1458156]]]},"properties":{"kind":"building","building":"yes","name":null,"height":5}},{"type":"Feature","geometry":{"type":"Polygon","coordinates":[[[-3.0460292,53.1457906],[-3.0459394,53.1458156],[-3.0458861,53.1457465],[-3.045976,53.1457216],[-3.0460292,53.1457906]]]},"properties":{"kind":"building","building":"yes","name":null,"height":5}},{"type":"Feature","geometry":{"type":"Polygon","coordinates":[[[-3.0461808,53.1457383],[-3.046099,53.1457697],[-3.046041,53.1457154],[-3.0461228,53.145684],[-3.0461808,53.1457383]]]},"properties":{"kind":"building","building":"yes","name":null,"height":5}},{"type":"Feature","geometry":{"type":"Polygon","coordinates":[[[-3.0462626,53.145707],[-3.0461808,53.1457383],[-3.0461228,53.145684],[-3.0462046,53.1456526],[-3.0462626,53.145707]]]},"properties":{"kind":"building","building":"yes","name":null,"height":5}},{"type":"Feature","geometry":{"type":"Polygon","coordinates":[[[-3.0464168,53.145641],[-3.0463484,53.145678],[-3.0462815,53.1456335],[-3.0463499,53.1455965],[-3.0464168,53.145641]]]},"properties":{"kind":"building","building":"yes","name":null,"height":5}},{"type":"Feature","geometry":{"type":"Polygon","coordinates":[[[-3.0464852,53.145604],[-3.0464168,53.145641],[-3.0463499,53.1455965],[-3.0464183,53.1455595],[-3.0464852,53.145604]]]},"properties":{"kind":"building","building":"yes","name":null,"height":5}},{"type":"Feature","geometry":{"type":"Polygon","coordinates":[[[-3.0479698,53.1448384],[-3.0478992,53.1447811],[-3.047854,53.144801],[-3.0477158,53.1446886],[-3.0475671,53.1447544],[-3.0476292,53.144805],[-3.0475875,53.1448234],[-3.0477386,53.1449464],[-3.0478244,53.1449084],[-3.047878,53.1449521],[-3.0479874,53.1449037],[-3.0479292,53.1448563],[-3.0479698,53.1448384]]]},"properties":{"kind":"building","building":"yes","name":"Red Lion","height":5}},{"type":"Feature","geometry":{"type":"Polygon","coordinates":[[[-3.0467448,53.1451869],[-3.0466347,53.1452263],[-3.0467183,53.1453103],[-3.046655,53.145333],[-3.0465416,53.1452192],[-3.04659,53.1452018],[-3.0465717,53.1451834],[-3.0466968,53.1451386],[-3.0467448,53.1451869]]]},"properties":{"kind":"building","building":"yes","name":null,"height":5}},{"type":"Feature","geometry":{"type":"Polygon","coordinates":[[[-3.0471423,53.1452967],[-3.0470726,53.1453514],[-3.0470202,53.1453274],[-3.04709,53.1452727],[-3.0471423,53.1452967]]]},"properties":{"kind":"building","building":"yes","name":null,"height":5}},{"type":"Feature","geometry":{"type":"Polygon","coordinates":[[[-3.0472121,53.145242],[-3.0471423,53.1452967],[-3.04709,53.1452727],[-3.0471597,53.145218],[-3.0472121,53.145242]]]},"properties":{"kind":"building","building":"yes","name":null,"height":5}},{"type":"Feature","geometry":{"type":"Polygon","coordinates":[[[-3.0470364,53.1451133],[-3.0471101,53.1451487],[-3.0470426,53.1451993],[-3.0469689,53.145164],[-3.0470364,53.1451133]]]},"properties":{"kind":"building","building":"yes","name":null,"height":5}},{"type":"Feature","geometry":{"type":"Polygon","coordinates":[[[-3.0469626,53.1450779],[-3.0470364,53.1451133],[-3.0469689,53.145164],[-3.0468951,53.1451286],[-3.0469626,53.1450779]]]},"properties":{"kind":"building","building":"yes","name":null,"height":5}},{"type":"Feature","geometry":{"type":"Polygon","coordinates":[[[-3.0470042,53.1449999],[-3.0469385,53.1450506],[-3.0468484,53.1450086],[-3.0469141,53.1449579],[-3.0470042,53.1449999]]]},"properties":{"kind":"building","building":"yes","name":null,"height":5}},{"type":"Feature","geometry":{"type":"Polygon","coordinates":[[[-3.0470699,53.1449492],[-3.0470042,53.1449999],[-3.0469141,53.1449579],[-3.0469798,53.1449072],[-3.0470699,53.1449492]]]},"properties":{"kind":"building","building":"yes","name":null,"height":5}},{"type":"Feature","geometry":{"type":"Polygon","coordinates":[[[-3.0472109,53.1448816],[-3.0471175,53.1448188],[-3.0470322,53.1448645],[-3.0471256,53.1449273],[-3.0472109,53.1448816]]]},"properties":{"kind":"building","building":"yes","name":null,"height":5}},{"type":"Feature","geometry":{"type":"Polygon","coordinates":[[[-3.0475239,53.1449746],[-3.0475956,53.1450232],[-3.0474938,53.1450773],[-3.0474221,53.1450286],[-3.0475239,53.1449746]]]},"properties":{"kind":"building","building":"yes","name":null,"height":5}},{"type":"Feature","geometry":{"type":"Polygon","coordinates":[[[-3.0474521,53.1449259],[-3.0475239,53.1449746],[-3.0474221,53.1450286],[-3.0473503,53.1449799],[-3.0474521,53.1449259]]]},"properties":{"kind":"building","building":"yes","name":null,"height":5}},{"type":"Feature","geometry":{"type":"Polygon","coordinates":[[[-3.0473804,53.1448773],[-3.0474521,53.1449259],[-3.0473503,53.1449799],[-3.0472786,53.1449313],[-3.0473804,53.1448773]]]},"properties":{"kind":"building","building":"yes","name":null,"height":5}},{"type":"Feature","geometry":{"type":"Polygon","coordinates":[[[-3.0473086,53.1448286],[-3.0473804,53.1448773],[-3.0472786,53.1449313],[-3.0472109,53.1448816],[-3.0473086,53.1448286]]]},"properties":{"kind":"building","building":"yes","name":null,"height":5}},{"type":"Feature","geometry":{"type":"Polygon","coordinates":[[[-3.0451548,53.1458518],[-3.0450287,53.1459274],[-3.0449604,53.1458863],[-3.0450864,53.1458107],[-3.0451548,53.1458518]]]},"properties":{"kind":"building","building":"yes","name":null,"height":5}},{"type":"Feature","geometry":{"type":"Polygon","coordinates":[[[-3.0446156,53.1456105],[-3.0446209,53.1456608],[-3.0447719,53.145655],[-3.0447761,53.1456958],[-3.0448679,53.1456923],[-3.0448622,53.1456378],[-3.0450309,53.1456314],[-3.045027,53.1455949],[-3.0448915,53.1456],[-3.0446156,53.1456105]]]},"properties":{"kind":"building","building":"yes","name":null,"height":5}},{"type":"Feature","geometry":{"type":"Polygon","coordinates":[[[-3.0448853,53.1447425],[-3.0449644,53.1447015],[-3.0450439,53.1447567],[-3.0449648,53.1447977],[-3.0448853,53.1447425]]]},"properties":{"kind":"building","building":"yes","name":null,"height":5}},{"type":"Feature","geometry":{"type":"Polygon","coordinates":[[[-3.0452326,53.1447224],[-3.0453184,53.1447305],[-3.0452971,53.1448123],[-3.0452113,53.1448042],[-3.0452326,53.1447224]]]},"properties":{"kind":"building","building":"yes","name":null,"height":5}},{"type":"Feature","geometry":{"type":"Polygon","coordinates":[[[-3.0451468,53.1447144],[-3.0452326,53.1447224],[-3.0452113,53.1448042],[-3.0451255,53.1447962],[-3.0451468,53.1447144]]]},"properties":{"kind":"building","building":"yes","name":null,"height":5}},{"type":"Feature","geometry":{"type":"Polygon","coordinates":[[[-3.0456913,53.1454431],[-3.0457878,53.1454447],[-3.0457845,53.1455154],[-3.045688,53.1455138],[-3.0456913,53.1454431]]]},"properties":{"kind":"building","building":"yes","name":null,"height":5}},{"type":"Feature","geometry":{"type":"Polygon","coordinates":[[[-3.0455947,53.1454415],[-3.0456913,53.1454431],[-3.045688,53.1455138],[-3.0455914,53.1455122],[-3.0455947,53.1454415]]]},"properties":{"kind":"building","building":"yes","name":null,"height":5}},{"type":"Feature","geometry":{"type":"Polygon","coordinates":[[[-3.0455064,53.1453571],[-3.0454997,53.1454166],[-3.0453813,53.1454118],[-3.045388,53.1453523],[-3.0455064,53.1453571]]]},"properties":{"kind":"building","building":"yes","name":null,"height":5}},{"type":"Feature","geometry":{"type":"Polygon","coordinates":[[[-3.0455131,53.1452975],[-3.0455064,53.1453571],[-3.045388,53.1453523],[-3.0453947,53.1452927],[-3.0455131,53.1452975]]]},"properties":{"kind":"building","building":"yes","name":null,"height":5}},{"type":"Feature","geometry":{"type":"Polygon","coordinates":[[[-3.0460213,53.1453619],[-3.0460146,53.1454214],[-3.0458963,53.1454166],[-3.045903,53.1453571],[-3.0460213,53.1453619]]]},"properties":{"kind":"building","building":"yes","name":null,"height":5}},{"type":"Feature","geometry":{"type":"Polygon","coordinates":[[[-3.0460281,53.1453024],[-3.0460213,53.1453619],[-3.045903,53.1453571],[-3.0459097,53.1452976],[-3.0460281,53.1453024]]]},"properties":{"kind":"building","building":"yes","name":null,"height":5}},{"type":"Feature","geometry":{"type":"Polygon","coordinates":[[[-3.0459731,53.1451881],[-3.0459664,53.1452477],[-3.045848,53.1452429],[-3.0458547,53.1451833],[-3.0459731,53.1451881]]]},"properties":{"kind":"building","building":"yes","name":null,"height":5}},{"type":"Feature","geometry":{"type":"Polygon","coordinates":[[[-3.0459798,53.1451286],[-3.0459731,53.1451881],[-3.0458547,53.1451833],[-3.0458614,53.1451238],[-3.0459798,53.1451286]]]},"properties":{"kind":"building","building":"yes","name":null,"height":5}},{"type":"Feature","geometry":{"type":"Polygon","coordinates":[[[-3.0455788,53.1451753],[-3.0455721,53.1452348],[-3.0454537,53.14523],[-3.0454604,53.1451705],[-3.0455788,53.1451753]]]},"properties":{"kind":"building","building":"yes","name":null,"height":5}},{"type":"Feature","geometry":{"type":"Polygon","coordinates":[[[-3.0455855,53.1451157],[-3.0455788,53.1451753],[-3.0454604,53.1451705],[-3.0454671,53.1451109],[-3.0455855,53.1451157]]]},"properties":{"kind":"building","building":"yes","name":null,"height":5}},{"type":"Feature","geometry":{"type":"Polygon","coordinates":[[[-3.0455934,53.145012],[-3.0455866,53.1450715],[-3.0454683,53.1450667],[-3.045475,53.1450072],[-3.0455934,53.145012]]]},"properties":{"kind":"building","building":"yes","name":null,"height":5}},{"type":"Feature","geometry":{"type":"Polygon","coordinates":[[[-3.0456001,53.1449525],[-3.0455934,53.145012],[-3.045475,53.1450072],[-3.0454817,53.1449477],[-3.0456001,53.1449525]]]},"properties":{"kind":"building","building":"yes","name":null,"height":5}},{"type":"Feature","geometry":{"type":"Polygon","coordinates":[[[-3.0458683,53.1450208],[-3.045871,53.1449653],[-3.0459916,53.1449674],[-3.045989,53.1450229],[-3.0458683,53.1450208]]]},"properties":{"kind":"building","building":"yes","name":null,"height":5}},{"type":"Feature","geometry":{"type":"Polygon","coordinates":[[[-3.0458656,53.1450763],[-3.0458683,53.1450208],[-3.045989,53.1450229],[-3.0459863,53.1450784],[-3.0458656,53.1450763]]]},"properties":{"kind":"building","building":"yes","name":null,"height":5}},{"type":"Feature","geometry":{"type":"Polygon","coordinates":[[[-3.0455357,53.1448077],[-3.0455947,53.1448511],[-3.0454942,53.1449002],[-3.0454352,53.1448568],[-3.0455357,53.1448077]]]},"properties":{"kind":"building","building":"yes","name":null,"height":5}},{"type":"Feature","geometry":{"type":"Polygon","coordinates":[[[-3.0454767,53.1447642],[-3.0455357,53.1448077],[-3.0454352,53.1448568],[-3.0453762,53.1448133],[-3.0454767,53.1447642]]]},"properties":{"kind":"building","building":"yes","name":null,"height":5}},{"type":"Feature","geometry":{"type":"Polygon","coordinates":[[[-3.0460373,53.14486],[-3.0459836,53.1449106],[-3.0459036,53.1448802],[-3.0459572,53.1448295],[-3.0460373,53.14486]]]},"properties":{"kind":"building","building":"yes","name":null,"height":5}},{"type":"Feature","geometry":{"type":"Polygon","coordinates":[[[-3.0460909,53.1448093],[-3.0460373,53.14486],[-3.0459572,53.1448295],[-3.0460109,53.1447788],[-3.0460909,53.1448093]]]},"properties":{"kind":"building","building":"yes","name":null,"height":5}},{"type":"Feature","geometry":{"type":"Polygon","coordinates":[[[-3.0462304,53.1447843],[-3.0461365,53.1447996],[-3.0461087,53.1447382],[-3.0462026,53.1447229],[-3.0462304,53.1447843]]]},"properties":{"kind":"building","building":"yes","name":null,"height":5}},{"type":"Feature","geometry":{"type":"Polygon","coordinates":[[[-3.0463243,53.1447691],[-3.0462304,53.1447843],[-3.0462026,53.1447229],[-3.0462965,53.1447076],[-3.0463243,53.1447691]]]},"properties":{"kind":"building","building":"yes","name":null,"height":5}},{"type":"Feature","geometry":{"type":"Polygon","coordinates":[[[-3.0465536,53.1447208],[-3.046453,53.1447417],[-3.0464212,53.1446866],[-3.0465218,53.1446657],[-3.0465536,53.1447208]]]},"properties":{"kind":"building","building":"yes","name":null,"height":5}},{"type":"Feature","geometry":{"type":"Polygon","coordinates":[[[-3.0466542,53.1446999],[-3.0465536,53.1447208],[-3.0465218,53.1446657],[-3.0466223,53.1446448],[-3.0466542,53.1446999]]]},"properties":{"kind":"building","building":"yes","name":null,"height":5}},{"type":"Feature","geometry":{"type":"Polygon","coordinates":[[[-3.0469,53.1446438],[-3.0467914,53.1446768],[-3.0467503,53.1446281],[-3.0468589,53.1445951],[-3.0469,53.1446438]]]},"properties":{"kind":"building","building":"yes","name":null,"height":5}},{"type":"Feature","geometry":{"type":"Polygon","coordinates":[[[-3.0470087,53.1446108],[-3.0469,53.1446438],[-3.0468589,53.1445951],[-3.0469675,53.1445621],[-3.0470087,53.1446108]]]},"properties":{"kind":"building","building":"yes","name":null,"height":5}},{"type":"Feature","geometry":{"type":"Polygon","coordinates":[[[-3.0472112,53.1445585],[-3.0471025,53.1445915],[-3.0470614,53.1445428],[-3.04717,53.1445098],[-3.0472112,53.1445585]]]},"properties":{"kind":"building","building":"yes","name":null,"height":5}},{"type":"Feature","geometry":{"type":"Polygon","coordinates":[[[-3.0473198,53.1445256],[-3.0472112,53.1445585],[-3.04717,53.1445098],[-3.0472787,53.1444768],[-3.0473198,53.1445256]]]},"properties":{"kind":"building","building":"yes","name":null,"height":5}},{"type":"Feature","geometry":{"type":"Polygon","coordinates":[[[-3.0475111,53.1444578],[-3.0474025,53.1444907],[-3.0473614,53.144442],[-3.04747,53.144409],[-3.0475111,53.1444578]]]},"properties":{"kind":"building","building":"yes","name":null,"height":5}},{"type":"Feature","geometry":{"type":"Polygon","coordinates":[[[-3.0476198,53.1444248],[-3.0475111,53.1444578],[-3.04747,53.144409],[-3.0475786,53.1443761],[-3.0476198,53.1444248]]]},"properties":{"kind":"building","building":"yes","name":null,"height":5}},{"type":"Feature","geometry":{"type":"Polygon","coordinates":[[[-3.0479161,53.1443435],[-3.047955,53.1444055],[-3.0478625,53.1444264],[-3.0478236,53.1443644],[-3.0479161,53.1443435]]]},"properties":{"kind":"building","building":"yes","name":null,"height":5}},{"type":"Feature","geometry":{"type":"Polygon","coordinates":[[[-3.0478773,53.1442816],[-3.0479161,53.1443435],[-3.0478236,53.1443644],[-3.0477847,53.1443025],[-3.0478773,53.1442816]]]},"properties":{"kind":"building","building":"yes","name":null,"height":5}},{"type":"Feature","geometry":{"type":"Polygon","coordinates":[[[-3.0484982,53.1438623],[-3.0485168,53.1437062],[-3.0484164,53.1437018],[-3.0483977,53.1438579],[-3.0484464,53.14386],[-3.0484982,53.1438623]]]},"properties":{"kind":"building","building":"yes","name":null,"height":5}},{"type":"Feature","geometry":{"type":"Polygon","coordinates":[[[-3.0485813,53.1439365],[-3.0485719,53.1440065],[-3.0484277,53.1439995],[-3.0484371,53.1439296],[-3.0485813,53.1439365]]]},"properties":{"kind":"building","building":"yes","name":null,"height":5}},{"type":"Feature","geometry":{"type":"Polygon","coordinates":[[[-3.0485907,53.1438665],[-3.0485813,53.1439365],[-3.0484371,53.1439296],[-3.0484464,53.14386],[-3.0484982,53.1438623],[-3.0485907,53.1438665]]]},"properties":{"kind":"building","building":"yes","name":null,"height":5}},{"type":"Feature","geometry":{"type":"Polygon","coordinates":[[[-3.0500555,53.1437466],[-3.0499936,53.1436923],[-3.0499515,53.1437095],[-3.0498996,53.143664],[-3.0498195,53.1436968],[-3.0497929,53.1436734],[-3.0497204,53.1437031],[-3.0497846,53.1437595],[-3.0497367,53.1437791],[-3.049813,53.1438461],[-3.0500555,53.1437466]]]},"properties":{"kind":"building","building":"yes","name":null,"height":5}},{"type":"Feature","geometry":{"type":"Polygon","coordinates":[[[-3.0494632,53.143201],[-3.049372,53.1432218],[-3.0494013,53.143268],[-3.0493531,53.143279],[-3.0494233,53.1433899],[-3.0495583,53.1433591],[-3.0495369,53.1433253],[-3.0495763,53.1433163],[-3.0495452,53.1432671],[-3.0495102,53.1432751],[-3.0494632,53.143201]]]},"properties":{"kind":"building","building":"yes","name":null,"height":5}},{"type":"Feature","geometry":{"type":"Polygon","coordinates":[[[-3.0483755,53.1435737],[-3.0485183,53.1435818],[-3.0485081,53.1436469],[-3.0483653,53.1436388],[-3.0483755,53.1435737]]]},"properties":{"kind":"building","building":"yes","name":null,"height":5}},{"type":"Feature","geometry":{"type":"Polygon","coordinates":[[[-3.0482326,53.1435657],[-3.0483755,53.1435737],[-3.0483653,53.1436388],[-3.0482225,53.1436308],[-3.0482326,53.1435657]]]},"properties":{"kind":"building","building":"yes","name":null,"height":5}},{"type":"Feature","geometry":{"type":"Polygon","coordinates":[[[-3.0480898,53.1435576],[-3.0482326,53.1435657],[-3.0482225,53.1436308],[-3.0480796,53.1436227],[-3.0480898,53.1435576]]]},"properties":{"kind":"building","building":"yes","name":null,"height":5}},{"type":"Feature","geometry":{"type":"Polygon","coordinates":[[[-3.047947,53.1435496],[-3.0480898,53.1435576],[-3.0480796,53.1436227],[-3.0479368,53.1436147],[-3.047947,53.1435496]]]},"properties":{"kind":"building","building":"yes","name":null,"height":5}},{"type":"Feature","geometry":{"type":"Polygon","coordinates":[[[-3.048702,53.1440387],[-3.0488294,53.1440451],[-3.0488196,53.1441154],[-3.0486922,53.144109],[-3.048702,53.1440387]]]},"properties":{"kind":"building","building":"yes","name":null,"height":5}},{"type":"Feature","geometry":{"type":"Polygon","coordinates":[[[-3.0485746,53.1440322],[-3.048702,53.1440387],[-3.0486922,53.144109],[-3.0485648,53.1441025],[-3.0485746,53.1440322]]]},"properties":{"kind":"building","building":"yes","name":null,"height":5}},{"type":"Feature","geometry":{"type":"Polygon","coordinates":[[[-3.0493927,53.1437571],[-3.0492693,53.1437539],[-3.049274,53.1436893],[-3.0493974,53.1436925],[-3.0493927,53.1437571]]]},"properties":{"kind":"building","building":"yes","name":null,"height":5}},{"type":"Feature","geometry":{"type":"Polygon","coordinates":[[[-3.0488583,53.1437616],[-3.0488697,53.1436783],[-3.0490144,53.1436854],[-3.049003,53.1437687],[-3.0488583,53.1437616]]]},"properties":{"kind":"building","building":"yes","name":null,"height":5}},{"type":"Feature","geometry":{"type":"Polygon","coordinates":[[[-3.0488469,53.1438448],[-3.0488583,53.1437616],[-3.049003,53.1437687],[-3.0489916,53.1438519],[-3.0488469,53.1438448]]]},"properties":{"kind":"building","building":"yes","name":null,"height":5}},{"type":"Feature","geometry":{"type":"Polygon","coordinates":[[[-3.0488355,53.1439281],[-3.0488469,53.1438448],[-3.0489916,53.1438519],[-3.0489802,53.1439352],[-3.0488355,53.1439281]]]},"properties":{"kind":"building","building":"yes","name":null,"height":5}},{"type":"Feature","geometry":{"type":"Polygon","coordinates":[[[-3.0488241,53.1440113],[-3.0488355,53.1439281],[-3.0489802,53.1439352],[-3.0489688,53.1440185],[-3.0488241,53.1440113]]]},"properties":{"kind":"building","building":"yes","name":null,"height":5}},{"type":"Feature","geometry":{"type":"Polygon","coordinates":[[[-3.0483359,53.1443038],[-3.0483842,53.1443813],[-3.048276,53.1444056],[-3.0482277,53.144328],[-3.0483359,53.1443038]]]},"properties":{"kind":"building","building":"yes","name":null,"height":5}},{"type":"Feature","geometry":{"type":"Polygon","coordinates":[[[-3.0482876,53.1442262],[-3.0483359,53.1443038],[-3.0482277,53.144328],[-3.0481794,53.1442504],[-3.0482876,53.1442262]]]},"properties":{"kind":"building","building":"yes","name":null,"height":5}},{"type":"Feature","geometry":{"type":"Polygon","coordinates":[[[-3.0482394,53.1441486],[-3.0482876,53.1442262],[-3.0481794,53.1442504],[-3.0481311,53.1441728],[-3.0482394,53.1441486]]]},"properties":{"kind":"building","building":"yes","name":null,"height":5}},{"type":"Feature","geometry":{"type":"Polygon","coordinates":[[[-3.0481911,53.144071],[-3.0482394,53.1441486],[-3.0481311,53.1441728],[-3.0480828,53.1440953],[-3.0481911,53.144071]]]},"properties":{"kind":"building","building":"yes","name":null,"height":5}},{"type":"Feature","geometry":{"type":"Polygon","coordinates":[[[-3.0481428,53.1439934],[-3.0481911,53.144071],[-3.0480828,53.1440953],[-3.0480346,53.1440177],[-3.0481428,53.1439934]]]},"properties":{"kind":"building","building":"yes","name":null,"height":5}},{"type":"Feature","geometry":{"type":"Polygon","coordinates":[[[-3.0480945,53.1439159],[-3.0481428,53.1439934],[-3.0480346,53.1440177],[-3.0479863,53.1439401],[-3.0480945,53.1439159]]]},"properties":{"kind":"building","building":"yes","name":null,"height":5}},{"type":"Feature","geometry":{"type":"Polygon","coordinates":[[[-3.0480462,53.1438383],[-3.0480945,53.1439159],[-3.0479863,53.1439401],[-3.047938,53.1438625],[-3.0480462,53.1438383]]]},"properties":{"kind":"building","building":"yes","name":null,"height":5}},{"type":"Feature","geometry":{"type":"Polygon","coordinates":[[[-3.047998,53.1437607],[-3.0480462,53.1438383],[-3.047938,53.1438625],[-3.0478897,53.1437849],[-3.047998,53.1437607]]]},"properties":{"kind":"building","building":"yes","name":null,"height":5}},{"type":"Feature","geometry":{"type":"Polygon","coordinates":[[[-3.0479497,53.1436831],[-3.047998,53.1437607],[-3.0478897,53.1437849],[-3.0478414,53.1437074],[-3.0479497,53.1436831]]]},"properties":{"kind":"building","building":"yes","name":null,"height":5}},{"type":"Feature","geometry":{"type":"Polygon","coordinates":[[[-3.0485497,53.1445942],[-3.0484714,53.1444814],[-3.0483962,53.1445001],[-3.0484185,53.1445323],[-3.0483703,53.1445444],[-3.0484263,53.1446251],[-3.0485497,53.1445942]]]},"properties":{"kind":"building","building":"yes","name":null,"height":5}},{"type":"Feature","geometry":{"type":"Polygon","coordinates":[[[-3.0486414,53.1444317],[-3.0485234,53.1444671],[-3.0485974,53.1445559],[-3.048672,53.1445335],[-3.048646,53.1445023],[-3.0486894,53.1444893],[-3.0486414,53.1444317]]]},"properties":{"kind":"building","building":"yes","name":null,"height":5}},{"type":"Feature","geometry":{"type":"Polygon","coordinates":[[[-3.0488226,53.1443412],[-3.0486706,53.1443813],[-3.0487428,53.1444797],[-3.04882,53.1444594],[-3.0487915,53.1444204],[-3.0488662,53.1444007],[-3.0488226,53.1443412]]]},"properties":{"kind":"building","building":"yes","name":null,"height":5}},{"type":"Feature","geometry":{"type":"Polygon","coordinates":[[[-3.0488943,53.1442287],[-3.0488212,53.1442702],[-3.0489252,53.1443359],[-3.0489982,53.1442943],[-3.0488943,53.1442287]]]},"properties":{"kind":"building","building":"yes","name":null,"height":5}},{"type":"Feature","geometry":{"type":"Polygon","coordinates":[[[-3.0489748,53.1441828],[-3.0488943,53.1442287],[-3.0489982,53.1442943],[-3.0490389,53.1442712],[-3.0489972,53.1442448],[-3.0490371,53.1442221],[-3.0489748,53.1441828]]]},"properties":{"kind":"building","building":"yes","name":null,"height":5}},{"type":"Feature","geometry":{"type":"Polygon","coordinates":[[[-3.0492371,53.1442124],[-3.0491435,53.1442445],[-3.0490792,53.1441769],[-3.0491728,53.1441449],[-3.0492371,53.1442124]]]},"properties":{"kind":"building","building":"yes","name":null,"height":5}},{"type":"Feature","geometry":{"type":"Polygon","coordinates":[[[-3.0493632,53.1441481],[-3.0492663,53.1441844],[-3.0491858,53.1441072],[-3.0492827,53.1440708],[-3.0493632,53.1441481]]]},"properties":{"kind":"building","building":"yes","name":null,"height":5}},{"type":"Feature","geometry":{"type":"Polygon","coordinates":[[[-3.0494919,53.1440773],[-3.0493993,53.1441131],[-3.0493215,53.1440407],[-3.0494142,53.1440049],[-3.0494919,53.1440773]]]},"properties":{"kind":"building","building":"yes","name":null,"height":5}},{"type":"Feature","geometry":{"type":"Polygon","coordinates":[[[-3.0496153,53.1440033],[-3.0495356,53.1440311],[-3.0494685,53.1439619],[-3.0495483,53.1439341],[-3.0496153,53.1440033]]]},"properties":{"kind":"building","building":"yes","name":null,"height":5}},{"type":"Feature","geometry":{"type":"Polygon","coordinates":[[[-3.0491044,53.143667],[-3.0489823,53.1436622],[-3.0489902,53.1435901],[-3.0491123,53.143595],[-3.0491044,53.143667]]]},"properties":{"kind":"building","building":"yes","name":null,"height":5}},{"type":"Feature","geometry":{"type":"Polygon","coordinates":[[[-3.0492264,53.1436719],[-3.0491044,53.143667],[-3.0491123,53.143595],[-3.0492343,53.1435998],[-3.0492264,53.1436719]]]},"properties":{"kind":"building","building":"yes","name":null,"height":5}},{"type":"Feature","geometry":{"type":"Polygon","coordinates":[[[-3.0495885,53.1436847],[-3.0495155,53.1437016],[-3.0494753,53.1436388],[-3.0495483,53.143622],[-3.0495885,53.1436847]]]},"properties":{"kind":"building","building":"yes","name":null,"height":5}},{"type":"Feature","geometry":{"type":"Polygon","coordinates":[[[-3.0496797,53.1437555],[-3.0496145,53.1437822],[-3.0495743,53.1437468],[-3.0496395,53.1437201],[-3.0496797,53.1437555]]]},"properties":{"kind":"building","building":"yes","name":null,"height":5}},{"type":"Feature","geometry":{"type":"Polygon","coordinates":[[[-3.0497146,53.1434981],[-3.049559,53.1435561],[-3.0494356,53.1434371],[-3.0495912,53.1433791],[-3.0497146,53.1434981]]]},"properties":{"kind":"building","building":"yes","name":null,"height":5}},{"type":"Feature","geometry":{"type":"Polygon","coordinates":[[[-3.0491889,53.1434209],[-3.0490521,53.1434128],[-3.0490648,53.1433349],[-3.0492016,53.143343],[-3.0491889,53.1434209]]]},"properties":{"kind":"building","building":"yes","name":null,"height":5}},{"type":"Feature","geometry":{"type":"Polygon","coordinates":[[[-3.049036,53.1433179],[-3.0490146,53.1433995],[-3.0488778,53.1433866],[-3.0488992,53.1433051],[-3.049036,53.1433179]]]},"properties":{"kind":"building","building":"yes","name":null,"height":5}},{"type":"Feature","geometry":{"type":"Polygon","coordinates":[[[-3.04869,53.1433565],[-3.0486793,53.1434254],[-3.0485345,53.1434174],[-3.0485451,53.1433485],[-3.04869,53.1433565]]]},"properties":{"kind":"building","building":"yes","name":null,"height":5}},{"type":"Feature","geometry":{"type":"Polygon","coordinates":[[[-3.0479175,53.1431152],[-3.0478534,53.1431703],[-3.047738,53.1431221],[-3.0478022,53.1430669],[-3.0479175,53.1431152]]]},"properties":{"kind":"building","building":"yes","name":null,"height":5}},{"type":"Feature","geometry":{"type":"Polygon","coordinates":[[[-3.0479872,53.1430267],[-3.0479279,53.1430837],[-3.0478206,53.1430435],[-3.0478799,53.1429865],[-3.0479872,53.1430267]]]},"properties":{"kind":"building","building":"yes","name":null,"height":5}},{"type":"Feature","geometry":{"type":"Polygon","coordinates":[[[-3.0486953,53.1433195],[-3.0485612,53.1433147],[-3.0485675,53.1432516],[-3.0487016,53.1432564],[-3.0486953,53.1433195]]]},"properties":{"kind":"building","building":"yes","name":null,"height":5}},{"type":"Feature","geometry":{"type":"Polygon","coordinates":[[[-3.0473435,53.1421815],[-3.0471653,53.1421767],[-3.0471622,53.1422183],[-3.0472164,53.1422198],[-3.0472131,53.1422643],[-3.0473194,53.1422672],[-3.0473435,53.1421815]]]},"properties":{"kind":"building","building":"yes","name":null,"height":5}},{"type":"Feature","geometry":{"type":"Polygon","coordinates":[[[-3.0471531,53.1421],[-3.0471476,53.1421513],[-3.0470215,53.1421465],[-3.047027,53.1420952],[-3.0471531,53.1421]]]},"properties":{"kind":"building","building":"yes","name":null,"height":5}},{"type":"Feature","geometry":{"type":"Polygon","coordinates":[[[-3.0474883,53.1420759],[-3.0474756,53.142136],[-3.047202,53.1421151],[-3.0472147,53.142055],[-3.0474883,53.1420759]]]},"properties":{"kind":"building","building":"yes","name":null,"height":5}},{"type":"Feature","geometry":{"type":"Polygon","coordinates":[[[-3.0480167,53.1419137],[-3.0478278,53.1419146],[-3.0478275,53.1418906],[-3.0477293,53.1418911],[-3.0477302,53.1419555],[-3.0478433,53.141955],[-3.0478441,53.1420166],[-3.0479515,53.1420161],[-3.0479506,53.1419473],[-3.0480184,53.141947],[-3.0480167,53.1419137]]]},"properties":{"kind":"building","building":"yes","name":null,"height":5}},{"type":"Feature","geometry":{"type":"Polygon","coordinates":[[[-3.048028,53.1420798],[-3.0478568,53.1420732],[-3.04786,53.1420428],[-3.0477451,53.1420384],[-3.0477386,53.1420994],[-3.0478567,53.1421039],[-3.0478493,53.1421735],[-3.0479515,53.1421775],[-3.0479586,53.142111],[-3.0480244,53.1421136],[-3.048028,53.1420798]]]},"properties":{"kind":"building","building":"yes","name":null,"height":5}},{"type":"Feature","geometry":{"type":"Polygon","coordinates":[[[-3.0474937,53.1421885],[-3.0474937,53.1422303],[-3.0474186,53.1422303],[-3.0474186,53.1421885],[-3.0474937,53.1421885]]]},"properties":{"kind":"building","building":"yes","name":null,"height":5}},{"type":"Feature","geometry":{"type":"Polygon","coordinates":[[[-3.0478209,53.1422754],[-3.0477807,53.1423124],[-3.0477054,53.1422829],[-3.0477457,53.1422459],[-3.0478209,53.1422754]]]},"properties":{"kind":"building","building":"yes","name":null,"height":5}},{"type":"Feature","geometry":{"type":"Polygon","coordinates":[[[-3.0480167,53.1422657],[-3.0479148,53.142359],[-3.0478328,53.1423268],[-3.0479347,53.1422335],[-3.0480167,53.1422657]]]},"properties":{"kind":"building","building":"yes","name":null,"height":5}},{"type":"Feature","geometry":{"type":"Polygon","coordinates":[[[-3.048529,53.1418732],[-3.048529,53.1419456],[-3.0483976,53.1419456],[-3.0483976,53.1418732],[-3.048529,53.1418732]]]},"properties":{"kind":"building","building":"yes","name":null,"height":5}},{"type":"Feature","geometry":{"type":"Polygon","coordinates":[[[-3.04847,53.1420373],[-3.0483547,53.1420373],[-3.0483547,53.1419681],[-3.04847,53.1419681],[-3.04847,53.1420373]]]},"properties":{"kind":"building","building":"yes","name":null,"height":5}},{"type":"Feature","geometry":{"type":"Polygon","coordinates":[[[-3.0484298,53.1421354],[-3.048301,53.1421354],[-3.048301,53.1420598],[-3.0484298,53.1420598],[-3.0484298,53.1421354]]]},"properties":{"kind":"building","building":"yes","name":null,"height":5}},{"type":"Feature","geometry":{"type":"Polygon","coordinates":[[[-3.0484673,53.1422239],[-3.0483386,53.1422239],[-3.0483386,53.1421579],[-3.0484673,53.1421579],[-3.0484673,53.1422239]]]},"properties":{"kind":"building","building":"yes","name":null,"height":5}},{"type":"Feature","geometry":{"type":"Polygon","coordinates":[[[-3.0484754,53.1423349],[-3.0483605,53.1423386],[-3.0483525,53.1422485],[-3.0484673,53.1422448],[-3.0484754,53.1423349]]]},"properties":{"kind":"building","building":"yes","name":null,"height":5}},{"type":"Feature","geometry":{"type":"Polygon","coordinates":[[[-3.0484512,53.14238],[-3.0483992,53.1424424],[-3.0482758,53.1424054],[-3.0483279,53.142343],[-3.0484512,53.14238]]]},"properties":{"kind":"building","building":"yes","name":null,"height":5}},{"type":"Feature","geometry":{"type":"Polygon","coordinates":[[[-3.047829,53.1424556],[-3.0477532,53.1424696],[-3.047721,53.1424068],[-3.0477968,53.1423928],[-3.047829,53.1424556]]]},"properties":{"kind":"building","building":"yes","name":null,"height":5}},{"type":"Feature","geometry":{"type":"Polygon","coordinates":[[[-3.0474374,53.1425103],[-3.0473163,53.1425418],[-3.0471742,53.1423455],[-3.0472952,53.142314],[-3.0474374,53.1425103]]]},"properties":{"kind":"building","building":"yes","name":null,"height":5}},{"type":"Feature","geometry":{"type":"Polygon","coordinates":[[[-3.0482608,53.1425521],[-3.0481133,53.1425682],[-3.0480887,53.1424869],[-3.0482362,53.1424708],[-3.0482608,53.1425521]]]},"properties":{"kind":"building","building":"yes","name":null,"height":5}},{"type":"Feature","geometry":{"type":"Polygon","coordinates":[[[-3.0481964,53.1427339],[-3.0481409,53.1428017],[-3.0479826,53.1427551],[-3.0480382,53.1426873],[-3.0481964,53.1427339]]]},"properties":{"kind":"building","building":"yes","name":null,"height":5}},{"type":"Feature","geometry":{"type":"Polygon","coordinates":[[[-3.0479577,53.1426519],[-3.0479499,53.1427256],[-3.0477809,53.1427191],[-3.0477887,53.1426454],[-3.0479577,53.1426519]]]},"properties":{"kind":"building","building":"yes","name":null,"height":5}},{"type":"Feature","geometry":{"type":"Polygon","coordinates":[[[-3.0475929,53.1427275],[-3.0474508,53.142742],[-3.0474315,53.1426739],[-3.0475737,53.1426594],[-3.0475929,53.1427275]]]},"properties":{"kind":"building","building":"yes","name":null,"height":5}},{"type":"Feature","geometry":{"type":"Polygon","coordinates":[[[-3.0476224,53.1428272],[-3.0474803,53.1428385],[-3.0474661,53.1427742],[-3.0476083,53.1427629],[-3.0476224,53.1428272]]]},"properties":{"kind":"building","building":"yes","name":null,"height":5}},{"type":"Feature","geometry":{"type":"Polygon","coordinates":[[[-3.0476493,53.1429141],[-3.0475125,53.142927],[-3.0474944,53.1428579],[-3.0476312,53.142845],[-3.0476493,53.1429141]]]},"properties":{"kind":"building","building":"yes","name":null,"height":5}},{"type":"Feature","geometry":{"type":"Polygon","coordinates":[[[-3.0477297,53.1429994],[-3.0476064,53.1430573],[-3.0475215,53.1429922],[-3.0476448,53.1429343],[-3.0477297,53.1429994]]]},"properties":{"kind":"building","building":"yes","name":null,"height":5}},{"type":"Feature","geometry":{"type":"Polygon","coordinates":[[[-3.0478075,53.1431844],[-3.0477217,53.1432616],[-3.0476356,53.1432272],[-3.0477215,53.14315],[-3.0478075,53.1431844]]]},"properties":{"kind":"building","building":"yes","name":null,"height":5}},{"type":"Feature","geometry":{"type":"Polygon","coordinates":[[[-3.0487302,53.1432359],[-3.0485478,53.1432278],[-3.0485565,53.1431567],[-3.0487389,53.1431648],[-3.0487302,53.1432359]]]},"properties":{"kind":"building","building":"yes","name":null,"height":5}},{"type":"Feature","geometry":{"type":"Polygon","coordinates":[[[-3.0485854,53.1431297],[-3.0484325,53.1431216],[-3.0484442,53.1430414],[-3.0485971,53.1430494],[-3.0485854,53.1431297]]]},"properties":{"kind":"building","building":"yes","name":null,"height":5}},{"type":"Feature","geometry":{"type":"Polygon","coordinates":[[[-3.0489881,53.1429228],[-3.0489019,53.143019],[-3.0490826,53.1430773],[-3.049133,53.1430211],[-3.0490466,53.1429932],[-3.0490824,53.1429533],[-3.0489881,53.1429228]]]},"properties":{"kind":"building","building":"yes","name":null,"height":5}},{"type":"Feature","geometry":{"type":"Polygon","coordinates":[[[-3.0490618,53.1427226],[-3.0490281,53.142768],[-3.0489479,53.1427466],[-3.0489275,53.1427741],[-3.0488244,53.1427466],[-3.0487864,53.1427978],[-3.0490028,53.1428555],[-3.0490408,53.1428042],[-3.0490708,53.1428122],[-3.0491247,53.1427394],[-3.0490618,53.1427226]]]},"properties":{"kind":"building","building":"yes","name":null,"height":5}},{"type":"Feature","geometry":{"type":"Polygon","coordinates":[[[-3.04931,53.1429011],[-3.0491425,53.142849],[-3.0491754,53.142811],[-3.0491215,53.1427943],[-3.0491767,53.1427304],[-3.0492334,53.142748],[-3.049202,53.1427844],[-3.0493666,53.1428356],[-3.04931,53.1429011]]]},"properties":{"kind":"building","building":"yes","name":null,"height":5}},{"type":"Feature","geometry":{"type":"Polygon","coordinates":[[[-3.049551,53.1426486],[-3.0494943,53.1426717],[-3.0494487,53.1426315],[-3.0495054,53.1426084],[-3.049551,53.1426486]]]},"properties":{"kind":"building","building":"yes","name":null,"height":5}},{"type":"Feature","geometry":{"type":"Polygon","coordinates":[[[-3.0496341,53.1427918],[-3.049543,53.1428273],[-3.0494438,53.1427356],[-3.0495349,53.1427001],[-3.0496341,53.1427918]]]},"properties":{"kind":"building","building":"yes","name":null,"height":5}},{"type":"Feature","geometry":{"type":"Polygon","coordinates":[[[-3.0498433,53.1425215],[-3.0499345,53.1426036],[-3.049669,53.1427098],[-3.0495778,53.1426277],[-3.0498433,53.1425215]]]},"properties":{"kind":"building","building":"yes","name":null,"height":5}},{"type":"Feature","geometry":{"type":"Polygon","coordinates":[[[-3.0489287,53.1424878],[-3.048881,53.1425376],[-3.0487174,53.1424813],[-3.0487651,53.1424314],[-3.0489287,53.1424878]]]},"properties":{"kind":"building","building":"yes","name":null,"height":5}},{"type":"Feature","geometry":{"type":"Polygon","coordinates":[[[-3.0488721,53.1425793],[-3.0486721,53.1425058],[-3.0486264,53.1425506],[-3.0487306,53.1425889],[-3.0486868,53.1426318],[-3.0487825,53.142667],[-3.0488721,53.1425793]]]},"properties":{"kind":"building","building":"yes","name":null,"height":5}},{"type":"Feature","geometry":{"type":"Polygon","coordinates":[[[-3.0489236,53.1423124],[-3.0488717,53.1423594],[-3.0487765,53.1423217],[-3.0487284,53.1423653],[-3.0489103,53.1424375],[-3.0490103,53.1423468],[-3.0489236,53.1423124]]]},"properties":{"kind":"building","building":"yes","name":null,"height":5}},{"type":"Feature","geometry":{"type":"Polygon","coordinates":[[[-3.0491594,53.142417],[-3.0491781,53.1425264],[-3.0490826,53.1425323],[-3.0490638,53.1424229],[-3.0491594,53.142417]]]},"properties":{"kind":"building","building":"yes","name":null,"height":5}},{"type":"Feature","geometry":{"type":"Polygon","coordinates":[[[-3.0493203,53.1424009],[-3.0492281,53.1424062],[-3.0492147,53.1423225],[-3.0493069,53.1423172],[-3.0493203,53.1424009]]]},"properties":{"kind":"building","building":"yes","name":null,"height":5}},{"type":"Feature","geometry":{"type":"Polygon","coordinates":[[[-3.0494329,53.1421628],[-3.0494431,53.1421954],[-3.0493573,53.1422051],[-3.0493471,53.1421724],[-3.0494329,53.1421628]]]},"properties":{"kind":"building","building":"yes","name":null,"height":5}},{"type":"Feature","geometry":{"type":"Polygon","coordinates":[[[-3.049362,53.1420735],[-3.0492836,53.1420703],[-3.0492875,53.1420357],[-3.0492046,53.1420323],[-3.0491919,53.1421434],[-3.0493533,53.14215],[-3.049362,53.1420735]]]},"properties":{"kind":"building","building":"yes","name":null,"height":5}},{"type":"Feature","geometry":{"type":"Polygon","coordinates":[[[-3.0482447,53.1417123],[-3.0482533,53.1417862],[-3.048138,53.141791],[-3.0481294,53.1417171],[-3.0482447,53.1417123]]]},"properties":{"kind":"building","building":"yes","name":null,"height":5}},{"type":"Feature","geometry":{"type":"Polygon","coordinates":[[[-3.0483976,53.1416962],[-3.0484016,53.1417864],[-3.0482996,53.141788],[-3.0482957,53.1416978],[-3.0483976,53.1416962]]]},"properties":{"kind":"building","building":"yes","name":null,"height":5}},{"type":"Feature","geometry":{"type":"Polygon","coordinates":[[[-3.0486095,53.1417863],[-3.048462,53.1417911],[-3.0484537,53.1417002],[-3.0486012,53.1416954],[-3.0486095,53.1417863]]]},"properties":{"kind":"building","building":"yes","name":null,"height":5}},{"type":"Feature","geometry":{"type":"Polygon","coordinates":[[[-3.0490306,53.1420534],[-3.0490367,53.1421434],[-3.0489053,53.1421466],[-3.0488992,53.1420566],[-3.0490306,53.1420534]]]},"properties":{"kind":"building","building":"yes","name":null,"height":5}},{"type":"Feature","geometry":{"type":"Polygon","coordinates":[[[-3.0490279,53.1419649],[-3.0490228,53.1420373],[-3.0488967,53.1420341],[-3.0489019,53.1419617],[-3.0490279,53.1419649]]]},"properties":{"kind":"building","building":"yes","name":null,"height":5}},{"type":"Feature","geometry":{"type":"Polygon","coordinates":[[[-3.0490172,53.1418732],[-3.0490146,53.1419359],[-3.0489047,53.1419343],[-3.0489072,53.1418716],[-3.0490172,53.1418732]]]},"properties":{"kind":"building","building":"yes","name":null,"height":5}},{"type":"Feature","geometry":{"type":"Polygon","coordinates":[[[-3.0490413,53.1417187],[-3.0490413,53.1418346],[-3.0489287,53.1418346],[-3.0489287,53.1417187],[-3.0490413,53.1417187]]]},"properties":{"kind":"building","building":"yes","name":null,"height":5}},{"type":"Feature","geometry":{"type":"Polygon","coordinates":[[[-3.0490091,53.1416222],[-3.0490091,53.1416994],[-3.0488831,53.1416994],[-3.0488831,53.1416222],[-3.0490091,53.1416222]]]},"properties":{"kind":"building","building":"yes","name":null,"height":5}},{"type":"Feature","geometry":{"type":"Polygon","coordinates":[[[-3.0489904,53.1415321],[-3.0489855,53.1415995],[-3.0488621,53.1415962],[-3.048867,53.1415289],[-3.0489904,53.1415321]]]},"properties":{"kind":"building","building":"yes","name":null,"height":5}},{"type":"Feature","geometry":{"type":"Polygon","coordinates":[[[-3.0489126,53.141442],[-3.0489098,53.1415031],[-3.0488132,53.1415015],[-3.048816,53.1414404],[-3.0489126,53.141442]]]},"properties":{"kind":"building","building":"yes","name":null,"height":5}},{"type":"Feature","geometry":{"type":"Polygon","coordinates":[[[-3.0489072,53.1414066],[-3.0487919,53.1414098],[-3.0487862,53.1413361],[-3.0489015,53.1413329],[-3.0489072,53.1414066]]]},"properties":{"kind":"building","building":"yes","name":null,"height":5}},{"type":"Feature","geometry":{"type":"Polygon","coordinates":[[[-3.0485639,53.1414066],[-3.0485771,53.1414734],[-3.0484189,53.1414847],[-3.0484056,53.1414179],[-3.0485639,53.1414066]]]},"properties":{"kind":"building","building":"yes","name":null,"height":5}},{"type":"Feature","geometry":{"type":"Polygon","coordinates":[[[-3.0483493,53.141405],[-3.0483493,53.1414806],[-3.0482394,53.1414806],[-3.0482394,53.141405],[-3.0483493,53.141405]]]},"properties":{"kind":"building","building":"yes","name":null,"height":5}},{"type":"Feature","geometry":{"type":"Polygon","coordinates":[[[-3.0481991,53.1414758],[-3.0480757,53.1414774],[-3.0480729,53.1413986],[-3.0481963,53.141397],[-3.0481991,53.1414758]]]},"properties":{"kind":"building","building":"yes","name":null,"height":5}},{"type":"Feature","geometry":{"type":"Polygon","coordinates":[[[-3.0477968,53.1414146],[-3.0476868,53.1413969],[-3.0477189,53.1413251],[-3.0478289,53.1413428],[-3.0477968,53.1414146]]]},"properties":{"kind":"building","building":"yes","name":null,"height":5}},{"type":"Feature","geometry":{"type":"Polygon","coordinates":[[[-3.0478317,53.1414516],[-3.0478338,53.1415127],[-3.0477078,53.1415143],[-3.0477056,53.1414532],[-3.0478317,53.1414516]]]},"properties":{"kind":"building","building":"yes","name":null,"height":5}},{"type":"Feature","geometry":{"type":"Polygon","coordinates":[[[-3.0478343,53.141553],[-3.0478343,53.1416077],[-3.047711,53.1416077],[-3.047711,53.141553],[-3.0478343,53.141553]]]},"properties":{"kind":"building","building":"yes","name":null,"height":5}},{"type":"Feature","geometry":{"type":"Polygon","coordinates":[[[-3.0478343,53.1416302],[-3.0478399,53.1417057],[-3.0477192,53.1417089],[-3.0477136,53.1416334],[-3.0478343,53.1416302]]]},"properties":{"kind":"building","building":"yes","name":null,"height":5}},{"type":"Feature","geometry":{"type":"Polygon","coordinates":[[[-3.047888,53.1418152],[-3.0477558,53.1418442],[-3.0477048,53.1417606],[-3.047837,53.1417316],[-3.047888,53.1418152]]]},"properties":{"kind":"building","building":"yes","name":null,"height":5}},{"type":"Feature","geometry":{"type":"Polygon","coordinates":[[[-3.047309,53.1417804],[-3.047233,53.1417809],[-3.0472341,53.1418422],[-3.0471245,53.141843],[-3.0471226,53.1417403],[-3.0473082,53.141739],[-3.047309,53.1417804]]]},"properties":{"kind":"building","building":"yes","name":null,"height":5}},{"type":"Feature","geometry":{"type":"Polygon","coordinates":[[[-3.0473263,53.1417214],[-3.0473286,53.1416296],[-3.0471189,53.1416277],[-3.0471176,53.1416803],[-3.0472635,53.1416816],[-3.0472625,53.1417208],[-3.0473263,53.1417214]]]},"properties":{"kind":"building","building":"yes","name":null,"height":5}},{"type":"Feature","geometry":{"type":"Polygon","coordinates":[[[-3.0473124,53.1414756],[-3.0471245,53.141476],[-3.0471252,53.1416062],[-3.0472122,53.141606],[-3.047212,53.1415668],[-3.0473129,53.1415666],[-3.0473124,53.1414756]]]},"properties":{"kind":"building","building":"yes","name":null,"height":5}},{"type":"Feature","geometry":{"type":"Polygon","coordinates":[[[-3.0471262,53.1413495],[-3.0471262,53.1414034],[-3.047255,53.1414034],[-3.047255,53.1413495],[-3.0471262,53.1413495]]]},"properties":{"kind":"building","building":"yes","name":null,"height":5}},{"type":"Feature","geometry":{"type":"Polygon","coordinates":[[[-3.0472496,53.1412714],[-3.0471262,53.1412714],[-3.0471262,53.1413495],[-3.047255,53.1413495],[-3.0473194,53.1413495],[-3.0473194,53.1412714],[-3.0472496,53.1412714]]]},"properties":{"kind":"building","building":"yes","name":null,"height":5}},{"type":"Feature","geometry":{"type":"Polygon","coordinates":[[[-3.0480932,53.1410378],[-3.0479467,53.1410508],[-3.0479707,53.1411478],[-3.0479089,53.1411533],[-3.047928,53.1412306],[-3.0480779,53.1412172],[-3.0480495,53.1411024],[-3.0481079,53.1410972],[-3.0480932,53.1410378]]]},"properties":{"kind":"building","building":"yes","name":null,"height":5}},{"type":"Feature","geometry":{"type":"Polygon","coordinates":[[[-3.0472916,53.144214],[-3.0472067,53.144243],[-3.0471506,53.1441838],[-3.0472355,53.1441548],[-3.0472916,53.144214]]]},"properties":{"kind":"building","building":"yes","name":null,"height":5}},{"type":"Feature","geometry":{"type":"Polygon","coordinates":[[[-3.0473766,53.1441851],[-3.0472916,53.144214],[-3.0472355,53.1441548],[-3.0473205,53.1441259],[-3.0473766,53.1441851]]]},"properties":{"kind":"building","building":"yes","name":null,"height":5}},{"type":"Feature","geometry":{"type":"Polygon","coordinates":[[[-3.0474615,53.1441561],[-3.0473766,53.1441851],[-3.0473205,53.1441259],[-3.0474054,53.1440969],[-3.0474615,53.1441561]]]},"properties":{"kind":"building","building":"yes","name":null,"height":5}},{"type":"Feature","geometry":{"type":"Polygon","coordinates":[[[-3.0477472,53.1440346],[-3.0477807,53.144095],[-3.0476769,53.1441157],[-3.0476434,53.1440554],[-3.0477472,53.1440346]]]},"properties":{"kind":"building","building":"yes","name":null,"height":5}},{"type":"Feature","geometry":{"type":"Polygon","coordinates":[[[-3.0477136,53.1439743],[-3.0477472,53.1440346],[-3.0476434,53.1440554],[-3.0476098,53.1439951],[-3.0477136,53.1439743]]]},"properties":{"kind":"building","building":"yes","name":null,"height":5}},{"type":"Feature","geometry":{"type":"Polygon","coordinates":[[[-3.047078,53.1438987],[-3.0471322,53.1439955],[-3.0470297,53.1440161],[-3.0469754,53.1439194],[-3.047078,53.1438987]]]},"properties":{"kind":"building","building":"yes","name":null,"height":5}},{"type":"Feature","geometry":{"type":"Polygon","coordinates":[[[-3.0474043,53.1439175],[-3.0472979,53.1439389],[-3.0472566,53.1438652],[-3.047363,53.1438437],[-3.0474043,53.1439175]]]},"properties":{"kind":"building","building":"yes","name":null,"height":5}},{"type":"Feature","geometry":{"type":"Polygon","coordinates":[[[-3.0475107,53.143896],[-3.0474043,53.1439175],[-3.047363,53.1438437],[-3.0474694,53.1438223],[-3.0475107,53.143896]]]},"properties":{"kind":"building","building":"yes","name":null,"height":5}},{"type":"Feature","geometry":{"type":"Polygon","coordinates":[[[-3.0476171,53.1438746],[-3.0475107,53.143896],[-3.0474694,53.1438223],[-3.0475757,53.1438008],[-3.0476171,53.1438746]]]},"properties":{"kind":"building","building":"yes","name":null,"height":5}},{"type":"Feature","geometry":{"type":"Polygon","coordinates":[[[-3.0456939,53.1418683],[-3.0456711,53.141953],[-3.0454887,53.1419353],[-3.0455115,53.1418506],[-3.0456939,53.1418683]]]},"properties":{"kind":"building","building":"yes","name":null,"height":5}},{"type":"Feature","geometry":{"type":"Polygon","coordinates":[[[-3.0458871,53.1418748],[-3.0458625,53.141939],[-3.0457338,53.1419213],[-3.0457583,53.1418571],[-3.0458871,53.1418748]]]},"properties":{"kind":"building","building":"yes","name":null,"height":5}},{"type":"Feature","geometry":{"type":"Polygon","coordinates":[[[-3.0460493,53.1418901],[-3.046158,53.1418989],[-3.0461373,53.14199],[-3.0460287,53.1419812],[-3.0460493,53.1418901]]]},"properties":{"kind":"building","building":"yes","name":null,"height":5}},{"type":"Feature","geometry":{"type":"Polygon","coordinates":[[[-3.0459407,53.1418812],[-3.0460493,53.1418901],[-3.0460287,53.1419812],[-3.0459201,53.1419723],[-3.0459407,53.1418812]]]},"properties":{"kind":"building","building":"yes","name":null,"height":5}},{"type":"Feature","geometry":{"type":"Polygon","coordinates":[[[-3.0463699,53.1419247],[-3.0463442,53.142017],[-3.0462154,53.1420041],[-3.0462411,53.1419118],[-3.0463699,53.1419247]]]},"properties":{"kind":"building","building":"yes","name":null,"height":5}},{"type":"Feature","geometry":{"type":"Polygon","coordinates":[[[-3.0464771,53.1420534],[-3.0464771,53.1421065],[-3.0464047,53.1421065],[-3.0464047,53.1420534],[-3.0464771,53.1420534]]]},"properties":{"kind":"building","building":"yes","name":null,"height":5}},{"type":"Feature","geometry":{"type":"Polygon","coordinates":[[[-3.0466354,53.1420131],[-3.0464718,53.1420131],[-3.0464718,53.1419263],[-3.0466354,53.1419263],[-3.0466354,53.1420131]]]},"properties":{"kind":"building","building":"yes","name":null,"height":5}},{"type":"Feature","geometry":{"type":"Polygon","coordinates":[[[-3.0468585,53.1419566],[-3.0467071,53.1419409],[-3.0466942,53.1419855],[-3.0467607,53.1419924],[-3.0467384,53.1420699],[-3.0468233,53.1420787],[-3.0468585,53.1419566]]]},"properties":{"kind":"building","building":"yes","name":null,"height":5}},{"type":"Feature","geometry":{"type":"Polygon","coordinates":[[[-3.0467534,53.1423832],[-3.0467919,53.142431],[-3.0467141,53.1424535],[-3.0466756,53.1424057],[-3.0467534,53.1423832]]]},"properties":{"kind":"building","building":"yes","name":null,"height":5}},{"type":"Feature","geometry":{"type":"Polygon","coordinates":[[[-3.0467761,53.142209],[-3.0466731,53.1422701],[-3.0468233,53.1423612],[-3.0468815,53.1423266],[-3.0468379,53.1423002],[-3.0468827,53.1422736],[-3.0467761,53.142209]]]},"properties":{"kind":"building","building":"yes","name":null,"height":5}},{"type":"Feature","geometry":{"type":"Polygon","coordinates":[[[-3.0462733,53.1427468],[-3.0462981,53.142746],[-3.0463202,53.1427528],[-3.0463336,53.1427653],[-3.0463349,53.1427801],[-3.0463236,53.1427934],[-3.0463028,53.1428015],[-3.046278,53.1428022],[-3.0462559,53.1427955],[-3.0462424,53.142783],[-3.0462412,53.1427681],[-3.0462525,53.1427549],[-3.0462733,53.1427468]]]},"properties":{"kind":"building","building":"yes","name":null,"height":5}},{"type":"Feature","geometry":{"type":"Polygon","coordinates":[[[-3.0469186,53.1426257],[-3.0471802,53.1430457],[-3.0471525,53.1430519],[-3.0472061,53.1431381],[-3.0469782,53.1431891],[-3.046932,53.1431149],[-3.0467299,53.1431602],[-3.046618,53.1429806],[-3.0467375,53.1429538],[-3.0465804,53.1427015],[-3.0469186,53.1426257]]]},"properties":{"kind":"building","building":"yes","name":null,"height":5}},{"type":"Feature","geometry":{"type":"Polygon","coordinates":[[[-3.0458307,53.1445229],[-3.0457369,53.1445326],[-3.0457184,53.144468],[-3.0458123,53.1444583],[-3.0458307,53.1445229]]]},"properties":{"kind":"building","building":"yes","name":null,"height":5}},{"type":"Feature","geometry":{"type":"Polygon","coordinates":[[[-3.0459246,53.1445133],[-3.0458307,53.1445229],[-3.0458123,53.1444583],[-3.0459061,53.1444487],[-3.0459246,53.1445133]]]},"properties":{"kind":"building","building":"yes","name":null,"height":5}},{"type":"Feature","geometry":{"type":"Polygon","coordinates":[[[-3.0461258,53.144502],[-3.0460319,53.1445181],[-3.0460092,53.1444705],[-3.0461031,53.1444544],[-3.0461258,53.144502]]]},"properties":{"kind":"building","building":"yes","name":null,"height":5}},{"type":"Feature","geometry":{"type":"Polygon","coordinates":[[[-3.0462196,53.1444859],[-3.0461258,53.144502],[-3.0461031,53.1444544],[-3.046197,53.1444383],[-3.0462196,53.1444859]]]},"properties":{"kind":"building","building":"yes","name":null,"height":5}},{"type":"Feature","geometry":{"type":"Polygon","coordinates":[[[-3.0464718,53.1444505],[-3.0463484,53.1444714],[-3.0463238,53.1444193],[-3.0464472,53.1443984],[-3.0464718,53.1444505]]]},"properties":{"kind":"building","building":"yes","name":null,"height":5}},{"type":"Feature","geometry":{"type":"Polygon","coordinates":[[[-3.0465952,53.1444296],[-3.0464718,53.1444505],[-3.0464472,53.1443984],[-3.0465706,53.1443775],[-3.0465952,53.1444296]]]},"properties":{"kind":"building","building":"yes","name":null,"height":5}},{"type":"Feature","geometry":{"type":"Polygon","coordinates":[[[-3.0467561,53.1443771],[-3.0466703,53.1444023],[-3.0466275,53.1443498],[-3.0467133,53.1443246],[-3.0467561,53.1443771]]]},"properties":{"kind":"building","building":"yes","name":null,"height":5}},{"type":"Feature","geometry":{"type":"Polygon","coordinates":[[[-3.0468419,53.1443519],[-3.0467561,53.1443771],[-3.0467133,53.1443246],[-3.0467991,53.1442994],[-3.0468419,53.1443519]]]},"properties":{"kind":"building","building":"yes","name":null,"height":5}},{"type":"Feature","geometry":{"type":"Polygon","coordinates":[[[-3.0469278,53.1443266],[-3.0468419,53.1443519],[-3.0467991,53.1442994],[-3.046885,53.1442742],[-3.0469278,53.1443266]]]},"properties":{"kind":"building","building":"yes","name":null,"height":5}},{"type":"Feature","geometry":{"type":"Polygon","coordinates":[[[-3.0465835,53.14408],[-3.0465442,53.1440113],[-3.0466907,53.1439811],[-3.04673,53.1440498],[-3.0465835,53.14408]]]},"properties":{"kind":"building","building":"yes","name":null,"height":5}},{"type":"Feature","geometry":{"type":"Polygon","coordinates":[[[-3.0466229,53.1441486],[-3.0465835,53.14408],[-3.04673,53.1440498],[-3.0467693,53.1441184],[-3.0466229,53.1441486]]]},"properties":{"kind":"building","building":"yes","name":null,"height":5}},{"type":"Feature","geometry":{"type":"Polygon","coordinates":[[[-3.0466622,53.1442172],[-3.0466229,53.1441486],[-3.0467693,53.1441184],[-3.0468087,53.144187],[-3.0466622,53.1442172]]]},"properties":{"kind":"building","building":"yes","name":null,"height":5}},{"type":"Feature","geometry":{"type":"Polygon","coordinates":[[[-3.0458562,53.1442349],[-3.0457583,53.1442543],[-3.0457212,53.1441866],[-3.0458191,53.1441673],[-3.0458562,53.1442349]]]},"properties":{"kind":"building","building":"yes","name":null,"height":5}},{"type":"Feature","geometry":{"type":"Polygon","coordinates":[[[-3.0459541,53.1442156],[-3.0458562,53.1442349],[-3.0458191,53.1441673],[-3.045917,53.144148],[-3.0459541,53.1442156]]]},"properties":{"kind":"building","building":"yes","name":null,"height":5}},{"type":"Feature","geometry":{"type":"Polygon","coordinates":[[[-3.046052,53.1441963],[-3.0459541,53.1442156],[-3.045917,53.144148],[-3.0460149,53.1441287],[-3.046052,53.1441963]]]},"properties":{"kind":"building","building":"yes","name":null,"height":5}},{"type":"Feature","geometry":{"type":"Polygon","coordinates":[[[-3.0461499,53.144177],[-3.046052,53.1441963],[-3.0460149,53.1441287],[-3.0461128,53.1441094],[-3.0461499,53.144177]]]},"properties":{"kind":"building","building":"yes","name":null,"height":5}},{"type":"Feature","geometry":{"type":"Polygon","coordinates":[[[-3.0462948,53.1441502],[-3.0461901,53.1441706],[-3.0461471,53.1440911],[-3.0462517,53.1440708],[-3.0462948,53.1441502]]]},"properties":{"kind":"building","building":"yes","name":null,"height":5}},{"type":"Feature","geometry":{"type":"Polygon","coordinates":[[[-3.0463994,53.1441298],[-3.0462948,53.1441502],[-3.0462517,53.1440708],[-3.0463563,53.1440504],[-3.0463994,53.1441298]]]},"properties":{"kind":"building","building":"yes","name":null,"height":5}},{"type":"Feature","geometry":{"type":"Polygon","coordinates":[[[-3.046504,53.1441095],[-3.0463994,53.1441298],[-3.0463563,53.1440504],[-3.0464609,53.14403],[-3.046504,53.1441095]]]},"properties":{"kind":"building","building":"yes","name":null,"height":5}},{"type":"Feature","geometry":{"type":"Polygon","coordinates":[[[-3.0453023,53.1440403],[-3.0453104,53.1440885],[-3.0451811,53.1440963],[-3.045173,53.144048],[-3.0453023,53.1440403]]]},"properties":{"kind":"building","building":"yes","name":null,"height":5}},{"type":"Feature","geometry":{"type":"Polygon","coordinates":[[[-3.0452943,53.143992],[-3.0453023,53.1440403],[-3.045173,53.144048],[-3.045165,53.1439998],[-3.0452943,53.143992]]]},"properties":{"kind":"building","building":"yes","name":null,"height":5}},{"type":"Feature","geometry":{"type":"Polygon","coordinates":[[[-3.0453278,53.1441634],[-3.0453318,53.1442124],[-3.0452025,53.1442162],[-3.0451985,53.1441672],[-3.0453278,53.1441634]]]},"properties":{"kind":"building","building":"yes","name":null,"height":5}},{"type":"Feature","geometry":{"type":"Polygon","coordinates":[[[-3.0453238,53.1441143],[-3.0453278,53.1441634],[-3.0451985,53.1441672],[-3.0451944,53.1441181],[-3.0453238,53.1441143]]]},"properties":{"kind":"building","building":"yes","name":null,"height":5}},{"type":"Feature","geometry":{"type":"Polygon","coordinates":[[[-3.0452675,53.1439663],[-3.0452541,53.1438183],[-3.0450985,53.1436686],[-3.0449617,53.1437201],[-3.0450958,53.143836],[-3.0451119,53.1439679],[-3.0452675,53.1439663]]]},"properties":{"kind":"building","building":"yes","name":null,"height":5}},{"type":"Feature","geometry":{"type":"Polygon","coordinates":[[[-3.0449174,53.144399],[-3.0450019,53.1444377],[-3.0449259,53.1444975],[-3.0448414,53.1444589],[-3.0449174,53.144399]]]},"properties":{"kind":"building","building":"yes","name":null,"height":5}},{"type":"Feature","geometry":{"type":"Polygon","coordinates":[[[-3.0452648,53.1444449],[-3.0453613,53.1444521],[-3.04535,53.1445068],[-3.0452534,53.1444995],[-3.0452648,53.1444449]]]},"properties":{"kind":"building","building":"yes","name":null,"height":5}},{"type":"Feature","geometry":{"type":"Polygon","coordinates":[[[-3.0451682,53.1444377],[-3.0452648,53.1444449],[-3.0452534,53.1444995],[-3.0451568,53.1444923],[-3.0451682,53.1444377]]]},"properties":{"kind":"building","building":"yes","name":null,"height":5}},{"type":"Feature","geometry":{"type":"Polygon","coordinates":[[[-3.0455357,53.1444489],[-3.0456349,53.1444553],[-3.0456203,53.1445364],[-3.0455211,53.14453],[-3.0455357,53.1444489]]]},"properties":{"kind":"building","building":"yes","name":null,"height":5}},{"type":"Feature","geometry":{"type":"Polygon","coordinates":[[[-3.0454364,53.1444425],[-3.0455357,53.1444489],[-3.0455211,53.14453],[-3.0454218,53.1445236],[-3.0454364,53.1444425]]]},"properties":{"kind":"building","building":"yes","name":null,"height":5}},{"type":"Feature","geometry":{"type":"Polygon","coordinates":[[[-3.0454545,53.1418259],[-3.0452972,53.1418082],[-3.0452774,53.1418714],[-3.0454541,53.1418913],[-3.0454695,53.1418421],[-3.0454501,53.14184],[-3.0454545,53.1418259]]]},"properties":{"kind":"building","building":"yes","name":null,"height":5}},{"type":"Feature","geometry":{"type":"Polygon","coordinates":[[[-3.0450717,53.1417867],[-3.045187,53.1417871],[-3.0451862,53.1418699],[-3.0450709,53.1418695],[-3.0450717,53.1417867]]]},"properties":{"kind":"building","building":"yes","name":null,"height":5}},{"type":"Feature","geometry":{"type":"Polygon","coordinates":[[[-3.0449563,53.1417863],[-3.0450717,53.1417867],[-3.0450709,53.1418695],[-3.0449555,53.1418691],[-3.0449563,53.1417863]]]},"properties":{"kind":"building","building":"yes","name":null,"height":5}},{"type":"Feature","geometry":{"type":"Polygon","coordinates":[[[-3.0461794,53.1400913],[-3.046107,53.1400929],[-3.0461056,53.1400696],[-3.046178,53.140068],[-3.0461794,53.1400913]]]},"properties":{"kind":"building","building":"yes","name":null,"height":5}},{"type":"Feature","geometry":{"type":"Polygon","coordinates":[[[-3.0461895,53.1402453],[-3.0461915,53.1402747],[-3.0461257,53.1402763],[-3.0461237,53.140247],[-3.0461895,53.1402453]]]},"properties":{"kind":"building","building":"yes","name":null,"height":5}},{"type":"Feature","geometry":{"type":"Polygon","coordinates":[[[-3.0461875,53.140216],[-3.0461895,53.1402453],[-3.0461237,53.140247],[-3.0461216,53.1402176],[-3.0461875,53.140216]]]},"properties":{"kind":"building","building":"yes","name":null,"height":5}},{"type":"Feature","geometry":{"type":"Polygon","coordinates":[[[-3.046225,53.1403849],[-3.0462286,53.1404041],[-3.0461441,53.1404097],[-3.0461405,53.1403906],[-3.046225,53.1403849]]]},"properties":{"kind":"building","building":"yes","name":null,"height":5}},{"type":"Feature","geometry":{"type":"Polygon","coordinates":[[[-3.045187,53.1408748],[-3.0451857,53.1409336],[-3.045144,53.1409332],[-3.0451453,53.1408745],[-3.045187,53.1408748]]]},"properties":{"kind":"building","building":"yes","name":null,"height":5}},{"type":"Feature","geometry":{"type":"Polygon","coordinates":[[[-3.0454566,53.1409899],[-3.045419,53.1409897],[-3.0454203,53.1408916],[-3.0454579,53.1408917],[-3.0454566,53.1409899]]]},"properties":{"kind":"building","building":"yes","name":null,"height":5}},{"type":"Feature","geometry":{"type":"Polygon","coordinates":[[[-3.0455303,53.1409054],[-3.0455236,53.1409738],[-3.0454793,53.1409722],[-3.045486,53.1409038],[-3.0455303,53.1409054]]]},"properties":{"kind":"building","building":"yes","name":null,"height":5}},{"type":"Feature","geometry":{"type":"Polygon","coordinates":[[[-3.0457892,53.1409038],[-3.0457892,53.1409601],[-3.0457127,53.1409601],[-3.0457127,53.1409038],[-3.0457892,53.1409038]]]},"properties":{"kind":"building","building":"yes","name":null,"height":5}},{"type":"Feature","geometry":{"type":"Polygon","coordinates":[[[-3.0460334,53.1409013],[-3.046032,53.140915],[-3.0459704,53.1409128],[-3.0459632,53.1409858],[-3.046011,53.1409875],[-3.0460125,53.1409722],[-3.0460773,53.1409745],[-3.0460843,53.1409031],[-3.0460334,53.1409013]]]},"properties":{"kind":"building","building":"yes","name":null,"height":5}},{"type":"Feature","geometry":{"type":"Polygon","coordinates":[[[-3.0463459,53.1409539],[-3.04634,53.141017],[-3.046265,53.1410144],[-3.0462669,53.1409945],[-3.0462312,53.1409933],[-3.0462377,53.1409251],[-3.0462825,53.1409267],[-3.0462802,53.1409517],[-3.0463459,53.1409539]]]},"properties":{"kind":"building","building":"yes","name":null,"height":5}},{"type":"Feature","geometry":{"type":"Polygon","coordinates":[[[-3.0477859,53.141194],[-3.0477379,53.1411927],[-3.0477403,53.1411612],[-3.0476845,53.1411597],[-3.0476798,53.1412222],[-3.0477835,53.141225],[-3.0477859,53.141194]]]},"properties":{"kind":"building","building":"yes","name":null,"height":5}},{"type":"Feature","geometry":{"type":"Polygon","coordinates":[[[-3.0475632,53.1411736],[-3.0474262,53.1411746],[-3.0474271,53.1412234],[-3.0475069,53.1412229],[-3.0475073,53.1412427],[-3.0475712,53.1412423],[-3.0475717,53.1412684],[-3.0476251,53.141268],[-3.0476238,53.1411976],[-3.0475637,53.1411981],[-3.0475632,53.1411736]]]},"properties":{"kind":"building","building":"yes","name":null,"height":5}},{"type":"Feature","geometry":{"type":"Polygon","coordinates":[[[-3.0474118,53.1410436],[-3.0472245,53.141044],[-3.0472252,53.1411618],[-3.0473502,53.1411615],[-3.0473501,53.1411456],[-3.0473806,53.1411455],[-3.0473802,53.1410711],[-3.047412,53.1410711],[-3.0474118,53.1410436]]]},"properties":{"kind":"building","building":"yes","name":null,"height":5}},{"type":"Feature","geometry":{"type":"Polygon","coordinates":[[[-3.0474803,53.1408828],[-3.0472423,53.1408806],[-3.0472409,53.1409319],[-3.047425,53.1409336],[-3.0474256,53.1409076],[-3.0474789,53.1409081],[-3.0474803,53.1408828]]]},"properties":{"kind":"building","building":"yes","name":null,"height":5}},{"type":"Feature","geometry":{"type":"Polygon","coordinates":[[[-3.0475782,53.1409287],[-3.0475775,53.1409561],[-3.047493,53.1409553],[-3.0474937,53.1409279],[-3.0475782,53.1409287]]]},"properties":{"kind":"building","building":"yes","name":null,"height":5}},{"type":"Feature","geometry":{"type":"Polygon","coordinates":[[[-3.0477566,53.1406769],[-3.0475815,53.1406769],[-3.0475815,53.1407767],[-3.0476949,53.1407767],[-3.0476949,53.1408431],[-3.0478665,53.1408431],[-3.0478665,53.1407469],[-3.0477566,53.1407469],[-3.0477566,53.1406769]]]},"properties":{"kind":"building","building":"yes","name":null,"height":5}},{"type":"Feature","geometry":{"type":"Polygon","coordinates":[[[-3.0468015,53.14088],[-3.0468687,53.1409263],[-3.046791,53.1409682],[-3.0468339,53.1409947],[-3.0468272,53.1410325],[-3.046677,53.1410221],[-3.046685,53.1409794],[-3.0467212,53.1409826],[-3.0467333,53.1409657],[-3.0466877,53.1409416],[-3.046698,53.1409343],[-3.0468015,53.14088]]]},"properties":{"kind":"building","building":"yes","name":null,"height":5}},{"type":"Feature","geometry":{"type":"Polygon","coordinates":[[[-3.0468015,53.14088],[-3.0467425,53.1408395],[-3.046639,53.1408938],[-3.046698,53.1409343],[-3.0468015,53.14088]]]},"properties":{"kind":"building","building":"yes","name":null,"height":5}},{"type":"Feature","geometry":{"type":"Polygon","coordinates":[[[-3.0465469,53.1411467],[-3.0465429,53.141184],[-3.0464584,53.1411808],[-3.0464624,53.1411435],[-3.0465469,53.1411467]]]},"properties":{"kind":"building","building":"yes","name":null,"height":5}},{"type":"Feature","geometry":{"type":"Polygon","coordinates":[[[-3.0468038,53.1411497],[-3.0468198,53.1410522],[-3.0466529,53.1410424],[-3.0466422,53.1411078],[-3.0466835,53.1411102],[-3.0466782,53.1411423],[-3.0468038,53.1411497]]]},"properties":{"kind":"building","building":"yes","name":null,"height":5}},{"type":"Feature","geometry":{"type":"Polygon","coordinates":[[[-3.0460364,53.1412782],[-3.0459528,53.1412647],[-3.045968,53.1412308],[-3.0458224,53.1412073],[-3.0458087,53.1412377],[-3.0457052,53.141221],[-3.0456781,53.1412815],[-3.0460108,53.1413352],[-3.0460364,53.1412782]]]},"properties":{"kind":"building","building":"yes","name":null,"height":5}},{"type":"Feature","geometry":{"type":"Polygon","coordinates":[[[-3.046229,53.1412722],[-3.0461654,53.1412672],[-3.0461775,53.1412125],[-3.0462411,53.1412175],[-3.046229,53.1412722]]]},"properties":{"kind":"building","building":"yes","name":null,"height":5}},{"type":"Feature","geometry":{"type":"Polygon","coordinates":[[[-3.0463403,53.1412899],[-3.0462736,53.1412828],[-3.0462897,53.1412289],[-3.0463564,53.141236],[-3.0463403,53.1412899]]]},"properties":{"kind":"building","building":"yes","name":null,"height":5}},{"type":"Feature","geometry":{"type":"Polygon","coordinates":[[[-3.0465942,53.1412795],[-3.0464976,53.1412707],[-3.0464677,53.1413891],[-3.0465151,53.1413934],[-3.0465217,53.1413673],[-3.0465709,53.1413718],[-3.0465942,53.1412795]]]},"properties":{"kind":"building","building":"yes","name":null,"height":5}},{"type":"Feature","geometry":{"type":"Polygon","coordinates":[[[-3.046744,53.1414369],[-3.0467505,53.1414117],[-3.0466656,53.1414038],[-3.0466954,53.1412882],[-3.0465942,53.1412795],[-3.0465709,53.1413718],[-3.0466159,53.1413777],[-3.0466039,53.1414239],[-3.046744,53.1414369]]]},"properties":{"kind":"building","building":"yes","name":null,"height":5}},{"type":"Feature","geometry":{"type":"Polygon","coordinates":[[[-3.0461122,53.141536],[-3.045851,53.141513],[-3.0458427,53.1415469],[-3.0457864,53.141542],[-3.0457758,53.1415856],[-3.0458238,53.1415899],[-3.0458108,53.1416431],[-3.0459105,53.1416519],[-3.0459234,53.1415987],[-3.0460146,53.1416067],[-3.0460029,53.1416546],[-3.0460816,53.1416615],[-3.0461122,53.141536]]]},"properties":{"kind":"building","building":"yes","name":null,"height":5}},{"type":"Feature","geometry":{"type":"Polygon","coordinates":[[[-3.0463494,53.1414596],[-3.0461617,53.1414355],[-3.0461756,53.1413966],[-3.0463633,53.1414207],[-3.0463494,53.1414596]]]},"properties":{"kind":"building","building":"yes","name":null,"height":5}},{"type":"Feature","geometry":{"type":"Polygon","coordinates":[[[-3.0457784,53.1413857],[-3.0457731,53.1414219],[-3.0457324,53.1414197],[-3.0457378,53.1413835],[-3.0457784,53.1413857]]]},"properties":{"kind":"building","building":"yes","name":null,"height":5}},{"type":"Feature","geometry":{"type":"Polygon","coordinates":[[[-3.0457647,53.1414464],[-3.0456909,53.1414401],[-3.0456789,53.1414908],[-3.045508,53.1414762],[-3.0454982,53.1415173],[-3.0455494,53.1415216],[-3.0455396,53.1415628],[-3.0457331,53.1415794],[-3.0457647,53.1414464]]]},"properties":{"kind":"building","building":"yes","name":null,"height":5}},{"type":"Feature","geometry":{"type":"Polygon","coordinates":[[[-3.0452607,53.1414715],[-3.045303,53.1414742],[-3.0452978,53.141504],[-3.0453216,53.1415055],[-3.045315,53.1415427],[-3.0453733,53.1415464],[-3.045363,53.1416046],[-3.0453335,53.1416027],[-3.0453283,53.1416324],[-3.0452333,53.1416263],[-3.0452607,53.1414715]]]},"properties":{"kind":"building","building":"yes","name":null,"height":5}},{"type":"Feature","geometry":{"type":"Polygon","coordinates":[[[-3.0452607,53.1414715],[-3.0452351,53.1414699],[-3.0452301,53.1414981],[-3.0452,53.1414962],[-3.0451943,53.1415279],[-3.0451124,53.1415227],[-3.0451034,53.1415734],[-3.0451398,53.1415758],[-3.045132,53.1416199],[-3.0452333,53.1416263],[-3.0452607,53.1414715]]]},"properties":{"kind":"building","building":"yes","name":null,"height":5}},{"type":"Feature","geometry":{"type":"Polygon","coordinates":[[[-3.0450436,53.1414955],[-3.0450736,53.1413695],[-3.0449613,53.1413598],[-3.0449441,53.141432],[-3.0449854,53.1414356],[-3.0449726,53.1414895],[-3.0450436,53.1414955]]]},"properties":{"kind":"building","building":"yes","name":null,"height":5}},{"type":"Feature","geometry":{"type":"Polygon","coordinates":[[[-3.0450651,53.1407639],[-3.045171,53.140768],[-3.0451627,53.1408466],[-3.0450568,53.1408426],[-3.0450651,53.1407639]]]},"properties":{"kind":"building","building":"yes","name":null,"height":5}},{"type":"Feature","geometry":{"type":"Polygon","coordinates":[[[-3.0449591,53.1407599],[-3.0450651,53.1407639],[-3.0450568,53.1408426],[-3.0449508,53.1408385],[-3.0449591,53.1407599]]]},"properties":{"kind":"building","building":"yes","name":null,"height":5}},{"type":"Feature","geometry":{"type":"Polygon","coordinates":[[[-3.0453494,53.1407672],[-3.0454553,53.1407712],[-3.045447,53.1408498],[-3.0453411,53.1408458],[-3.0453494,53.1407672]]]},"properties":{"kind":"building","building":"yes","name":null,"height":5}},{"type":"Feature","geometry":{"type":"Polygon","coordinates":[[[-3.0452435,53.1407631],[-3.0453494,53.1407672],[-3.0453411,53.1408458],[-3.0452352,53.1408418],[-3.0452435,53.1407631]]]},"properties":{"kind":"building","building":"yes","name":null,"height":5}},{"type":"Feature","geometry":{"type":"Polygon","coordinates":[[[-3.0456149,53.140772],[-3.0457209,53.140776],[-3.0457126,53.1408546],[-3.0456066,53.1408506],[-3.0456149,53.140772]]]},"properties":{"kind":"building","building":"yes","name":null,"height":5}},{"type":"Feature","geometry":{"type":"Polygon","coordinates":[[[-3.045509,53.140768],[-3.0456149,53.140772],[-3.0456066,53.1408506],[-3.0455007,53.1408466],[-3.045509,53.140768]]]},"properties":{"kind":"building","building":"yes","name":null,"height":5}},{"type":"Feature","geometry":{"type":"Polygon","coordinates":[[[-3.0459234,53.1407768],[-3.0460293,53.1407808],[-3.046021,53.1408595],[-3.0459151,53.1408554],[-3.0459234,53.1407768]]]},"properties":{"kind":"building","building":"yes","name":null,"height":5}},{"type":"Feature","geometry":{"type":"Polygon","coordinates":[[[-3.0458174,53.1407728],[-3.0459234,53.1407768],[-3.0459151,53.1408554],[-3.0458091,53.1408514],[-3.0458174,53.1407728]]]},"properties":{"kind":"building","building":"yes","name":null,"height":5}},{"type":"Feature","geometry":{"type":"Polygon","coordinates":[[[-3.0461862,53.1408025],[-3.0462922,53.1408066],[-3.0462839,53.1408852],[-3.046178,53.1408812],[-3.0461862,53.1408025]]]},"properties":{"kind":"building","building":"yes","name":null,"height":5}},{"type":"Feature","geometry":{"type":"Polygon","coordinates":[[[-3.0460803,53.1407985],[-3.0461862,53.1408025],[-3.046178,53.1408812],[-3.046072,53.1408771],[-3.0460803,53.1407985]]]},"properties":{"kind":"building","building":"yes","name":null,"height":5}},{"type":"Feature","geometry":{"type":"Polygon","coordinates":[[[-3.0464436,53.1408105],[-3.0465496,53.1408145],[-3.0465413,53.1408931],[-3.0464353,53.1408891],[-3.0464436,53.1408105]]]},"properties":{"kind":"building","building":"yes","name":null,"height":5}},{"type":"Feature","geometry":{"type":"Polygon","coordinates":[[[-3.0463377,53.1408065],[-3.0464436,53.1408105],[-3.0464353,53.1408891],[-3.0463294,53.1408851],[-3.0463377,53.1408065]]]},"properties":{"kind":"building","building":"yes","name":null,"height":5}},{"type":"Feature","geometry":{"type":"Polygon","coordinates":[[[-3.0449215,53.1404879],[-3.0450207,53.1404734],[-3.0450462,53.1405364],[-3.044947,53.1405508],[-3.0449215,53.1404879]]]},"properties":{"kind":"building","building":"yes","name":null,"height":5}},{"type":"Feature","geometry":{"type":"Polygon","coordinates":[[[-3.0451736,53.1400591],[-3.045195,53.1401082],[-3.0450886,53.1401249],[-3.0450672,53.1400759],[-3.0451736,53.1400591]]]},"properties":{"kind":"building","building":"yes","name":null,"height":5}},{"type":"Feature","geometry":{"type":"Polygon","coordinates":[[[-3.0451521,53.14001],[-3.0451736,53.1400591],[-3.0450672,53.1400759],[-3.0450457,53.1400268],[-3.0451521,53.14001]]]},"properties":{"kind":"building","building":"yes","name":null,"height":5}},{"type":"Feature","geometry":{"type":"Polygon","coordinates":[[[-3.045238,53.1401983],[-3.0452621,53.1402514],[-3.0451697,53.1402665],[-3.0451456,53.1402134],[-3.045238,53.1401983]]]},"properties":{"kind":"building","building":"yes","name":null,"height":5}},{"type":"Feature","geometry":{"type":"Polygon","coordinates":[[[-3.0452138,53.1401452],[-3.045238,53.1401983],[-3.0451456,53.1402134],[-3.0451215,53.1401603],[-3.0452138,53.1401452]]]},"properties":{"kind":"building","building":"yes","name":null,"height":5}},{"type":"Feature","geometry":{"type":"Polygon","coordinates":[[[-3.0452889,53.1403391],[-3.0453131,53.1403978],[-3.0451931,53.1404155],[-3.0451689,53.1403568],[-3.0452889,53.1403391]]]},"properties":{"kind":"building","building":"yes","name":null,"height":5}},{"type":"Feature","geometry":{"type":"Polygon","coordinates":[[[-3.0452648,53.1402803],[-3.0452889,53.1403391],[-3.0451689,53.1403568],[-3.0451448,53.1402981],[-3.0452648,53.1402803]]]},"properties":{"kind":"building","building":"yes","name":null,"height":5}},{"type":"Feature","geometry":{"type":"Polygon","coordinates":[[[-3.045368,53.1405048],[-3.0454633,53.1405056],[-3.0454613,53.1405876],[-3.0453661,53.1405868],[-3.045368,53.1405048]]]},"properties":{"kind":"building","building":"yes","name":null,"height":5}},{"type":"Feature","geometry":{"type":"Polygon","coordinates":[[[-3.0452728,53.140504],[-3.045368,53.1405048],[-3.0453661,53.1405868],[-3.0452709,53.140586],[-3.0452728,53.140504]]]},"properties":{"kind":"building","building":"yes","name":null,"height":5}},{"type":"Feature","geometry":{"type":"Polygon","coordinates":[[[-3.0456309,53.140508],[-3.0457476,53.1405056],[-3.0457514,53.1405716],[-3.0456347,53.1405741],[-3.0456309,53.140508]]]},"properties":{"kind":"building","building":"yes","name":null,"height":5}},{"type":"Feature","geometry":{"type":"Polygon","coordinates":[[[-3.0455142,53.1405104],[-3.0456309,53.140508],[-3.0456347,53.1405741],[-3.045518,53.1405765],[-3.0455142,53.1405104]]]},"properties":{"kind":"building","building":"yes","name":null,"height":5}},{"type":"Feature","geometry":{"type":"Polygon","coordinates":[[[-3.0456765,53.1403584],[-3.0456859,53.1404171],[-3.0455745,53.1404235],[-3.0455651,53.1403648],[-3.0456765,53.1403584]]]},"properties":{"kind":"building","building":"yes","name":null,"height":5}},{"type":"Feature","geometry":{"type":"Polygon","coordinates":[[[-3.0456671,53.1402996],[-3.0456765,53.1403584],[-3.0455651,53.1403648],[-3.0455557,53.1403061],[-3.0456671,53.1402996]]]},"properties":{"kind":"building","building":"yes","name":null,"height":5}},{"type":"Feature","geometry":{"type":"Polygon","coordinates":[[[-3.045643,53.1402071],[-3.0456483,53.1402562],[-3.0455282,53.1402609],[-3.0455228,53.1402119],[-3.045643,53.1402071]]]},"properties":{"kind":"building","building":"yes","name":null,"height":5}},{"type":"Feature","geometry":{"type":"Polygon","coordinates":[[[-3.0456376,53.1401581],[-3.045643,53.1402071],[-3.0455228,53.1402119],[-3.0455174,53.1401628],[-3.0456376,53.1401581]]]},"properties":{"kind":"building","building":"yes","name":null,"height":5}},{"type":"Feature","geometry":{"type":"Polygon","coordinates":[[[-3.0456309,53.1400511],[-3.0456376,53.140113],[-3.0455306,53.1401172],[-3.0455239,53.1400552],[-3.0456309,53.1400511]]]},"properties":{"kind":"building","building":"yes","name":null,"height":5}},{"type":"Feature","geometry":{"type":"Polygon","coordinates":[[[-3.0456242,53.1399891],[-3.0456309,53.1400511],[-3.0455239,53.1400552],[-3.0455172,53.1399933],[-3.0456242,53.1399891]]]},"properties":{"kind":"building","building":"yes","name":null,"height":5}},{"type":"Feature","geometry":{"type":"Polygon","coordinates":[[[-3.0460833,53.1400479],[-3.0460742,53.1399569],[-3.0460276,53.1399586],[-3.0460231,53.1399136],[-3.0458949,53.1399182],[-3.0459085,53.1400542],[-3.0460833,53.1400479]]]},"properties":{"kind":"building","building":"yes","name":null,"height":5}},{"type":"Feature","geometry":{"type":"Polygon","coordinates":[[[-3.046052,53.1401556],[-3.0460587,53.1402176],[-3.0459136,53.1402232],[-3.0459069,53.1401613],[-3.046052,53.1401556]]]},"properties":{"kind":"building","building":"yes","name":null,"height":5}},{"type":"Feature","geometry":{"type":"Polygon","coordinates":[[[-3.0460453,53.1400937],[-3.046052,53.1401556],[-3.0459069,53.1401613],[-3.0459002,53.1400994],[-3.0460453,53.1400937]]]},"properties":{"kind":"building","building":"yes","name":null,"height":5}},{"type":"Feature","geometry":{"type":"Polygon","coordinates":[[[-3.0460802,53.1403375],[-3.0460909,53.140401],[-3.0459637,53.1404087],[-3.045953,53.1403452],[-3.0460802,53.1403375]]]},"properties":{"kind":"building","building":"yes","name":null,"height":5}},{"type":"Feature","geometry":{"type":"Polygon","coordinates":[[[-3.0460694,53.1402739],[-3.0460802,53.1403375],[-3.045953,53.1403452],[-3.0459423,53.1402816],[-3.0460694,53.1402739]]]},"properties":{"kind":"building","building":"yes","name":null,"height":5}},{"type":"Feature","geometry":{"type":"Polygon","coordinates":[[[-3.0461633,53.1405136],[-3.0460684,53.1405836],[-3.045953,53.1405273],[-3.046048,53.1404573],[-3.0461633,53.1405136]]]},"properties":{"kind":"building","building":"yes","name":null,"height":5}},{"type":"Feature","geometry":{"type":"Polygon","coordinates":[[[-3.0463497,53.1405144],[-3.046461,53.1405185],[-3.0464522,53.1406066],[-3.0463409,53.1406026],[-3.0463497,53.1405144]]]},"properties":{"kind":"building","building":"yes","name":null,"height":5}},{"type":"Feature","geometry":{"type":"Polygon","coordinates":[[[-3.0462384,53.1405104],[-3.0463497,53.1405144],[-3.0463409,53.1406026],[-3.0462296,53.1405986],[-3.0462384,53.1405104]]]},"properties":{"kind":"building","building":"yes","name":null,"height":5}},{"type":"Feature","geometry":{"type":"Polygon","coordinates":[[[-3.0466555,53.1405201],[-3.0467588,53.1405233],[-3.0467499,53.140626],[-3.0466466,53.1406228],[-3.0466555,53.1405201]]]},"properties":{"kind":"building","building":"yes","name":null,"height":5}},{"type":"Feature","geometry":{"type":"Polygon","coordinates":[[[-3.0465522,53.1405169],[-3.0466555,53.1405201],[-3.0466466,53.1406228],[-3.0465434,53.1406196],[-3.0465522,53.1405169]]]},"properties":{"kind":"building","building":"yes","name":null,"height":5}},{"type":"Feature","geometry":{"type":"Polygon","coordinates":[[[-3.0469396,53.1406478],[-3.0469515,53.1405504],[-3.0468188,53.1405447],[-3.0468114,53.1406056],[-3.0468733,53.1406083],[-3.0468689,53.1406447],[-3.0469396,53.1406478]]]},"properties":{"kind":"building","building":"yes","name":null,"height":5}},{"type":"Feature","geometry":{"type":"Polygon","coordinates":[[[-3.0461158,53.1396497],[-3.0459238,53.1396452],[-3.0459196,53.1397098],[-3.0460214,53.1397122],[-3.0460188,53.1397516],[-3.046109,53.1397537],[-3.0461158,53.1396497]]]},"properties":{"kind":"building","building":"yes","name":null,"height":5}},{"type":"Feature","geometry":{"type":"Polygon","coordinates":[[[-3.0460188,53.1397516],[-3.0460167,53.139784],[-3.0459021,53.1397813],[-3.045898,53.1398451],[-3.0461199,53.1398504],[-3.0461229,53.1398048],[-3.0461056,53.1398044],[-3.046109,53.1397537],[-3.0460188,53.1397516]]]},"properties":{"kind":"building","building":"yes","name":null,"height":5}},{"type":"Feature","geometry":{"type":"Polygon","coordinates":[[[-3.0460353,53.1395084],[-3.0460332,53.1395407],[-3.0459186,53.139538],[-3.0459144,53.1396019],[-3.0461364,53.1396071],[-3.0461394,53.1395616],[-3.0461221,53.1395612],[-3.0461254,53.1395105],[-3.0460353,53.1395084]]]},"properties":{"kind":"building","building":"yes","name":null,"height":5}},{"type":"Feature","geometry":{"type":"Polygon","coordinates":[[[-3.0461323,53.1394065],[-3.0459403,53.139402],[-3.045936,53.1394666],[-3.0460379,53.139469],[-3.0460353,53.1395084],[-3.0461254,53.1395105],[-3.0461323,53.1394065]]]},"properties":{"kind":"building","building":"yes","name":null,"height":5}},{"type":"Feature","geometry":{"type":"Polygon","coordinates":[[[-3.046056,53.1392731],[-3.0460549,53.139299],[-3.0459314,53.1392972],[-3.0459284,53.1393712],[-3.0461599,53.1393746],[-3.046164,53.1392747],[-3.046056,53.1392731]]]},"properties":{"kind":"building","building":"yes","name":null,"height":5}},{"type":"Feature","geometry":{"type":"Polygon","coordinates":[[[-3.046164,53.1392747],[-3.0461687,53.1392257],[-3.046115,53.1392257],[-3.046115,53.1391549],[-3.0459514,53.1391549],[-3.0459514,53.1392329],[-3.046052,53.1392329],[-3.046056,53.1392731],[-3.046164,53.1392747]]]},"properties":{"kind":"building","building":"yes","name":null,"height":5}},{"type":"Feature","geometry":{"type":"Polygon","coordinates":[[[-3.0461419,53.1390704],[-3.0461373,53.1391314],[-3.0459576,53.1391266],[-3.0459622,53.1390656],[-3.0461419,53.1390704]]]},"properties":{"kind":"building","building":"yes","name":null,"height":5}},{"type":"Feature","geometry":{"type":"Polygon","coordinates":[[[-3.0460748,53.138924],[-3.0459541,53.1390012],[-3.0458573,53.1389468],[-3.045978,53.1388695],[-3.0460748,53.138924]]]},"properties":{"kind":"building","building":"yes","name":null,"height":5}},{"type":"Feature","geometry":{"type":"Polygon","coordinates":[[[-3.0459192,53.1388274],[-3.0458307,53.1389304],[-3.0457198,53.1388961],[-3.0458083,53.1387931],[-3.0459192,53.1388274]]]},"properties":{"kind":"building","building":"yes","name":null,"height":5}},{"type":"Feature","geometry":{"type":"Polygon","coordinates":[[[-3.0456269,53.1389208],[-3.0455201,53.13894],[-3.0454638,53.1388274],[-3.0455706,53.1388081],[-3.0456269,53.1389208]]]},"properties":{"kind":"building","building":"yes","name":null,"height":5}},{"type":"Feature","geometry":{"type":"Polygon","coordinates":[[[-3.0454579,53.1389385],[-3.0453578,53.1389575],[-3.0452907,53.1388304],[-3.0453908,53.1388114],[-3.0454579,53.1389385]]]},"properties":{"kind":"building","building":"yes","name":null,"height":5}},{"type":"Feature","geometry":{"type":"Polygon","coordinates":[[[-3.0451414,53.1389988],[-3.0450314,53.1390221],[-3.0449912,53.1389538],[-3.0451011,53.1389305],[-3.0451414,53.1389988]]]},"properties":{"kind":"building","building":"yes","name":null,"height":5}},{"type":"Feature","geometry":{"type":"Polygon","coordinates":[[[-3.0452514,53.1389755],[-3.0451414,53.1389988],[-3.0451011,53.1389305],[-3.0452111,53.1389072],[-3.0452514,53.1389755]]]},"properties":{"kind":"building","building":"yes","name":null,"height":5}},{"type":"Feature","geometry":{"type":"Polygon","coordinates":[[[-3.0456261,53.1393851],[-3.0456316,53.1393176],[-3.0455072,53.139314],[-3.0455048,53.1393433],[-3.045438,53.1393413],[-3.0454349,53.1393795],[-3.0455018,53.1393814],[-3.0456261,53.1393851]]]},"properties":{"kind":"building","building":"yes","name":null,"height":5}},{"type":"Feature","geometry":{"type":"Polygon","coordinates":[[[-3.0456233,53.139458],[-3.0456261,53.1393851],[-3.0455018,53.1393814],[-3.0454971,53.1394551],[-3.0456233,53.139458]]]},"properties":{"kind":"building","building":"yes","name":null,"height":5}},{"type":"Feature","geometry":{"type":"Polygon","coordinates":[[[-3.0456455,53.1392301],[-3.0456485,53.139125],[-3.0455147,53.1391236],[-3.0455137,53.1391602],[-3.0455796,53.1391608],[-3.0455777,53.1392293],[-3.0456455,53.1392301]]]},"properties":{"kind":"building","building":"yes","name":null,"height":5}},{"type":"Feature","geometry":{"type":"Polygon","coordinates":[[[-3.0454606,53.1392104],[-3.0453318,53.1392297],[-3.0452998,53.1391528],[-3.0454286,53.1391335],[-3.0454606,53.1392104]]]},"properties":{"kind":"building","building":"yes","name":null,"height":5}},{"type":"Feature","geometry":{"type":"Polygon","coordinates":[[[-3.0452755,53.1392442],[-3.045136,53.1392667],[-3.0451041,53.1391955],[-3.0452436,53.139173],[-3.0452755,53.1392442]]]},"properties":{"kind":"building","building":"yes","name":null,"height":5}},{"type":"Feature","geometry":{"type":"Polygon","coordinates":[[[-3.0450839,53.1392597],[-3.044999,53.1392767],[-3.0450271,53.1393274],[-3.0449499,53.1393428],[-3.0448854,53.1392267],[-3.0450475,53.1391943],[-3.0450839,53.1392597]]]},"properties":{"kind":"building","building":"yes","name":null,"height":5}},{"type":"Feature","geometry":{"type":"Polygon","coordinates":[[[-3.0452143,53.1393823],[-3.0452022,53.1393516],[-3.0449758,53.1393837],[-3.0450035,53.1394538],[-3.0451676,53.1394305],[-3.0451521,53.1393911],[-3.0452143,53.1393823]]]},"properties":{"kind":"building","building":"yes","name":null,"height":5}},{"type":"Feature","geometry":{"type":"Polygon","coordinates":[[[-3.0452123,53.139426],[-3.0451676,53.1394305],[-3.0450035,53.1394538],[-3.0450238,53.1395281],[-3.0451521,53.1395117],[-3.0451397,53.1394767],[-3.0452264,53.1394657],[-3.0452123,53.139426]]]},"properties":{"kind":"building","building":"yes","name":null,"height":5}},{"type":"Feature","geometry":{"type":"Polygon","coordinates":[[[-3.0456135,53.1395885],[-3.0456081,53.1396641],[-3.0454739,53.1396607],[-3.0454793,53.1395851],[-3.0456135,53.1395885]]]},"properties":{"kind":"building","building":"yes","name":null,"height":5}},{"type":"Feature","geometry":{"type":"Polygon","coordinates":[[[-3.0456188,53.1395129],[-3.0456135,53.1395885],[-3.0454793,53.1395851],[-3.0454846,53.1395094],[-3.0456188,53.1395129]]]},"properties":{"kind":"building","building":"yes","name":null,"height":5}},{"type":"Feature","geometry":{"type":"Polygon","coordinates":[[[-3.0455934,53.1397969],[-3.045584,53.1398861],[-3.0454422,53.1398808],[-3.0454516,53.1397915],[-3.0455934,53.1397969]]]},"properties":{"kind":"building","building":"yes","name":null,"height":5}},{"type":"Feature","geometry":{"type":"Polygon","coordinates":[[[-3.0456027,53.1397076],[-3.0455934,53.1397969],[-3.0454516,53.1397915],[-3.045461,53.1397022],[-3.0456027,53.1397076]]]},"properties":{"kind":"building","building":"yes","name":null,"height":5}},{"type":"Feature","geometry":{"type":"Polygon","coordinates":[[[-3.0450197,53.1396552],[-3.0450212,53.1397306],[-3.0451552,53.1397296],[-3.0451545,53.1396957],[-3.0452185,53.1396952],[-3.0452176,53.1396537],[-3.0450197,53.1396552]]]},"properties":{"kind":"building","building":"yes","name":null,"height":5}},{"type":"Feature","geometry":{"type":"Polygon","coordinates":[[[-3.0452176,53.1396537],[-3.0452188,53.1396124],[-3.0451552,53.1396128],[-3.0451544,53.1395719],[-3.0450132,53.1395729],[-3.0450197,53.1396552],[-3.0452176,53.1396537]]]},"properties":{"kind":"building","building":"yes","name":null,"height":5}},{"type":"Feature","geometry":{"type":"Polygon","coordinates":[[[-3.0451535,53.1398556],[-3.0451602,53.1399296],[-3.0450213,53.1399341],[-3.0450146,53.1398601],[-3.0451535,53.1398556]]]},"properties":{"kind":"building","building":"yes","name":null,"height":5}},{"type":"Feature","geometry":{"type":"Polygon","coordinates":[[[-3.0451468,53.1397816],[-3.0451535,53.1398556],[-3.0450146,53.1398601],[-3.0450078,53.1397861],[-3.0451468,53.1397816]]]},"properties":{"kind":"building","building":"yes","name":null,"height":5}},{"type":"Feature","geometry":{"type":"Polygon","coordinates":[[[-3.0791741,53.1350825],[-3.0790783,53.1351026],[-3.0790877,53.1351182],[-3.0790297,53.1351288],[-3.0790198,53.1351127],[-3.0789361,53.1351288],[-3.0788804,53.135041],[-3.078988,53.1350171],[-3.0790075,53.135039],[-3.0791418,53.1350122],[-3.0791741,53.1350825]]]},"properties":{"kind":"building","building":"house","name":"Y Fferm","height":6.4}},{"type":"Feature","geometry":{"type":"Polygon","coordinates":[[[-3.0812821,53.1338588],[-3.0813593,53.1336844],[-3.0812276,53.133664],[-3.0811913,53.1337362],[-3.0812276,53.133743],[-3.0811913,53.1338479],[-3.0812821,53.1338588]]]},"properties":{"kind":"building","building":"yes","name":"The Old Stores Motorbike Cafe","height":5}},{"type":"Feature","geometry":{"type":"Polygon","coordinates":[[[-3.0591019,53.1569863],[-3.0591078,53.1570087],[-3.0591935,53.1570006],[-3.0591659,53.1568963],[-3.0590803,53.1569044],[-3.0591019,53.1569863]]]},"properties":{"kind":"building","building":"residential","name":null,"height":5}},{"type":"Feature","geometry":{"type":"Polygon","coordinates":[[[-3.0589698,53.1569973],[-3.0588743,53.1570037],[-3.0588593,53.1569237],[-3.0589549,53.1569172],[-3.0589698,53.1569973]]]},"properties":{"kind":"building","building":"residential","name":null,"height":5}},{"type":"Feature","geometry":{"type":"Polygon","coordinates":[[[-3.0590316,53.156993],[-3.0589698,53.1569973],[-3.0589549,53.1569172],[-3.0590148,53.1569114],[-3.0590316,53.156993]]]},"properties":{"kind":"building","building":"residential","name":null,"height":5}},{"type":"Feature","geometry":{"type":"Polygon","coordinates":[[[-3.0591019,53.1569863],[-3.0590316,53.156993],[-3.0590148,53.1569114],[-3.0590803,53.1569044],[-3.0591019,53.1569863]]]},"properties":{"kind":"building","building":"residential","name":null,"height":5}},{"type":"Feature","geometry":{"type":"Polygon","coordinates":[[[-3.0582598,53.1571797],[-3.0582047,53.157083],[-3.058041,53.1571165],[-3.0580705,53.1571683],[-3.0581804,53.1571458],[-3.0582059,53.1571907],[-3.0582598,53.1571797]]]},"properties":{"kind":"building","building":"yes","name":null,"height":5}},{"type":"Feature","geometry":{"type":"Polygon","coordinates":[[[-3.0584641,53.1570522],[-3.0585459,53.1570352],[-3.0585186,53.156988],[-3.0584402,53.1570043],[-3.0584641,53.1570522]]]},"properties":{"kind":"building","building":"yes","name":null,"height":5}},{"type":"Feature","geometry":{"type":"Polygon","coordinates":[[[-3.0584894,53.1571026],[-3.0584173,53.1571156],[-3.0583677,53.1570167],[-3.0584402,53.1570043],[-3.0584641,53.1570522],[-3.0584894,53.1571026]]]},"properties":{"kind":"building","building":"yes","name":null,"height":5}},{"type":"Feature","geometry":{"type":"Polygon","coordinates":[[[-3.0585082,53.1572706],[-3.0583961,53.157296],[-3.0583197,53.1571746],[-3.0584317,53.1571492],[-3.0585082,53.1572706]]]},"properties":{"kind":"building","building":"yes","name":null,"height":5}},{"type":"Feature","geometry":{"type":"Polygon","coordinates":[[[-3.0586892,53.1571918],[-3.0585736,53.1572107],[-3.0585401,53.1571367],[-3.0586557,53.1571179],[-3.0586892,53.1571918]]]},"properties":{"kind":"building","building":"yes","name":null,"height":5}},{"type":"Feature","geometry":{"type":"Polygon","coordinates":[[[-3.0566748,53.1596708],[-3.056742,53.1597708],[-3.0564824,53.1598336],[-3.0564483,53.1597829],[-3.0566,53.1597462],[-3.0565668,53.1596969],[-3.0566748,53.1596708]]]},"properties":{"kind":"building","building":"residential","name":null,"height":5}},{"type":"Feature","geometry":{"type":"Polygon","coordinates":[[[-3.0547531,53.1596742],[-3.0547415,53.1597024],[-3.054594,53.1596807],[-3.0546056,53.1596525],[-3.0547531,53.1596742]]]},"properties":{"kind":"building","building":"residential","name":null,"height":5}},{"type":"Feature","geometry":{"type":"Polygon","coordinates":[[[-3.0547343,53.1595994],[-3.0547158,53.1596449],[-3.0545562,53.1596216],[-3.0545747,53.1595761],[-3.0547343,53.1595994]]]},"properties":{"kind":"building","building":"residential","name":null,"height":5}},{"type":"Feature","geometry":{"type":"Polygon","coordinates":[[[-3.0543522,53.159689],[-3.0544719,53.159701],[-3.0544853,53.1596529],[-3.0544577,53.1596501],[-3.054473,53.1595952],[-3.054381,53.159586],[-3.0543522,53.159689]]]},"properties":{"kind":"building","building":"residential","name":null,"height":5}},{"type":"Feature","geometry":{"type":"Polygon","coordinates":[[[-3.054381,53.159586],[-3.0542985,53.1595744],[-3.0542885,53.1596094],[-3.0542061,53.1596009],[-3.0541858,53.1596721],[-3.0543522,53.159689],[-3.054381,53.159586]]]},"properties":{"kind":"building","building":"residential","name":null,"height":5}},{"type":"Feature","geometry":{"type":"Polygon","coordinates":[[[-3.0543722,53.159441],[-3.0543454,53.1594764],[-3.0542885,53.1594609],[-3.0543153,53.1594255],[-3.0543722,53.159441]]]},"properties":{"kind":"building","building":"residential","name":null,"height":5}},{"type":"Feature","geometry":{"type":"Polygon","coordinates":[[[-3.054827,53.1599907],[-3.0548294,53.1600712],[-3.0547201,53.1600724],[-3.0547283,53.1603456],[-3.0547297,53.1603941],[-3.0549254,53.160392],[-3.0549134,53.1599898],[-3.054827,53.1599907]]]},"properties":{"kind":"building","building":"warehouse","name":null,"height":5}},{"type":"Feature","geometry":{"type":"Polygon","coordinates":[[[-3.0450881,53.1253442],[-3.0441646,53.1248662],[-3.0445876,53.1245179],[-3.0455862,53.1250326],[-3.0450881,53.1253442]]]},"properties":{"kind":"building","building":"commercial","name":"Replica Roman Fort","height":5}},{"type":"Feature","geometry":{"type":"Polygon","coordinates":[[[-3.0698701,53.1596607],[-3.0698747,53.1596131],[-3.0697206,53.1596077],[-3.069741,53.1593971],[-3.0696731,53.1593948],[-3.0696448,53.1596896],[-3.0697466,53.1596931],[-3.0697501,53.1596566],[-3.0698701,53.1596607]]]},"properties":{"kind":"building","building":"yes","name":null,"height":5}},{"type":"Feature","geometry":{"type":"Polygon","coordinates":[[[-3.0694521,53.1591178],[-3.069429,53.1594522],[-3.0690605,53.159443],[-3.0690837,53.1591086],[-3.0694521,53.1591178]]]},"properties":{"kind":"building","building":"yes","name":null,"height":5}},{"type":"Feature","geometry":{"type":"Polygon","coordinates":[[[-3.0693681,53.1597596],[-3.0690985,53.1597468],[-3.0691122,53.1595477],[-3.069391,53.159554],[-3.0693681,53.1597596]]]},"properties":{"kind":"building","building":"yes","name":null,"height":5}},{"type":"Feature","geometry":{"type":"Polygon","coordinates":[[[-3.0697476,53.1598135],[-3.0697539,53.1597607],[-3.0696075,53.1597544],[-3.0696012,53.1598072],[-3.0697476,53.1598135]]]},"properties":{"kind":"building","building":"yes","name":null,"height":5}},{"type":"Feature","geometry":{"type":"Polygon","coordinates":[[[-3.0696088,53.1594801],[-3.0695213,53.1594778],[-3.0695251,53.1594262],[-3.0696126,53.1594285],[-3.0696088,53.1594801]]]},"properties":{"kind":"building","building":"yes","name":null,"height":5}},{"type":"Feature","geometry":{"type":"Polygon","coordinates":[[[-3.069228,53.1599733],[-3.0690706,53.1599665],[-3.0690965,53.1597521],[-3.069254,53.159759],[-3.069228,53.1599733]]]},"properties":{"kind":"building","building":"yes","name":null,"height":5}},{"type":"Feature","geometry":{"type":"Polygon","coordinates":[[[-3.0822642,53.1537208],[-3.0819169,53.1537112],[-3.0819224,53.1536398],[-3.0822697,53.1536493],[-3.0822642,53.1537208]]]},"properties":{"kind":"building","building":"yes","name":null,"height":5}},{"type":"Feature","geometry":{"type":"Polygon","coordinates":[[[-3.0827191,53.1536541],[-3.0826153,53.1536362],[-3.0826483,53.1535674],[-3.0827522,53.1535854],[-3.0827191,53.1536541]]]},"properties":{"kind":"building","building":"yes","name":null,"height":5}},{"type":"Feature","geometry":{"type":"Polygon","coordinates":[[[-3.0858826,53.154898],[-3.0858033,53.1549125],[-3.0857065,53.154723],[-3.0857893,53.1547096],[-3.0858076,53.1547449],[-3.0858826,53.154898]]]},"properties":{"kind":"building","building":"yes","name":null,"height":5}},{"type":"Feature","geometry":{"type":"Polygon","coordinates":[[[-3.0860271,53.1547039],[-3.0858076,53.1547449],[-3.0857893,53.1547096],[-3.0857805,53.1546927],[-3.086,53.1546517],[-3.0860271,53.1547039]]]},"properties":{"kind":"building","building":"yes","name":null,"height":5}},{"type":"Feature","geometry":{"type":"Polygon","coordinates":[[[-3.0862448,53.1548704],[-3.0862355,53.1547866],[-3.0862984,53.154781],[-3.086303,53.1548034],[-3.0864008,53.1548061],[-3.0864073,53.1548461],[-3.0863263,53.1548508],[-3.086324,53.1548732],[-3.0862448,53.1548704]]]},"properties":{"kind":"building","building":"yes","name":null,"height":5}},{"type":"Feature","geometry":{"type":"Polygon","coordinates":[[[-3.0861463,53.1550593],[-3.0860444,53.1550544],[-3.0860468,53.1550366],[-3.0859715,53.155033],[-3.0859662,53.1550728],[-3.0859095,53.15507],[-3.0858979,53.155031],[-3.0857815,53.1550254],[-3.0857896,53.1549639],[-3.0861566,53.1549814],[-3.0861463,53.1550593]]]},"properties":{"kind":"building","building":"yes","name":null,"height":5}},{"type":"Feature","geometry":{"type":"Polygon","coordinates":[[[-3.0856808,53.1551006],[-3.0856589,53.155051],[-3.0855041,53.1550756],[-3.085526,53.1551252],[-3.0856808,53.1551006]]]},"properties":{"kind":"building","building":"yes","name":null,"height":5}},{"type":"Feature","geometry":{"type":"Polygon","coordinates":[[[-3.0890224,53.1594696],[-3.0888324,53.1593412],[-3.0891457,53.1591909],[-3.0893256,53.1593206],[-3.0890224,53.1594696]]]},"properties":{"kind":"building","building":"farm_auxiliary","name":null,"height":5}},{"type":"Feature","geometry":{"type":"Polygon","coordinates":[[[-3.0893538,53.1592991],[-3.0891938,53.1591893],[-3.0892683,53.1591503],[-3.0893216,53.1591847],[-3.0893678,53.1591589],[-3.0894778,53.1592341],[-3.0893538,53.1592991]]]},"properties":{"kind":"building","building":"farm_auxiliary","name":null,"height":5}},{"type":"Feature","geometry":{"type":"Polygon","coordinates":[[[-3.0892683,53.1591503],[-3.0891487,53.1590733],[-3.0894943,53.1588805],[-3.089634,53.1589705],[-3.0895951,53.1589922],[-3.0896511,53.1590282],[-3.0896754,53.1590147],[-3.0897662,53.1590732],[-3.0896817,53.1591203],[-3.0895681,53.1590471],[-3.0893678,53.1591589],[-3.0893216,53.1591847],[-3.0892683,53.1591503]]]},"properties":{"kind":"building","building":"farm_auxiliary","name":null,"height":5}},{"type":"Feature","geometry":{"type":"Polygon","coordinates":[[[-3.0899528,53.159316],[-3.0898381,53.1592237],[-3.0899064,53.1591931],[-3.0900212,53.1592854],[-3.0899528,53.159316]]]},"properties":{"kind":"building","building":"farm_auxiliary","name":null,"height":5}},{"type":"Feature","geometry":{"type":"Polygon","coordinates":[[[-3.0900496,53.159202],[-3.0899772,53.1591509],[-3.0901083,53.1590841],[-3.0901807,53.1591351],[-3.0900496,53.159202]]]},"properties":{"kind":"building","building":"farm","name":null,"height":5}},{"type":"Feature","geometry":{"type":"Polygon","coordinates":[[[-3.0898411,53.1592117],[-3.0898057,53.1591888],[-3.0898514,53.1591633],[-3.0898869,53.1591861],[-3.0898411,53.1592117]]]},"properties":{"kind":"building","building":"farm_auxiliary","name":null,"height":5}},{"type":"Feature","geometry":{"type":"Polygon","coordinates":[[[-3.0549377,53.1429332],[-3.0549384,53.1428663],[-3.0548865,53.1428661],[-3.0548859,53.142933],[-3.0549377,53.1429332]]]},"properties":{"kind":"building","building":"yes","name":null,"height":5}},{"type":"Feature","geometry":{"type":"Polygon","coordinates":[[[-3.0810944,53.1542877],[-3.0811092,53.1543539],[-3.0813644,53.1543335],[-3.0813497,53.1542673],[-3.0810944,53.1542877]]]},"properties":{"kind":"building","building":"detached","name":null,"height":5}},{"type":"Feature","geometry":{"type":"Polygon","coordinates":[[[-3.0676264,53.159574],[-3.0677751,53.1597092],[-3.0676472,53.1597597],[-3.0674986,53.1596246],[-3.0676264,53.159574]]]},"properties":{"kind":"building","building":"farm_auxiliary","name":null,"height":5}},{"type":"Feature","geometry":{"type":"Polygon","coordinates":[[[-3.0673092,53.1598184],[-3.067369,53.1598764],[-3.067616,53.1597848],[-3.067664,53.1598314],[-3.0670366,53.1600641],[-3.0669857,53.1600149],[-3.0669287,53.1599596],[-3.0673092,53.1598184]]]},"properties":{"kind":"building","building":"farm_auxiliary","name":null,"height":5}},{"type":"Feature","geometry":{"type":"Polygon","coordinates":[[[-3.0674916,53.1601141],[-3.0673803,53.160001],[-3.0677845,53.159858],[-3.0678958,53.1599711],[-3.0674916,53.1601141]]]},"properties":{"kind":"building","building":"farm_auxiliary","name":null,"height":5}}]}