{"type":"FeatureCollection","features":[{"type":"Feature","geometry":{"type":"LineString","coordinates":[[-3.0526129,53.1431809],[-3.0525944,53.1432284],[-3.0525727,53.1433049],[-3.0525696,53.1433888],[-3.0525837,53.1435289]]},"properties":{"kind":"road","class":"primary","name":"Hawarden Road","surface":null}},{"type":"Feature","geometry":{"type":"LineString","coordinates":[[-3.0524943,53.142963],[-3.0526178,53.1429437],[-3.0527324,53.1429227],[-3.0529613,53.1428704]]},"properties":{"kind":"road","class":"primary","name":"Rhos Road","surface":null}},{"type":"Feature","geometry":{"type":"LineString","coordinates":[[-3.0963103,53.146011],[-3.0958132,53.1458185],[-3.0951661,53.1456066],[-3.094653,53.1454753],[-3.0941085,53.1453177],[-3.0935734,53.1451507],[-3.0930104,53.1449322],[-3.0919492,53.1445927],[-3.0910638,53.1443095]]},"properties":{"kind":"road","class":"primary","name":"Mold Road","surface":null}},{"type":"Feature","geometry":{"type":"LineString","coordinates":[[-3.067855,53.1264303],[-3.0678369,53.1261756],[-3.0678444,53.1258216],[-3.0679242,53.1255533],[-3.0679642,53.1253971],[-3.0679432,53.1252473],[-3.0678969,53.1249823],[-3.0678128,53.1247286],[-3.0677638,53.1245488],[-3.0677778,53.1244562],[-3.0678035,53.1243733],[-3.0678926,53.1242781],[-3.0680534,53.1241737],[-3.0683216,53.1240657],[-3.0686478,53.1239951],[-3.0691762,53.1239024],[-3.0695867,53.1237959],[-3.0700781,53.1235727],[-3.0705747,53.1234506],[-3.0712948,53.1232846],[-3.0720208,53.1230529],[-3.0726569,53.1229176],[-3.0729535,53.1229804],[-3.0732208,53.1230231],[-3.0753471,53.1229806],[-3.0755381,53.12296],[-3.0756548,53.1229157],[-3.0768292,53.1223501],[-3.0769444,53.1223167],[-3.0775759,53.1221634],[-3.0777566,53.1221432],[-3.0781819,53.1221069],[-3.078385,53.1220647],[-3.0785521,53.1219868],[-3.0790665,53.1217008],[-3.0792731,53.1216224],[-3.0794926,53.121579],[-3.0799578,53.1215386],[-3.0803388,53.1215205],[-3.0804649,53.1215001],[-3.0809173,53.1213611],[-3.0811003,53.1212991],[-3.0811709,53.1212752],[-3.0815291,53.1210813],[-3.0817725,53.1209498],[-3.0820603,53.1208384],[-3.0822442,53.120805],[-3.0826989,53.1207858],[-3.0830258,53.1207823],[-3.0832375,53.1208114],[-3.0834333,53.1208611],[-3.0835865,53.1208899],[-3.0837931,53.1208884],[-3.0839991,53.1208448],[-3.0840579,53.120822]]},"properties":{"kind":"road","class":"unclassified","name":null,"surface":null}},{"type":"Feature","geometry":{"type":"LineString","coordinates":[[-3.0521282,53.1430396],[-3.0521164,53.1429167],[-3.0520832,53.1428269],[-3.0520128,53.1426705]]},"properties":{"kind":"road","class":"primary","name":"Hawarden Road","surface":null}},{"type":"Feature","geometry":{"type":"LineString","coordinates":[[-3.0755544,53.1419808],[-3.0755617,53.1421021],[-3.0753171,53.1426045],[-3.0754683,53.1428002],[-3.0757039,53.1429914],[-3.0764554,53.1435827],[-3.0767533,53.1436316],[-3.0768778,53.1436005],[-3.0771268,53.1435605],[-3.0772469,53.1435916],[-3.0775092,53.143685],[-3.0779405,53.1438762],[-3.078025,53.1439696],[-3.0781273,53.1441741],[-3.0784563,53.1447788],[-3.0788285,53.1449599],[-3.0791767,53.1450206],[-3.0797414,53.1451797],[-3.080436,53.1454271],[-3.0806693,53.145567],[-3.0816603,53.1462124]]},"properties":{"kind":"road","class":"service","name":null,"surface":null}},{"type":"Feature","geometry":{"type":"LineString","coordinates":[[-3.0906518,53.1250544],[-3.0904762,53.1250339],[-3.0904226,53.1250494],[-3.0904091,53.1250786],[-3.0903979,53.1253136]]},"properties":{"kind":"road","class":"residential","name":"Dingle View","surface":null}},{"type":"Feature","geometry":{"type":"LineString","coordinates":[[-3.0902534,53.1260176],[-3.0903969,53.1260651],[-3.0905304,53.1261408],[-3.0905373,53.1262052],[-3.0904843,53.1262692],[-3.0901023,53.1265391],[-3.0898805,53.1267683],[-3.0895983,53.1271594],[-3.0894365,53.1273328],[-3.0892612,53.1274836],[-3.0891457,53.1276344],[-3.0889318,53.1280366],[-3.0885929,53.1283957]]},"properties":{"kind":"road","class":"tertiary","name":"Pontybodkin Hill","surface":null}},{"type":"Feature","geometry":{"type":"LineString","coordinates":[[-3.0905304,53.1261408],[-3.0910848,53.1264806]]},"properties":{"kind":"road","class":"unclassified","name":null,"surface":null}},{"type":"Feature","geometry":{"type":"LineString","coordinates":[[-3.0905304,53.1261408],[-3.0907543,53.1259869],[-3.0913107,53.1257401],[-3.0918686,53.1256528]]},"properties":{"kind":"road","class":"unclassified","name":"Ffordd y Bont","surface":null}},{"type":"Feature","geometry":{"type":"LineString","coordinates":[[-3.0940176,53.125418],[-3.0938879,53.1252213],[-3.093549,53.1249326],[-3.0934535,53.1247969]]},"properties":{"kind":"road","class":"service","name":null,"surface":null}},{"type":"Feature","geometry":{"type":"LineString","coordinates":[[-3.0913107,53.1257401],[-3.0911166,53.1255895],[-3.0907871,53.1254516],[-3.0905696,53.1254407]]},"properties":{"kind":"road","class":"unclassified","name":null,"surface":null}},{"type":"Feature","geometry":{"type":"LineString","coordinates":[[-3.0921832,53.1256359],[-3.0922736,53.1255054],[-3.0923257,53.1253419],[-3.092449,53.1251679]]},"properties":{"kind":"road","class":"residential","name":null,"surface":"unpaved"}},{"type":"Feature","geometry":{"type":"LineString","coordinates":[[-3.0524943,53.142963],[-3.0525629,53.1429927],[-3.0526128,53.1430337],[-3.052639,53.1430819],[-3.052639,53.1431327],[-3.0526129,53.1431809]]},"properties":{"kind":"road","class":"primary","name":null,"surface":null}},{"type":"Feature","geometry":{"type":"LineString","coordinates":[[-3.0522152,53.1432385],[-3.0520959,53.143253],[-3.051963,53.1432718],[-3.051747,53.1433263]]},"properties":{"kind":"road","class":"tertiary","name":"Rhos Road","surface":null}},{"type":"Feature","geometry":{"type":"LineString","coordinates":[[-3.0843494,53.1489851],[-3.084262,53.1489287],[-3.0841031,53.1488936],[-3.083883,53.1488826],[-3.0835822,53.148926],[-3.0829827,53.1490333],[-3.0827018,53.1490481],[-3.0824115,53.1490289],[-3.0820084,53.1489472],[-3.0817472,53.1488658],[-3.0815397,53.1488064],[-3.0795894,53.1483911],[-3.0793865,53.148428],[-3.0783631,53.1484556],[-3.077856,53.148345],[-3.077751,53.1482941],[-3.0776737,53.1482452],[-3.0775601,53.1481734],[-3.0775021,53.1481033],[-3.0774513,53.1479148],[-3.0774441,53.147528],[-3.0774379,53.1467574],[-3.0772395,53.1464859],[-3.0770551,53.1463571],[-3.0767453,53.1462318],[-3.0754187,53.1457348],[-3.0753225,53.1456566],[-3.0746849,53.1452296],[-3.0740234,53.1448627],[-3.0735278,53.1445058],[-3.0732495,53.1443754],[-3.0729522,53.1442325],[-3.0724553,53.143956],[-3.0718967,53.143729],[-3.0711726,53.1434794],[-3.0702299,53.1431639],[-3.0696576,53.1429603],[-3.0693502,53.1428359],[-3.069243,53.142752]]},"properties":{"kind":"road","class":"unclassified","name":"Padeswood Lake Road","surface":null}},{"type":"Feature","geometry":{"type":"LineString","coordinates":[[-3.0536583,53.1530876],[-3.053555,53.1531936],[-3.053449,53.1533207],[-3.052964,53.1537085],[-3.0529121,53.1537553],[-3.0527357,53.1539141],[-3.0523854,53.154179],[-3.0518436,53.1545887],[-3.051699,53.1546981],[-3.051292,53.1550942],[-3.0509901,53.1554364],[-3.0509333,53.1555473],[-3.0509893,53.1559209],[-3.050964,53.1562402],[-3.0508082,53.156681],[-3.0507966,53.1567049],[-3.0506905,53.1569243],[-3.0498792,53.158008]]},"properties":{"kind":"road","class":"unclassified","name":null,"surface":null}},{"type":"Feature","geometry":{"type":"LineString","coordinates":[[-3.0509333,53.1555473],[-3.0508589,53.1553019],[-3.0507137,53.1550537],[-3.0506162,53.1548697],[-3.050481,53.1547001]]},"properties":{"kind":"road","class":"unclassified","name":null,"surface":null}},{"type":"Feature","geometry":{"type":"LineString","coordinates":[[-3.0498792,53.158008],[-3.0495423,53.1584897],[-3.0493888,53.1586723],[-3.0492243,53.158868]]},"properties":{"kind":"road","class":"tertiary","name":null,"surface":null}},{"type":"Feature","geometry":{"type":"LineString","coordinates":[[-3.0523981,53.1654589],[-3.0523971,53.1654089],[-3.0524798,53.1648285],[-3.0525523,53.1645841],[-3.0526126,53.1644216],[-3.0527411,53.1642418],[-3.0531286,53.1638861],[-3.0531751,53.1638308],[-3.0532645,53.1636318],[-3.0533909,53.1634212],[-3.0534356,53.1633402],[-3.0537409,53.1626471],[-3.0538558,53.1625698],[-3.0540195,53.1623373],[-3.0541832,53.1620643],[-3.0542529,53.1619385],[-3.0543414,53.1617319],[-3.0544297,53.1614679],[-3.0545104,53.1612382],[-3.0545546,53.1610926],[-3.054571,53.1609994],[-3.0545781,53.1608679],[-3.0545756,53.1602967],[-3.0545788,53.159852]]},"properties":{"kind":"road","class":"residential","name":"Little Mountain Road","surface":null}},{"type":"Feature","geometry":{"type":"LineString","coordinates":[[-3.0692619,53.1601942],[-3.0687475,53.1599879]]},"properties":{"kind":"road","class":"unclassified","name":null,"surface":null}},{"type":"Feature","geometry":{"type":"LineString","coordinates":[[-3.085001,53.1577412],[-3.0836381,53.1578837],[-3.0829232,53.1579571],[-3.0821082,53.1579455]]},"properties":{"kind":"road","class":"service","name":null,"surface":null}},{"type":"Feature","geometry":{"type":"LineString","coordinates":[[-3.1047953,53.1577178],[-3.1049855,53.1574447],[-3.1054007,53.1575136],[-3.1056861,53.1575247],[-3.1056373,53.156342],[-3.1055988,53.1559418],[-3.1059177,53.1557977],[-3.1060702,53.1555686],[-3.1057769,53.1537592]]},"properties":{"kind":"road","class":"bridleway","name":null,"surface":"unpaved"}},{"type":"Feature","geometry":{"type":"LineString","coordinates":[[-3.0975157,53.1594434],[-3.0973547,53.1594658],[-3.0968799,53.159514],[-3.0965715,53.1595365],[-3.0963381,53.1595381],[-3.0960297,53.1594851],[-3.0957936,53.1594609],[-3.0955952,53.1594706],[-3.0954128,53.1595381],[-3.0951821,53.1596282],[-3.0950078,53.1596668],[-3.0948468,53.1596861],[-3.0946296,53.1596813],[-3.0941683,53.1595875],[-3.0935138,53.1594706],[-3.0928405,53.1592953],[-3.0915848,53.1589817],[-3.0909369,53.1589423],[-3.0905376,53.1588721],[-3.0903144,53.1588277],[-3.089916,53.1590147],[-3.0896372,53.1592082],[-3.0893001,53.1593668],[-3.0890776,53.1595094],[-3.0890313,53.1597484]]},"properties":{"kind":"road","class":"service","name":null,"surface":"asphalt"}},{"type":"Feature","geometry":{"type":"LineString","coordinates":[[-3.1056989,53.1623926],[-3.1050376,53.1619915],[-3.1035791,53.1610305],[-3.1028227,53.1605674],[-3.1020041,53.1601067],[-3.1015583,53.1600095],[-3.1012454,53.1599937],[-3.100906,53.1599992],[-3.1006056,53.1599631],[-3.1002622,53.1598808],[-3.1000562,53.1597727],[-3.0999441,53.159737],[-3.0998203,53.1597153],[-3.0990957,53.1596597],[-3.0979512,53.1595278],[-3.097714,53.1594961],[-3.0975157,53.1594434]]},"properties":{"kind":"road","class":"tertiary","name":"Rose Lane","surface":"asphalt"}},{"type":"Feature","geometry":{"type":"LineString","coordinates":[[-3.0975157,53.1594434],[-3.0975237,53.1592639],[-3.0975129,53.1590227],[-3.0973788,53.1587364],[-3.0971208,53.1582288],[-3.0970895,53.1576614],[-3.0971495,53.157092],[-3.0972061,53.156729],[-3.0972222,53.1565393],[-3.0972194,53.1565017],[-3.0972115,53.1563977],[-3.0972276,53.1562819],[-3.097351,53.1561275],[-3.0974797,53.155957],[-3.0975495,53.1558541],[-3.0975817,53.1557672],[-3.0975334,53.1556514],[-3.0974041,53.155532],[-3.0971723,53.1553467],[-3.0968204,53.1550173],[-3.0966316,53.154796],[-3.0965526,53.1542501]]},"properties":{"kind":"road","class":"tertiary","name":null,"surface":"asphalt"}},{"type":"Feature","geometry":{"type":"LineString","coordinates":[[-3.0488358,53.14844],[-3.0486739,53.1484643],[-3.0481004,53.1484663],[-3.0475901,53.1484704],[-3.0472156,53.1484741],[-3.0469036,53.1484826],[-3.046572,53.1484692],[-3.0463884,53.1484831],[-3.0463096,53.148503],[-3.0461883,53.1485563],[-3.0459419,53.1487109],[-3.045862,53.1487925]]},"properties":{"kind":"road","class":"residential","name":"Poppyfield Drive","surface":null}},{"type":"Feature","geometry":{"type":"LineString","coordinates":[[-3.0464032,53.1491001],[-3.0462992,53.1490337],[-3.0461928,53.1489436],[-3.0460491,53.1488682],[-3.045862,53.1487925],[-3.0456723,53.1487286],[-3.0454321,53.1486718],[-3.0452674,53.1486412],[-3.0450243,53.1486256],[-3.044753,53.1486212]]},"properties":{"kind":"road","class":"residential","name":"Silver Birch Way","surface":null}},{"type":"Feature","geometry":{"type":"LineString","coordinates":[[-3.0471579,53.1487885],[-3.0470702,53.1487985],[-3.0469985,53.1488504]]},"properties":{"kind":"road","class":"residential","name":"Cromwell Close","surface":null}},{"type":"Feature","geometry":{"type":"LineString","coordinates":[[-3.0472156,53.1484741],[-3.0472121,53.1482485],[-3.0471781,53.1481059],[-3.0471557,53.1480466],[-3.0470666,53.1479934]]},"properties":{"kind":"road","class":"residential","name":"Walnut Close","surface":null}},{"type":"Feature","geometry":{"type":"LineString","coordinates":[[-3.0442273,53.1381794],[-3.044708,53.1391662],[-3.0448513,53.1394671],[-3.0448717,53.1397364],[-3.0449087,53.1399944],[-3.0451821,53.1406556]]},"properties":{"kind":"road","class":"residential","name":"Berwyn Avenue","surface":null}},{"type":"Feature","geometry":{"type":"LineString","coordinates":[[-3.046938,53.140741],[-3.0458352,53.1406722],[-3.0451821,53.1406556],[-3.0448401,53.1406495],[-3.0440218,53.1407672]]},"properties":{"kind":"road","class":"residential","name":"Alyn Drive","surface":null}},{"type":"Feature","geometry":{"type":"LineString","coordinates":[[-3.0458352,53.1406722],[-3.0457427,53.1399616],[-3.0457427,53.1398955],[-3.0458071,53.1391344],[-3.0457949,53.1390792],[-3.0457546,53.1390419],[-3.0456707,53.1390176],[-3.0455629,53.1390104],[-3.044708,53.1391662]]},"properties":{"kind":"road","class":"residential","name":"West View","surface":null}},{"type":"Feature","geometry":{"type":"LineString","coordinates":[[-3.0469193,53.1418486],[-3.0467818,53.1418478],[-3.0460375,53.1417767],[-3.0452029,53.1416972],[-3.0449432,53.1416898],[-3.044198,53.1417055]]},"properties":{"kind":"road","class":"residential","name":"Park Lane","surface":null}},{"type":"Feature","geometry":{"type":"LineString","coordinates":[[-3.0480989,53.1416063],[-3.0483262,53.1415985],[-3.0485,53.1415972],[-3.0486255,53.1416211],[-3.0487017,53.1416627],[-3.0487496,53.1417117],[-3.0487641,53.1418124],[-3.0487025,53.1419215],[-3.0487254,53.1420388],[-3.0487254,53.1422148],[-3.0486332,53.1423818],[-3.0485042,53.1425064],[-3.0483646,53.1426478],[-3.0482141,53.1429634],[-3.0481988,53.1429961],[-3.0481236,53.1431011],[-3.0479675,53.1432631],[-3.0477985,53.1433825],[-3.0476217,53.1435056],[-3.0476249,53.1436082]]},"properties":{"kind":"road","class":"residential","name":"Abbottsford Drive","surface":null}},{"type":"Feature","geometry":{"type":"LineString","coordinates":[[-3.0491121,53.1422447],[-3.0489228,53.1422072],[-3.0487254,53.1422148]]},"properties":{"kind":"road","class":"residential","name":"Abbottsford Drive","surface":null}},{"type":"Feature","geometry":{"type":"LineString","coordinates":[[-3.049259,53.1435382],[-3.0487682,53.1435073],[-3.0483395,53.1434775],[-3.0479288,53.1434622]]},"properties":{"kind":"road","class":"residential","name":"Westfield Drive","surface":null}},{"type":"Feature","geometry":{"type":"LineString","coordinates":[[-3.0487682,53.1435073],[-3.048702,53.1439651]]},"properties":{"kind":"road","class":"residential","name":"Fairview","surface":null}},{"type":"Feature","geometry":{"type":"LineString","coordinates":[[-3.0483395,53.1434775],[-3.0483605,53.1433062],[-3.0483224,53.1432115],[-3.0482538,53.1431601],[-3.0481236,53.1431011]]},"properties":{"kind":"road","class":"residential","name":null,"surface":null}},{"type":"Feature","geometry":{"type":"LineString","coordinates":[[-3.0476249,53.1436082],[-3.0476497,53.1436502],[-3.0476655,53.1436771],[-3.047965,53.1441497],[-3.0482895,53.1447243],[-3.0484092,53.1448535]]},"properties":{"kind":"road","class":"residential","name":"Abbotts Lane","surface":null}},{"type":"Feature","geometry":{"type":"LineString","coordinates":[[-3.047965,53.1441497],[-3.0471383,53.1443867],[-3.0465382,53.1445574],[-3.0461845,53.1446133],[-3.0457523,53.1446606],[-3.045661,53.1446583],[-3.0450598,53.1445932],[-3.0446847,53.1446081],[-3.0443891,53.1446094]]},"properties":{"kind":"road","class":"residential","name":"Wat's Road","surface":null}},{"type":"Feature","geometry":{"type":"LineString","coordinates":[[-3.0471383,53.1443867],[-3.0467271,53.1438724]]},"properties":{"kind":"road","class":"residential","name":"Park Crescent","surface":null}},{"type":"Feature","geometry":{"type":"LineString","coordinates":[[-3.0476655,53.1436771],[-3.0473043,53.1437523],[-3.0467271,53.1438724],[-3.0458194,53.1440411],[-3.0457083,53.1440617]]},"properties":{"kind":"road","class":"residential","name":"Park Crescent","surface":null}},{"type":"Feature","geometry":{"type":"LineString","coordinates":[[-3.0457523,53.1446606],[-3.0457127,53.1453387]]},"properties":{"kind":"road","class":"residential","name":"Cae Fawnog","surface":null}},{"type":"Feature","geometry":{"type":"LineString","coordinates":[[-3.0476163,53.1450465],[-3.0476654,53.1450844],[-3.0476895,53.1450973],[-3.04767,53.1451189],[-3.0475581,53.1451986],[-3.0474637,53.1452527],[-3.0473811,53.1453],[-3.0472202,53.1453885],[-3.0470825,53.1454494],[-3.0467622,53.1455768],[-3.0465074,53.145712],[-3.0460868,53.145887],[-3.0457349,53.1459848],[-3.045383,53.1460363]]},"properties":{"kind":"road","class":"residential","name":"Corwen Way","surface":null}},{"type":"Feature","geometry":{"type":"LineString","coordinates":[[-3.0465074,53.145712],[-3.0467317,53.1458268]]},"properties":{"kind":"road","class":"residential","name":null,"surface":null}},{"type":"Feature","geometry":{"type":"LineString","coordinates":[[-3.0468481,53.1457794],[-3.0470843,53.1459622],[-3.0472073,53.146049],[-3.0473979,53.1460819],[-3.0476444,53.1461347],[-3.0478894,53.1461573]]},"properties":{"kind":"road","class":"residential","name":"Towers Way","surface":null}},{"type":"Feature","geometry":{"type":"LineString","coordinates":[[-3.0472073,53.146049],[-3.0470909,53.1461671],[-3.0470431,53.1462411],[-3.0470501,53.1463363],[-3.0470716,53.1464331]]},"properties":{"kind":"road","class":"residential","name":"FFordd Haearn","surface":null}},{"type":"Feature","geometry":{"type":"LineString","coordinates":[[-3.0473979,53.1460819],[-3.0474632,53.1460026],[-3.0476608,53.145842],[-3.0478129,53.1457778],[-3.0479547,53.1457401],[-3.048259,53.1457071],[-3.0483894,53.1457042]]},"properties":{"kind":"road","class":"residential","name":"Priory Close","surface":null}},{"type":"Feature","geometry":{"type":"LineString","coordinates":[[-3.0519262,53.1453998],[-3.0517717,53.1452663],[-3.0516773,53.1452302],[-3.05154,53.1452302],[-3.0512396,53.1452508],[-3.0511881,53.1451633],[-3.0506125,53.1447219],[-3.0505014,53.1446382],[-3.0503641,53.1445043],[-3.0502611,53.144319],[-3.0498999,53.1440468]]},"properties":{"kind":"road","class":"residential","name":"Ffordd Derwyn","surface":null}},{"type":"Feature","geometry":{"type":"LineString","coordinates":[[-3.0758613,53.1498919],[-3.0762904,53.1496088],[-3.0766214,53.1491648],[-3.0769962,53.1490336],[-3.0771622,53.1489236],[-3.0774731,53.1487122],[-3.0775078,53.1485099],[-3.0775344,53.1483787],[-3.0776027,53.1483605],[-3.077751,53.1482941]]},"properties":{"kind":"road","class":"unclassified","name":null,"surface":null}},{"type":"Feature","geometry":{"type":"LineString","coordinates":[[-3.0704797,53.1487543],[-3.0725139,53.1487234],[-3.0735267,53.1484744],[-3.073863,53.1484473],[-3.0742423,53.1484171],[-3.0748925,53.1482504],[-3.0755052,53.1481158],[-3.0758462,53.1480915],[-3.0761828,53.1481042],[-3.0775344,53.1483787]]},"properties":{"kind":"road","class":"unclassified","name":null,"surface":null}},{"type":"Feature","geometry":{"type":"LineString","coordinates":[[-3.0470826,53.1407532],[-3.0469636,53.1412439],[-3.0469504,53.1414887],[-3.0469438,53.1415308],[-3.0469193,53.1418486],[-3.0469253,53.1419309],[-3.0469573,53.1422191],[-3.0469834,53.142363],[-3.0471599,53.1426411]]},"properties":{"kind":"road","class":"residential","name":"Abbott's Lane","surface":null}},{"type":"Feature","geometry":{"type":"LineString","coordinates":[[-3.0482141,53.1429634],[-3.0479837,53.1429213],[-3.0479247,53.1428989],[-3.0477737,53.1428067]]},"properties":{"kind":"road","class":"residential","name":"Abbottsford Drive","surface":null}},{"type":"Feature","geometry":{"type":"LineString","coordinates":[[-3.0469253,53.1419309],[-3.0475206,53.1419263],[-3.0475877,53.1419359],[-3.0476413,53.1419665],[-3.0476789,53.1420164],[-3.0477003,53.142092],[-3.0476869,53.1421515],[-3.0476601,53.1421933],[-3.0476129,53.1422129],[-3.0475421,53.1422191]]},"properties":{"kind":"road","class":"residential","name":"Orchard Place","surface":null}},{"type":"Feature","geometry":{"type":"LineString","coordinates":[[-3.0514439,53.1434498],[-3.0510947,53.1428545],[-3.0510559,53.1428294],[-3.050842,53.1428171],[-3.0506648,53.1428199],[-3.0503484,53.142769],[-3.0501285,53.1427346],[-3.0500746,53.1427359],[-3.0499783,53.1427505],[-3.04942,53.142972],[-3.0493557,53.1429825],[-3.0492871,53.1429828],[-3.0490031,53.1428825]]},"properties":{"kind":"road","class":"residential","name":"Rhos Avenue","surface":"unpaved"}},{"type":"Feature","geometry":{"type":"LineString","coordinates":[[-3.0484092,53.1448535],[-3.0478641,53.1451826],[-3.0475131,53.1454236],[-3.0468481,53.1457794],[-3.0467317,53.1458268],[-3.0458343,53.1461759],[-3.0455162,53.1462965],[-3.0451805,53.1463958],[-3.0449089,53.1464287],[-3.0446732,53.1464451],[-3.0445476,53.1464485],[-3.0445039,53.1464497]]},"properties":{"kind":"road","class":"tertiary","name":"Corwen Road","surface":"asphalt"}},{"type":"Feature","geometry":{"type":"LineString","coordinates":[[-3.0512396,53.1452508],[-3.0511968,53.145321],[-3.0511556,53.1453577],[-3.0510508,53.1453997],[-3.0500895,53.1454928],[-3.049994,53.145487],[-3.0499143,53.1454677],[-3.0497684,53.1453764],[-3.0497375,53.145328],[-3.0497214,53.1452512],[-3.0497864,53.1451695],[-3.0506125,53.1447219]]},"properties":{"kind":"road","class":"residential","name":"Plas-yn-Rhos","surface":null}},{"type":"Feature","geometry":{"type":"LineString","coordinates":[[-3.047957,53.1498885],[-3.0461319,53.1491797],[-3.0461345,53.1491452],[-3.0462992,53.1490337]]},"properties":{"kind":"road","class":"unclassified","name":"Wood Lane","surface":null}},{"type":"Feature","geometry":{"type":"LineString","coordinates":[[-3.0459618,53.148127],[-3.0460103,53.1480859],[-3.0460149,53.1480386]]},"properties":{"kind":"road","class":"residential","name":"Howards Close","surface":null}},{"type":"Feature","geometry":{"type":"LineString","coordinates":[[-3.0611048,53.1563701],[-3.0611121,53.1562691],[-3.061108,53.156123],[-3.0610967,53.1557221],[-3.0616363,53.15476],[-3.0617833,53.1544946],[-3.0617936,53.154476],[-3.0628136,53.1528386],[-3.0631343,53.1523227],[-3.0631463,53.1522349],[-3.0632181,53.1517113],[-3.0634187,53.1513544],[-3.0634034,53.1511908],[-3.0633149,53.1510386],[-3.0631374,53.1509323],[-3.0609382,53.1504837]]},"properties":{"kind":"road","class":"service","name":null,"surface":null}},{"type":"Feature","geometry":{"type":"LineString","coordinates":[[-3.0824139,53.1365546],[-3.08251,53.1364688],[-3.0825462,53.1364228],[-3.0825628,53.1363674],[-3.0825573,53.1363063],[-3.0824228,53.1361209],[-3.081847,53.1356018],[-3.0811795,53.1350224],[-3.0810588,53.1348826],[-3.0810199,53.1347377],[-3.0810377,53.1345526],[-3.0810888,53.1343887]]},"properties":{"kind":"road","class":"primary","name":"Corwen Road","surface":null}},{"type":"Feature","geometry":{"type":"LineString","coordinates":[[-3.0574923,53.1234686],[-3.0577769,53.1233173],[-3.0579394,53.1232519],[-3.0588034,53.1230016],[-3.0588858,53.1230074],[-3.0598927,53.1232476],[-3.0607226,53.1235972],[-3.0615195,53.1238029],[-3.0618736,53.1238943],[-3.0624432,53.1239298],[-3.0640347,53.1244875],[-3.0647803,53.1248623],[-3.066005,53.1252522],[-3.0663806,53.1254206],[-3.0665649,53.1255322],[-3.066781,53.1256603],[-3.0670042,53.1257696],[-3.0671581,53.1258507],[-3.0672619,53.1258971],[-3.067855,53.1264303],[-3.0692413,53.1271754],[-3.0692677,53.1271867],[-3.0741216,53.1292287],[-3.074613,53.1294212],[-3.0753852,53.1296779],[-3.0757706,53.1297578],[-3.0760811,53.12984],[-3.0764893,53.1299139],[-3.0769745,53.129925],[-3.077428,53.1298406],[-3.0777423,53.129771],[-3.0778997,53.1297564],[-3.0780983,53.1297379],[-3.0781782,53.1297372],[-3.0785997,53.129736],[-3.0787899,53.1297182],[-3.0798003,53.1295074],[-3.081292,53.1292595],[-3.0815233,53.1291971],[-3.081823,53.1290661],[-3.0820828,53.1289361],[-3.082282,53.1288167],[-3.082442,53.1286797],[-3.0825857,53.1285288],[-3.0827312,53.1284226],[-3.0828707,53.1283175],[-3.0830078,53.1281876],[-3.0831743,53.1280022],[-3.0834903,53.1276535],[-3.0836259,53.1275876],[-3.0842078,53.1274032],[-3.0844403,53.1273379],[-3.0845948,53.1272767],[-3.0847271,53.1271946],[-3.0852673,53.1265704],[-3.085361,53.1265061],[-3.0857317,53.1263845],[-3.0860212,53.1263013],[-3.0862357,53.1262163],[-3.0864108,53.1261208],[-3.0866176,53.125986],[-3.0867639,53.1259345],[-3.0869582,53.1258804],[-3.0871169,53.1258178],[-3.0872628,53.1257552]]},"properties":{"kind":"road","class":"unclassified","name":"Tir y Fron Lane","surface":null}},{"type":"Feature","geometry":{"type":"LineString","coordinates":[[-3.0466123,53.1515864],[-3.0459952,53.1521095],[-3.045571,53.1524808]]},"properties":{"kind":"road","class":"primary","name":"Hawarden Road","surface":null}},{"type":"Feature","geometry":{"type":"LineString","coordinates":[[-3.0490771,53.1335326],[-3.0493346,53.1335476]]},"properties":{"kind":"road","class":"unclassified","name":"Stryt Isa","surface":null}},{"type":"Feature","geometry":{"type":"LineString","coordinates":[[-3.0541926,53.1356975],[-3.054328,53.1358346],[-3.055315,53.1364171],[-3.0558381,53.1370108],[-3.0564155,53.1373419],[-3.0568761,53.1378636],[-3.0579477,53.1389854],[-3.0587027,53.1394714],[-3.0588448,53.1397092],[-3.0588423,53.1399636],[-3.0587509,53.1401677],[-3.0582334,53.1408837]]},"properties":{"kind":"road","class":"unclassified","name":"Stryt Isa","surface":null}},{"type":"Feature","geometry":{"type":"LineString","coordinates":[[-3.0643176,53.1418935],[-3.0648709,53.141974],[-3.0657769,53.1419937],[-3.0670616,53.1423524],[-3.0676587,53.1424429],[-3.0682744,53.1425259],[-3.0690086,53.1427331],[-3.069243,53.142752],[-3.0696303,53.1427334],[-3.0706494,53.1425087],[-3.0713519,53.1423547],[-3.0714377,53.1423457],[-3.0755544,53.1419808],[-3.0772304,53.141853],[-3.0797474,53.1416343],[-3.080895,53.1415137],[-3.0817772,53.1412875],[-3.0822454,53.1410437],[-3.0826702,53.1406628],[-3.082767,53.1403723],[-3.0827725,53.1394326],[-3.0827186,53.1388535],[-3.0825664,53.1384925]]},"properties":{"kind":"road","class":"primary","name":"Chester Road","surface":null}},{"type":"Feature","geometry":{"type":"LineString","coordinates":[[-3.0953185,53.1328494],[-3.0943577,53.1333365]]},"properties":{"kind":"road","class":"residential","name":"Albert Street","surface":null}},{"type":"Feature","geometry":{"type":"LineString","coordinates":[[-3.0943577,53.1333365],[-3.0945123,53.133495],[-3.0946763,53.1337218]]},"properties":{"kind":"road","class":"tertiary","name":"Parc Derwen","surface":null}},{"type":"Feature","geometry":{"type":"LineString","coordinates":[[-3.0951681,53.1342657],[-3.0953708,53.1348787],[-3.0954222,53.1349754],[-3.095635,53.1351323],[-3.0959125,53.1353117],[-3.0964249,53.1356218],[-3.0967918,53.1358285],[-3.0968368,53.1358642],[-3.0969,53.1359143],[-3.0969498,53.1359829],[-3.0972169,53.1366367],[-3.0971987,53.1366589],[-3.0972413,53.1367339]]},"properties":{"kind":"road","class":"tertiary","name":"Parc Derwen","surface":null}},{"type":"Feature","geometry":{"type":"LineString","coordinates":[[-3.0957244,53.1360027],[-3.096321,53.1356842],[-3.0964249,53.1356218]]},"properties":{"kind":"road","class":"residential","name":"Goodwood Grove","surface":null}},{"type":"Feature","geometry":{"type":"LineString","coordinates":[[-3.0951089,53.1352603],[-3.0951588,53.1353621],[-3.0952669,53.1355281],[-3.0954185,53.1357609],[-3.0957244,53.1360027],[-3.0958443,53.1361225],[-3.0958934,53.136196],[-3.0959095,53.1362754],[-3.0958974,53.1363545],[-3.0958678,53.1364382],[-3.0958143,53.1365024],[-3.0957366,53.1365437],[-3.0956269,53.1365783],[-3.0955159,53.1366034],[-3.0947091,53.1366842],[-3.0946012,53.136721],[-3.0945103,53.1367741],[-3.0944332,53.1369298],[-3.094335,53.1371536]]},"properties":{"kind":"road","class":"residential","name":"Maxwell Drive","surface":null}},{"type":"Feature","geometry":{"type":"LineString","coordinates":[[-3.0949051,53.1360678],[-3.0947741,53.1360835],[-3.0943673,53.1361475],[-3.0941858,53.1361744],[-3.0940527,53.1361656],[-3.0939834,53.1361357]]},"properties":{"kind":"road","class":"residential","name":"Llwyn Onn","surface":null}},{"type":"Feature","geometry":{"type":"LineString","coordinates":[[-3.094373,53.135606],[-3.0942624,53.1356271],[-3.0938169,53.1357019]]},"properties":{"kind":"road","class":"residential","name":"Birch Court","surface":null}},{"type":"Feature","geometry":{"type":"LineString","coordinates":[[-3.09382,53.1349168],[-3.0934175,53.1347515],[-3.093033,53.134623],[-3.092583,53.1344412],[-3.0924288,53.1343385],[-3.0923583,53.1342116],[-3.0923905,53.1340957],[-3.0927124,53.1337674],[-3.0927982,53.1336902],[-3.0928615,53.1333986]]},"properties":{"kind":"road","class":"residential","name":"Rhodfa Helyg","surface":null}},{"type":"Feature","geometry":{"type":"LineString","coordinates":[[-3.0922542,53.1330967],[-3.0917791,53.1336569],[-3.0916883,53.1336933],[-3.0915751,53.1337028],[-3.0913759,53.133653],[-3.0909226,53.1335418]]},"properties":{"kind":"road","class":"residential","name":"Bronallt","surface":null}},{"type":"Feature","geometry":{"type":"LineString","coordinates":[[-3.0909923,53.1327982],[-3.0910613,53.1328761],[-3.0911411,53.1329662],[-3.0911828,53.1330744],[-3.0911046,53.1332225],[-3.0910387,53.1333362],[-3.0909226,53.1335418],[-3.0908943,53.1335885],[-3.0907775,53.1337812]]},"properties":{"kind":"road","class":"residential","name":"Bronallt","surface":null}},{"type":"Feature","geometry":{"type":"LineString","coordinates":[[-3.092523,53.1360043],[-3.092825,53.1361624],[-3.0931294,53.1362582],[-3.0933264,53.1362857],[-3.0935117,53.1362912],[-3.0936797,53.136263],[-3.0938417,53.1362062],[-3.0939834,53.1361357]]},"properties":{"kind":"road","class":"residential","name":"Llyn-y-Coed","surface":null}},{"type":"Feature","geometry":{"type":"LineString","coordinates":[[-3.0939834,53.1361357],[-3.0939566,53.1360821],[-3.0939478,53.1360204],[-3.0938169,53.1357019],[-3.0936818,53.1353713],[-3.0936309,53.1352458],[-3.0936298,53.1351881],[-3.0936431,53.1351285],[-3.093678,53.1350483],[-3.09382,53.1349168],[-3.0938497,53.134881],[-3.0939983,53.1346584],[-3.094132,53.134452],[-3.0941905,53.1343543],[-3.0942489,53.1343178],[-3.0943095,53.1342836],[-3.0949643,53.1340588]]},"properties":{"kind":"road","class":"residential","name":"Oak Drive","surface":null}},{"type":"Feature","geometry":{"type":"LineString","coordinates":[[-3.0972413,53.1367339],[-3.0969475,53.1367902],[-3.0967503,53.1368291],[-3.0966087,53.1368779],[-3.0962359,53.1370618],[-3.0960882,53.1371333],[-3.0959328,53.1371767],[-3.0956551,53.1372467],[-3.0954194,53.1372764],[-3.0952101,53.1372619],[-3.094335,53.1371536],[-3.0937902,53.1370779],[-3.0934827,53.137015],[-3.0930305,53.1368616],[-3.0925558,53.1367119],[-3.0922424,53.1366425],[-3.0913956,53.1365292],[-3.0909802,53.1364404],[-3.0903237,53.136261],[-3.0900536,53.1362127],[-3.0898075,53.1361973],[-3.0892078,53.1362191],[-3.0888703,53.1362201],[-3.0886756,53.1362018],[-3.0883128,53.1361101],[-3.0877937,53.1359575],[-3.0876063,53.1358852],[-3.0873943,53.1357434],[-3.0872807,53.1356521],[-3.0871685,53.1355855],[-3.0869822,53.1355342],[-3.0867695,53.1355054],[-3.0865685,53.1354789],[-3.0863957,53.1354664],[-3.0862037,53.1354789],[-3.084809,53.1359102],[-3.0844549,53.1360325],[-3.0842521,53.1361308],[-3.0842082,53.1362706],[-3.0842833,53.1365989],[-3.0845193,53.1373069],[-3.0846051,53.1377188],[-3.0846373,53.1380792],[-3.0845117,53.1383679]]},"properties":{"kind":"road","class":"unclassified","name":"Dingle Road","surface":null}},{"type":"Feature","geometry":{"type":"LineString","coordinates":[[-3.0834734,53.1373555],[-3.0832264,53.1374862],[-3.0831031,53.1375514]]},"properties":{"kind":"road","class":"residential","name":"Riverside Court","surface":null}},{"type":"Feature","geometry":{"type":"LineString","coordinates":[[-3.0832922,53.1371919],[-3.083425,53.1371331],[-3.0835644,53.1370558],[-3.0836074,53.1369786],[-3.0835966,53.1368885],[-3.0834464,53.1366632]]},"properties":{"kind":"road","class":"residential","name":"Bryn Barug","surface":null}},{"type":"Feature","geometry":{"type":"LineString","coordinates":[[-3.0881684,53.1289696],[-3.0874837,53.1294446],[-3.0874238,53.1294841],[-3.0872959,53.1295686]]},"properties":{"kind":"road","class":"unclassified","name":"County Road","surface":null}},{"type":"Feature","geometry":{"type":"LineString","coordinates":[[-3.0959328,53.1371767],[-3.0959303,53.1372093],[-3.0958717,53.137254],[-3.0954877,53.1374673],[-3.0952137,53.1376234]]},"properties":{"kind":"road","class":"residential","name":"Bryn-yr-Haul","surface":null}},{"type":"Feature","geometry":{"type":"LineString","coordinates":[[-3.0954194,53.1372764],[-3.0954877,53.1374673]]},"properties":{"kind":"road","class":"residential","name":null,"surface":null}},{"type":"Feature","geometry":{"type":"LineString","coordinates":[[-3.0895983,53.1271594],[-3.0900185,53.1271027],[-3.0902444,53.1270721]]},"properties":{"kind":"road","class":"residential","name":null,"surface":"unpaved"}},{"type":"Feature","geometry":{"type":"LineString","coordinates":[[-3.0921832,53.1256359],[-3.0928245,53.1256148],[-3.0933231,53.1255602],[-3.0940176,53.125418],[-3.0943508,53.1253767]]},"properties":{"kind":"road","class":"unclassified","name":"Ffordd y Bont","surface":null}},{"type":"Feature","geometry":{"type":"LineString","coordinates":[[-3.0872628,53.1257552],[-3.0875636,53.1256636],[-3.0876739,53.1256089],[-3.0877729,53.1255596],[-3.0878461,53.1255418],[-3.0879496,53.1255331],[-3.0882588,53.1255612],[-3.0884956,53.1256283],[-3.0886098,53.1256419],[-3.0889592,53.1256512],[-3.0894864,53.1256168],[-3.0897417,53.1256154],[-3.0899217,53.1256284],[-3.0900993,53.1256232],[-3.0905302,53.1255539]]},"properties":{"kind":"road","class":"unclassified","name":"Tir y Fron Lane","surface":null}},{"type":"Feature","geometry":{"type":"LineString","coordinates":[[-3.0918686,53.1256528],[-3.0921832,53.1256359]]},"properties":{"kind":"road","class":"unclassified","name":"Ffordd y Bont","surface":null}},{"type":"Feature","geometry":{"type":"LineString","coordinates":[[-3.0913462,53.1320195],[-3.0908404,53.1323368],[-3.0905383,53.1328848],[-3.0905834,53.1329497]]},"properties":{"kind":"road","class":"residential","name":"Chestnut Tree Lane","surface":null}},{"type":"Feature","geometry":{"type":"LineString","coordinates":[[-3.0895066,53.1292511],[-3.0893794,53.1291416]]},"properties":{"kind":"road","class":"service","name":null,"surface":null}},{"type":"Feature","geometry":{"type":"LineString","coordinates":[[-3.0880864,53.1283007],[-3.0878928,53.1284274],[-3.087752,53.1285647]]},"properties":{"kind":"road","class":"service","name":null,"surface":"gravel"}},{"type":"Feature","geometry":{"type":"LineString","coordinates":[[-3.0942624,53.1356271],[-3.0942399,53.1355325]]},"properties":{"kind":"road","class":"residential","name":"Birch Court","surface":null}},{"type":"Feature","geometry":{"type":"LineString","coordinates":[[-3.0931704,53.1294802],[-3.0928479,53.1290657],[-3.0926826,53.1288743]]},"properties":{"kind":"road","class":"service","name":null,"surface":null}},{"type":"Feature","geometry":{"type":"LineString","coordinates":[[-3.0896012,53.1301238],[-3.0893624,53.1301974],[-3.0893508,53.1302156],[-3.0893173,53.1302839],[-3.0894074,53.130365],[-3.0895786,53.130365],[-3.0897645,53.1302695]]},"properties":{"kind":"road","class":"service","name":null,"surface":null}},{"type":"Feature","geometry":{"type":"LineString","coordinates":[[-3.0947741,53.1360835],[-3.0948471,53.1361904]]},"properties":{"kind":"road","class":"residential","name":"Ash Grove","surface":null}},{"type":"Feature","geometry":{"type":"LineString","coordinates":[[-3.0905201,53.1321409],[-3.0903158,53.1319021],[-3.090186,53.1319583]]},"properties":{"kind":"road","class":"residential","name":"Erith Street","surface":null}},{"type":"Feature","geometry":{"type":"LineString","coordinates":[[-3.0918698,53.1298913],[-3.0915161,53.1294566]]},"properties":{"kind":"road","class":"residential","name":"Ffordd Estyn","surface":null}},{"type":"Feature","geometry":{"type":"LineString","coordinates":[[-3.0939983,53.1346584],[-3.0942619,53.1346955],[-3.0943278,53.1347196],[-3.0943581,53.1347906],[-3.0944707,53.1351231],[-3.094324,53.1351431]]},"properties":{"kind":"road","class":"residential","name":"Sycamore Drive","surface":null}},{"type":"Feature","geometry":{"type":"LineString","coordinates":[[-3.0889318,53.1280366],[-3.0894769,53.1281211],[-3.0904977,53.1280894]]},"properties":{"kind":"road","class":"service","name":null,"surface":null}},{"type":"Feature","geometry":{"type":"LineString","coordinates":[[-3.0863459,53.1300218],[-3.0867102,53.130262]]},"properties":{"kind":"road","class":"service","name":null,"surface":"unpaved"}},{"type":"Feature","geometry":{"type":"LineString","coordinates":[[-3.0927011,53.1296342],[-3.0922906,53.1291296]]},"properties":{"kind":"road","class":"residential","name":"Ffordd Celyn","surface":null}},{"type":"Feature","geometry":{"type":"LineString","coordinates":[[-3.0881684,53.1289696],[-3.0882652,53.1290776],[-3.0886916,53.1293477],[-3.0894066,53.1299467],[-3.0896012,53.1301238],[-3.0897645,53.1302695],[-3.0899857,53.1304618]]},"properties":{"kind":"road","class":"tertiary","name":"Queen Street","surface":null}},{"type":"Feature","geometry":{"type":"LineString","coordinates":[[-3.091148,53.1318038],[-3.0910288,53.1318563],[-3.0905201,53.1321409],[-3.0903734,53.1322383],[-3.0902477,53.1322821],[-3.0900796,53.1323203]]},"properties":{"kind":"road","class":"residential","name":"Britannia Road","surface":null}},{"type":"Feature","geometry":{"type":"LineString","coordinates":[[-3.0937818,53.1304643],[-3.0939538,53.1306657],[-3.0939555,53.1307122],[-3.0939085,53.1307572],[-3.0935587,53.1308688],[-3.0934894,53.1308751],[-3.0934249,53.1308735],[-3.0933686,53.1308455],[-3.0932046,53.130641]]},"properties":{"kind":"road","class":"residential","name":"Maes y Meillion","surface":null}},{"type":"Feature","geometry":{"type":"LineString","coordinates":[[-3.0946763,53.1337218],[-3.095838,53.1331089]]},"properties":{"kind":"road","class":"residential","name":"Drury Lane","surface":null}},{"type":"Feature","geometry":{"type":"LineString","coordinates":[[-3.0900394,53.1290971],[-3.090023,53.1290924],[-3.0899902,53.1290833],[-3.0899333,53.1290759],[-3.0898886,53.1290864],[-3.0895435,53.1292063],[-3.0895066,53.1292511],[-3.089858,53.1296026]]},"properties":{"kind":"road","class":"service","name":null,"surface":null}},{"type":"Feature","geometry":{"type":"LineString","coordinates":[[-3.0902074,53.1307239],[-3.0896846,53.1309817]]},"properties":{"kind":"road","class":"residential","name":"Derwen Deg","surface":null}},{"type":"Feature","geometry":{"type":"LineString","coordinates":[[-3.0917786,53.1299144],[-3.0919602,53.130164],[-3.0919458,53.1302155],[-3.091898,53.1302494],[-3.0913623,53.130401],[-3.0912981,53.1304013],[-3.0912338,53.1303776],[-3.0910295,53.1301325]]},"properties":{"kind":"road","class":"residential","name":"Llys Ann","surface":null}},{"type":"Feature","geometry":{"type":"LineString","coordinates":[[-3.0885929,53.1283957],[-3.0886616,53.128424],[-3.088747,53.1284788],[-3.0887666,53.128543],[-3.0888051,53.1286437],[-3.0888695,53.1286855]]},"properties":{"kind":"road","class":"residential","name":"Eaton Place","surface":"paved"}},{"type":"Feature","geometry":{"type":"LineString","coordinates":[[-3.0952137,53.1376234],[-3.0950451,53.1377002],[-3.094898,53.1377377],[-3.0947504,53.1377499],[-3.0945761,53.1377465],[-3.0943971,53.1377289],[-3.0941862,53.1376883],[-3.0940099,53.1376431],[-3.0939052,53.1376114],[-3.0937948,53.1375127],[-3.0937787,53.1374632],[-3.0937778,53.1373261],[-3.0937902,53.1370779]]},"properties":{"kind":"road","class":"residential","name":null,"surface":null}},{"type":"Feature","geometry":{"type":"LineString","coordinates":[[-3.0928223,53.1306998],[-3.092866,53.1307471],[-3.0929304,53.1308097]]},"properties":{"kind":"road","class":"residential","name":"Bryn Clwd","surface":null}},{"type":"Feature","geometry":{"type":"LineString","coordinates":[[-3.0946763,53.1337218],[-3.0949643,53.1340588],[-3.0951681,53.1342657]]},"properties":{"kind":"road","class":"tertiary","name":"Parc Derwen","surface":null}},{"type":"Feature","geometry":{"type":"LineString","coordinates":[[-3.0872959,53.1295686],[-3.0863459,53.1300218]]},"properties":{"kind":"road","class":"unclassified","name":"County Road","surface":null}},{"type":"Feature","geometry":{"type":"LineString","coordinates":[[-3.0972413,53.1367339],[-3.0974297,53.1368454],[-3.0978463,53.1369837],[-3.0980901,53.1371425],[-3.0992253,53.1381753],[-3.0994784,53.1385459],[-3.0997907,53.138831],[-3.1003616,53.1391936],[-3.1004822,53.1392428],[-3.1006739,53.1393266],[-3.1009685,53.1393695],[-3.1010215,53.13937],[-3.101715,53.139377],[-3.1022019,53.1394293],[-3.1023567,53.1394783],[-3.1025884,53.139651],[-3.1029004,53.1397637],[-3.1055014,53.140207],[-3.1059723,53.1401635],[-3.1062897,53.140073],[-3.1076859,53.1396751],[-3.1084952,53.1394052],[-3.1101139,53.1389996],[-3.1108354,53.1388033],[-3.1114363,53.1385973],[-3.1115656,53.1385949],[-3.111831,53.1387456],[-3.1123938,53.1394437],[-3.1125789,53.1396384],[-3.1127613,53.1397944],[-3.1129683,53.1400072],[-3.1129946,53.1402417],[-3.1129866,53.140393],[-3.1130046,53.1405257],[-3.1131296,53.1407206],[-3.1140595,53.141339],[-3.1146705,53.1418071],[-3.1159651,53.1420754],[-3.116689,53.1421984],[-3.117733,53.1422458],[-3.1178422,53.1422853],[-3.1179285,53.1423165],[-3.1181377,53.1425007],[-3.1185028,53.1430573],[-3.1186326,53.1431924],[-3.1187314,53.1432718],[-3.1187574,53.1432927],[-3.1194766,53.1436016],[-3.1200408,53.1438617],[-3.1205371,53.14415],[-3.1216494,53.1447654],[-3.1226707,53.1453969],[-3.1228292,53.1455065]]},"properties":{"kind":"road","class":"tertiary","name":"Stryt Cae Rhedyn","surface":null}},{"type":"Feature","geometry":{"type":"LineString","coordinates":[[-3.0916423,53.1294079],[-3.0915161,53.1294566],[-3.091381,53.1294945]]},"properties":{"kind":"road","class":"residential","name":"Ffordd Estyn","surface":null}},{"type":"Feature","geometry":{"type":"LineString","coordinates":[[-3.0883867,53.1286313],[-3.0878928,53.1284274]]},"properties":{"kind":"road","class":"service","name":null,"surface":null}},{"type":"Feature","geometry":{"type":"LineString","coordinates":[[-3.0934662,53.1340604],[-3.0936032,53.1339653]]},"properties":{"kind":"road","class":"residential","name":"Llys Celyn","surface":null}},{"type":"Feature","geometry":{"type":"LineString","coordinates":[[-3.0923814,53.1290925],[-3.0922906,53.1291296],[-3.0921844,53.1291576]]},"properties":{"kind":"road","class":"residential","name":"Ffordd Celyn","surface":null}},{"type":"Feature","geometry":{"type":"LineString","coordinates":[[-3.0939052,53.1376114],[-3.0937992,53.1376163],[-3.093722,53.1376389],[-3.093688,53.1376547],[-3.0933705,53.1378031],[-3.0927144,53.138041],[-3.0917772,53.1382616],[-3.0912942,53.1386248],[-3.091287,53.1388151]]},"properties":{"kind":"road","class":"unclassified","name":null,"surface":null}},{"type":"Feature","geometry":{"type":"LineString","coordinates":[[-3.0899857,53.1304618],[-3.0910295,53.1301325],[-3.0917786,53.1299144],[-3.0918698,53.1298913],[-3.0927011,53.1296342],[-3.0931704,53.1294802],[-3.0932649,53.1294605],[-3.0933688,53.1294588],[-3.0934772,53.129486],[-3.0941965,53.1299629],[-3.0943259,53.1300899],[-3.0943649,53.1301927],[-3.0943233,53.1302712],[-3.0942969,53.130284],[-3.0942497,53.1303207],[-3.0937818,53.1304643],[-3.0934882,53.1305545],[-3.0932046,53.130641],[-3.092866,53.1307471]]},"properties":{"kind":"road","class":"residential","name":"Heol y Goron","surface":null}},{"type":"Feature","geometry":{"type":"LineString","coordinates":[[-3.0863459,53.1300218],[-3.0859555,53.1302012],[-3.0850185,53.130566],[-3.0846481,53.1309088],[-3.0841009,53.1318486],[-3.0838541,53.1323185],[-3.0836162,53.1327463],[-3.0835167,53.132892],[-3.0831889,53.133239],[-3.0826739,53.1336767],[-3.0824594,53.1339792],[-3.0824843,53.1342226],[-3.0824656,53.1342563]]},"properties":{"kind":"road","class":"unclassified","name":"County Road","surface":null}},{"type":"Feature","geometry":{"type":"LineString","coordinates":[[-3.0951681,53.1342657],[-3.0959367,53.1339724]]},"properties":{"kind":"road","class":"residential","name":null,"surface":null}},{"type":"Feature","geometry":{"type":"LineString","coordinates":[[-3.0960244,53.1355204],[-3.096321,53.1356842],[-3.0967349,53.1360075],[-3.0968964,53.1363009],[-3.0969379,53.136503]]},"properties":{"kind":"road","class":"residential","name":"Haydock Close","surface":null}},{"type":"Feature","geometry":{"type":"LineString","coordinates":[[-3.0859555,53.1302012],[-3.0864268,53.1304624]]},"properties":{"kind":"road","class":"residential","name":null,"surface":null}},{"type":"Feature","geometry":{"type":"LineString","coordinates":[[-3.0941905,53.1343543],[-3.0938415,53.1341475],[-3.093592,53.1340896],[-3.0934662,53.1340604],[-3.0932863,53.1342241]]},"properties":{"kind":"road","class":"residential","name":"Llys Celyn","surface":null}},{"type":"Feature","geometry":{"type":"LineString","coordinates":[[-3.0908404,53.1323368],[-3.0897994,53.1327659]]},"properties":{"kind":"road","class":"residential","name":"Chestnut Tree Lane","surface":null}},{"type":"Feature","geometry":{"type":"LineString","coordinates":[[-3.0885929,53.1283957],[-3.0883867,53.1286313],[-3.0881806,53.1288887],[-3.0881684,53.1289696]]},"properties":{"kind":"road","class":"tertiary","name":"Pontybodkin Hill","surface":null}},{"type":"Feature","geometry":{"type":"LineString","coordinates":[[-3.092866,53.1307471],[-3.0907734,53.1313545]]},"properties":{"kind":"road","class":"residential","name":"Bryn Clyd","surface":null}},{"type":"Feature","geometry":{"type":"LineString","coordinates":[[-3.0874837,53.1294446],[-3.0870354,53.1291919]]},"properties":{"kind":"road","class":"residential","name":"The Orchards","surface":null}},{"type":"Feature","geometry":{"type":"LineString","coordinates":[[-3.0934882,53.1305545],[-3.093253,53.130241]]},"properties":{"kind":"road","class":"residential","name":"Heol y Dderwen","surface":null}},{"type":"Feature","geometry":{"type":"LineString","coordinates":[[-3.0913153,53.1319643],[-3.0918229,53.1317838],[-3.0924088,53.1316014],[-3.0931066,53.1313708],[-3.0933606,53.1312868],[-3.0955577,53.1306951]]},"properties":{"kind":"road","class":"service","name":null,"surface":null}},{"type":"Feature","geometry":{"type":"LineString","coordinates":[[-3.0940135,53.1331711],[-3.094076,53.1330451],[-3.0943523,53.1328865],[-3.0946445,53.1327492],[-3.0950271,53.1326364]]},"properties":{"kind":"road","class":"service","name":null,"surface":null}},{"type":"Feature","geometry":{"type":"LineString","coordinates":[[-3.0951065,53.1305765],[-3.0949864,53.1306563],[-3.0947987,53.1307023],[-3.0947033,53.1306309],[-3.0945911,53.1306243],[-3.0942136,53.1307368],[-3.0939555,53.1307122]]},"properties":{"kind":"road","class":"residential","name":"Llys Helyg","surface":"asphalt"}},{"type":"Feature","geometry":{"type":"LineString","coordinates":[[-3.0945123,53.133495],[-3.0948023,53.1333526]]},"properties":{"kind":"road","class":"service","name":null,"surface":null}},{"type":"Feature","geometry":{"type":"LineString","coordinates":[[-3.0928479,53.1290657],[-3.0931255,53.1289877]]},"properties":{"kind":"road","class":"service","name":null,"surface":null}},{"type":"Feature","geometry":{"type":"LineString","coordinates":[[-3.0910295,53.1301325],[-3.0903381,53.1294965],[-3.090296,53.1294473],[-3.0902896,53.1293819],[-3.0902869,53.1293093],[-3.090264,53.1292696],[-3.0900394,53.1290971]]},"properties":{"kind":"road","class":"residential","name":"Ffordd Siarl","surface":null}},{"type":"Feature","geometry":{"type":"LineString","coordinates":[[-3.0903158,53.1319021],[-3.0902148,53.1317853]]},"properties":{"kind":"road","class":"residential","name":null,"surface":null}},{"type":"Feature","geometry":{"type":"LineString","coordinates":[[-3.0824656,53.1342563],[-3.0823736,53.1342694]]},"properties":{"kind":"road","class":"unclassified","name":"Constitution Hill","surface":null}},{"type":"Feature","geometry":{"type":"LineString","coordinates":[[-3.0899857,53.1304618],[-3.0902074,53.1307239],[-3.0907734,53.1313545],[-3.091148,53.1318038],[-3.0913153,53.1319643],[-3.0913462,53.1320195],[-3.0917057,53.1324019],[-3.0918837,53.1326168],[-3.0920187,53.1327517],[-3.0922542,53.1330967],[-3.092395,53.1332432],[-3.092547,53.1333411],[-3.0927116,53.133381],[-3.0928615,53.1333986],[-3.092948,53.1333974],[-3.0931542,53.1333668],[-3.0938399,53.1331685],[-3.0940135,53.1331711],[-3.0941192,53.1331965],[-3.0942409,53.1332526],[-3.0943577,53.1333365]]},"properties":{"kind":"road","class":"tertiary","name":"King Street","surface":null}},{"type":"Feature","geometry":{"type":"LineString","coordinates":[[-3.0832264,53.1374862],[-3.0835191,53.1376139],[-3.0837369,53.1378169],[-3.0838197,53.1379134]]},"properties":{"kind":"road","class":"residential","name":"Riverside Court","surface":null}},{"type":"Feature","geometry":{"type":"LineString","coordinates":[[-3.0599847,53.1621661],[-3.0598211,53.1620206],[-3.0589886,53.1613774],[-3.0584736,53.1610635],[-3.0578138,53.1607094],[-3.0575332,53.1605676],[-3.0572382,53.1604498],[-3.0567067,53.1602751],[-3.0563192,53.1601913],[-3.0554748,53.1600047],[-3.0553141,53.1599714]]},"properties":{"kind":"road","class":"tertiary","name":"Bannel Lane","surface":null}},{"type":"Feature","geometry":{"type":"LineString","coordinates":[[-3.0609737,53.1562268],[-3.0580621,53.1568208],[-3.0579697,53.156928],[-3.0579991,53.1570264]]},"properties":{"kind":"road","class":"residential","name":"Padeswood Drive","surface":null}},{"type":"Feature","geometry":{"type":"LineString","coordinates":[[-3.079358,53.1614225],[-3.0793647,53.1613019],[-3.0794246,53.1609666],[-3.0794562,53.160816],[-3.0798417,53.1603606],[-3.0801191,53.160086],[-3.0803072,53.1599365],[-3.0807207,53.1595303],[-3.0813474,53.1589381],[-3.081642,53.158665],[-3.0818067,53.1584368],[-3.0819312,53.1582608],[-3.0821082,53.1579455],[-3.0826076,53.1570595],[-3.0830507,53.1561723],[-3.0832875,53.1558191],[-3.0836116,53.1555558],[-3.0837745,53.1554538],[-3.0840227,53.1552694],[-3.084257,53.1550739],[-3.0844311,53.1549907],[-3.0845507,53.1549476],[-3.0848322,53.1548885],[-3.085093,53.1548612],[-3.0853305,53.1547941],[-3.086027,53.1546033]]},"properties":{"kind":"road","class":"tertiary","name":"Padeswood Road South","surface":"asphalt"}},{"type":"Feature","geometry":{"type":"LineString","coordinates":[[-3.075479,53.1335963],[-3.0750898,53.1335493],[-3.0740094,53.133419],[-3.0731981,53.1332702],[-3.0713915,53.1327713],[-3.071049,53.132703],[-3.0706401,53.1326603],[-3.0701366,53.1326063],[-3.0697955,53.1325557]]},"properties":{"kind":"road","class":"primary","name":"Mold Road","surface":null}},{"type":"Feature","geometry":{"type":"LineString","coordinates":[[-3.0891075,53.1431066],[-3.0887117,53.1426162],[-3.0884359,53.142339],[-3.0879896,53.1419476],[-3.0876499,53.1416497],[-3.0871624,53.1410688],[-3.0867669,53.1406616],[-3.0858576,53.1399148],[-3.0854072,53.1394967],[-3.0850749,53.1391261],[-3.0847217,53.1386223],[-3.0845117,53.1383679],[-3.0842866,53.1380861],[-3.0838044,53.1376372],[-3.0834734,53.1373555],[-3.0832922,53.1371919],[-3.0827797,53.136802],[-3.0824139,53.1365546]]},"properties":{"kind":"road","class":"primary","name":"Ffordd Wrecsam","surface":null}},{"type":"Feature","geometry":{"type":"LineString","coordinates":[[-3.0850749,53.1391261],[-3.0857314,53.1389498],[-3.086023,53.1389514],[-3.0863188,53.138953],[-3.0864261,53.1390463],[-3.0864709,53.1392642]]},"properties":{"kind":"road","class":"residential","name":"Ffordd Wrecsam","surface":null}},{"type":"Feature","geometry":{"type":"LineString","coordinates":[[-3.086023,53.1389514],[-3.0860557,53.1390885],[-3.0860962,53.1392587],[-3.0862169,53.1392506]]},"properties":{"kind":"road","class":"residential","name":"Ffordd Wrecsam","surface":null}},{"type":"Feature","geometry":{"type":"LineString","coordinates":[[-3.0963103,53.146011],[-3.0965061,53.1460429],[-3.0969042,53.1462152],[-3.0973523,53.1464341],[-3.0981967,53.1469259],[-3.0988136,53.1472839],[-3.0988573,53.1473093],[-3.0993168,53.1475316],[-3.099688,53.1477011],[-3.1001333,53.147859],[-3.1006523,53.1480203],[-3.1011742,53.1481487],[-3.1016737,53.1482579],[-3.102139,53.1483288],[-3.1033222,53.1485045],[-3.1044388,53.1486641],[-3.1050739,53.1487764],[-3.1056018,53.1488954],[-3.106097,53.1490199]]},"properties":{"kind":"road","class":"primary","name":null,"surface":null}},{"type":"Feature","geometry":{"type":"LineString","coordinates":[[-3.0977808,53.1468842],[-3.0971684,53.1465233],[-3.0967191,53.1462678],[-3.0963984,53.1461041],[-3.0963103,53.146011]]},"properties":{"kind":"road","class":"primary","name":null,"surface":null}},{"type":"Feature","geometry":{"type":"LineString","coordinates":[[-3.0678244,53.1319061],[-3.0682351,53.1320516],[-3.0692009,53.1323368],[-3.0695763,53.1324384],[-3.0697955,53.1325557]]},"properties":{"kind":"road","class":"primary","name":"Mold Road","surface":null}},{"type":"Feature","geometry":{"type":"LineString","coordinates":[[-3.0640388,53.1292681],[-3.0639208,53.1290332],[-3.0636274,53.1285997],[-3.0629058,53.127555],[-3.0627781,53.1274013],[-3.0625689,53.1271759],[-3.0624026,53.1270407],[-3.0620851,53.12685],[-3.0614215,53.1264967],[-3.0611463,53.1263253],[-3.0608791,53.126104],[-3.0606217,53.1258594],[-3.0603749,53.1255987],[-3.0602504,53.125453],[-3.0600423,53.1252671],[-3.0586787,53.12441],[-3.0573268,53.1235698],[-3.0568494,53.1232544],[-3.0558219,53.1226185],[-3.0550148,53.1221502],[-3.0544783,53.1218572],[-3.053502,53.1213132],[-3.0531061,53.1210886],[-3.0528962,53.1209667],[-3.052796,53.1208447]]},"properties":{"kind":"road","class":"primary","name":"Mold Road","surface":"asphalt"}},{"type":"Feature","geometry":{"type":"LineString","coordinates":[[-3.052796,53.1208447],[-3.053023,53.1208908],[-3.055935,53.1225527],[-3.0574923,53.1234686],[-3.0594962,53.1247179],[-3.0604765,53.1253323],[-3.0613104,53.125914],[-3.0618008,53.126289],[-3.0623656,53.1267757],[-3.062923,53.1273393],[-3.0633197,53.1278081],[-3.0636617,53.1282781],[-3.0643266,53.1292207],[-3.0643769,53.1292921]]},"properties":{"kind":"road","class":"primary","name":"Mold Road","surface":"asphalt"}},{"type":"Feature","geometry":{"type":"LineString","coordinates":[[-3.0676869,53.1320516],[-3.067075,53.131872],[-3.0668283,53.1317883],[-3.0662275,53.1314922],[-3.0651911,53.1309249],[-3.0649497,53.1307769],[-3.0647201,53.1305717],[-3.0645001,53.1303174],[-3.0643274,53.130072],[-3.064204,53.1297888],[-3.0641246,53.1294967],[-3.0640388,53.1292681]]},"properties":{"kind":"road","class":"primary","name":"Mold Road","surface":null}},{"type":"Feature","geometry":{"type":"LineString","coordinates":[[-3.0618008,53.126289],[-3.0614215,53.1264967]]},"properties":{"kind":"road","class":"service","name":null,"surface":null}},{"type":"Feature","geometry":{"type":"LineString","coordinates":[[-3.0614215,53.1264967],[-3.060052,53.1272924]]},"properties":{"kind":"road","class":"service","name":null,"surface":null}},{"type":"Feature","geometry":{"type":"LineString","coordinates":[[-3.0643266,53.1292207],[-3.0640388,53.1292681]]},"properties":{"kind":"road","class":"service","name":null,"surface":null}},{"type":"Feature","geometry":{"type":"LineString","coordinates":[[-3.0604765,53.1253323],[-3.0602504,53.125453]]},"properties":{"kind":"road","class":"service","name":null,"surface":null}},{"type":"Feature","geometry":{"type":"LineString","coordinates":[[-3.0681469,53.1321866],[-3.0682351,53.1320516]]},"properties":{"kind":"road","class":"service","name":null,"surface":null}},{"type":"Feature","geometry":{"type":"LineString","coordinates":[[-3.0952669,53.1355281],[-3.0953872,53.1354774]]},"properties":{"kind":"road","class":"residential","name":"Maxwell Drive","surface":null}},{"type":"Feature","geometry":{"type":"LineString","coordinates":[[-3.0919513,53.1315912],[-3.0922724,53.1314253]]},"properties":{"kind":"road","class":"service","name":null,"surface":null}},{"type":"Feature","geometry":{"type":"LineString","coordinates":[[-3.0910613,53.1328761],[-3.0909066,53.132922]]},"properties":{"kind":"road","class":"residential","name":"Bronallt","surface":null}},{"type":"Feature","geometry":{"type":"LineString","coordinates":[[-3.0931066,53.1313708],[-3.0929089,53.1313096],[-3.0922724,53.1314253],[-3.0919299,53.1314875],[-3.0917314,53.1315236],[-3.0916853,53.1315915],[-3.0917341,53.1316604],[-3.0918569,53.1316607],[-3.0919513,53.1315912],[-3.0919299,53.1314875]]},"properties":{"kind":"road","class":"service","name":null,"surface":null}},{"type":"Feature","geometry":{"type":"LineString","coordinates":[[-3.0553016,53.1577297],[-3.056865,53.1573062],[-3.0570709,53.1572497],[-3.0575325,53.1571387],[-3.0579991,53.1570264],[-3.0592951,53.1567548],[-3.060596,53.1564783],[-3.0611048,53.1563701],[-3.0613702,53.1563288],[-3.0634271,53.1560086]]},"properties":{"kind":"road","class":"primary","name":null,"surface":null}},{"type":"Feature","geometry":{"type":"LineString","coordinates":[[-3.0824139,53.1365546],[-3.0820626,53.1363459],[-3.0806811,53.1353977],[-3.0801484,53.1350929],[-3.0799693,53.1349905],[-3.0799017,53.1349518],[-3.0796616,53.1348402],[-3.0794565,53.134769],[-3.0783832,53.1345191]]},"properties":{"kind":"road","class":"primary","name":"Ffordd Wrecsam","surface":null}},{"type":"Feature","geometry":{"type":"LineString","coordinates":[[-3.0902534,53.1260176],[-3.0905302,53.1255539],[-3.0905696,53.1254407],[-3.0906518,53.1250544],[-3.0907202,53.1249174],[-3.0908035,53.1248193],[-3.0913868,53.1244547],[-3.0914904,53.12439],[-3.0929187,53.123488],[-3.0933115,53.1232285],[-3.0939363,53.1228347],[-3.0944946,53.1224935],[-3.0948431,53.1222556],[-3.0950557,53.1221322],[-3.0953435,53.1219021],[-3.0953809,53.1218624],[-3.0956266,53.1215162]]},"properties":{"kind":"road","class":"primary","name":"Corwen Road","surface":"asphalt"}},{"type":"Feature","geometry":{"type":"LineString","coordinates":[[-3.0810888,53.1343887],[-3.0812276,53.1341167],[-3.0813476,53.1338447],[-3.0814563,53.1336418],[-3.0816404,53.1334093]]},"properties":{"kind":"road","class":"primary","name":"Corwen Road","surface":null}},{"type":"Feature","geometry":{"type":"LineString","coordinates":[[-3.0918837,53.1326168],[-3.0922278,53.1324959],[-3.0923591,53.1324506],[-3.0924798,53.1324377],[-3.0926032,53.1324473],[-3.0928285,53.1325085]]},"properties":{"kind":"road","class":"residential","name":"Ffordd y Glo","surface":"asphalt"}},{"type":"Feature","geometry":{"type":"LineString","coordinates":[[-3.0485481,53.1470271],[-3.048642,53.1473762],[-3.0486258,53.1475419],[-3.0488174,53.1478578],[-3.0489708,53.1480477],[-3.0490403,53.148153],[-3.0490374,53.1482793],[-3.0489554,53.1483705],[-3.0488358,53.14844]]},"properties":{"kind":"road","class":"residential","name":"Maple Way","surface":null}},{"type":"Feature","geometry":{"type":"LineString","coordinates":[[-3.0475568,53.1471001],[-3.0485481,53.1470271],[-3.0487152,53.1470089],[-3.0488085,53.1469988],[-3.0490112,53.1469796],[-3.0492157,53.1469746],[-3.0494248,53.1469438]]},"properties":{"kind":"road","class":"residential","name":"Oak Drive","surface":null}},{"type":"Feature","geometry":{"type":"LineString","coordinates":[[-3.0475166,53.1466191],[-3.0475568,53.1471001],[-3.047613,53.1475061],[-3.0476453,53.1475892],[-3.0486258,53.1475419]]},"properties":{"kind":"road","class":"residential","name":"Poplar Court","surface":null}},{"type":"Feature","geometry":{"type":"LineString","coordinates":[[-3.0494248,53.1469438],[-3.0495472,53.1468801],[-3.0496163,53.1467931],[-3.0495993,53.146579],[-3.0502112,53.1465133],[-3.0503698,53.1465486],[-3.0504707,53.146622],[-3.0505438,53.1467857],[-3.0507477,53.1470565],[-3.0508599,53.1471452],[-3.0509033,53.1472845],[-3.0508635,53.1473755],[-3.0506902,53.1475379],[-3.0503124,53.1478738]]},"properties":{"kind":"road","class":"residential","name":"Oak Drive","surface":null}},{"type":"Feature","geometry":{"type":"LineString","coordinates":[[-3.0503124,53.1478738],[-3.0499842,53.147742],[-3.0498698,53.1477035],[-3.0491579,53.1478092],[-3.0490878,53.1478192],[-3.0488174,53.1478578]]},"properties":{"kind":"road","class":"residential","name":"Elm Avenue","surface":null}},{"type":"Feature","geometry":{"type":"LineString","coordinates":[[-3.0488358,53.14844],[-3.0489301,53.1485125],[-3.0489586,53.1486139],[-3.048914,53.1487795],[-3.0488131,53.1488801],[-3.0486995,53.149],[-3.0487601,53.1491336],[-3.048855,53.1491738],[-3.0490032,53.1492365]]},"properties":{"kind":"road","class":"residential","name":"Pine Way","surface":null}},{"type":"Feature","geometry":{"type":"LineString","coordinates":[[-3.0487601,53.1491336],[-3.0482153,53.1496142]]},"properties":{"kind":"road","class":"residential","name":"Pine Way","surface":null}},{"type":"Feature","geometry":{"type":"LineString","coordinates":[[-3.0471063,53.1492041],[-3.0471794,53.1491522],[-3.0473168,53.1491438],[-3.047488,53.1491619],[-3.047623,53.1491929],[-3.0477208,53.1492133],[-3.0478619,53.1492252],[-3.0480112,53.1492113],[-3.0479997,53.1490182],[-3.0485103,53.1489903],[-3.0486995,53.149]]},"properties":{"kind":"road","class":"residential","name":"Alder Close","surface":null}},{"type":"Feature","geometry":{"type":"LineString","coordinates":[[-3.0422999,53.1649523],[-3.0424795,53.1646574],[-3.0440033,53.1633852],[-3.0443614,53.1630863],[-3.0444112,53.1630448],[-3.0466304,53.1611958],[-3.0492551,53.1588748]]},"properties":{"kind":"road","class":"bridleway","name":"Bannel Lane","surface":"dirt"}},{"type":"Feature","geometry":{"type":"LineString","coordinates":[[-3.043747,53.1546588],[-3.0437678,53.1545348],[-3.0439187,53.1542851],[-3.0439849,53.1541713],[-3.044162,53.1538704],[-3.0442696,53.153728],[-3.0444582,53.1535021],[-3.044734,53.1531956],[-3.0451218,53.1528195],[-3.0454403,53.152534],[-3.045571,53.1524808]]},"properties":{"kind":"road","class":"primary","name":"Hawarden Road","surface":null}},{"type":"Feature","geometry":{"type":"LineString","coordinates":[[-3.0523854,53.154179],[-3.0530017,53.1542608],[-3.0532328,53.1543031],[-3.0533768,53.1543064],[-3.0535263,53.1542526],[-3.0538226,53.1539266],[-3.0542766,53.1540326]]},"properties":{"kind":"road","class":"track","name":null,"surface":null}},{"type":"Feature","geometry":{"type":"LineString","coordinates":[[-3.0446653,53.1535642],[-3.0449167,53.1536282],[-3.0451015,53.1536282],[-3.0457917,53.1532727],[-3.0461229,53.153246],[-3.0462605,53.1532134]]},"properties":{"kind":"road","class":"service","name":null,"surface":"unpaved"}},{"type":"Feature","geometry":{"type":"LineString","coordinates":[[-3.0545808,53.1420259],[-3.0549293,53.1417967]]},"properties":{"kind":"road","class":"primary","name":"Rhos Road","surface":null}},{"type":"Feature","geometry":{"type":"LineString","coordinates":[[-3.0549293,53.1417967],[-3.0557291,53.1412002],[-3.0561234,53.1410238],[-3.0566493,53.1409073],[-3.0571477,53.1408936],[-3.0582334,53.1408837]]},"properties":{"kind":"road","class":"primary","name":"Rhos Road","surface":null}},{"type":"Feature","geometry":{"type":"LineString","coordinates":[[-3.0825664,53.1384925],[-3.0824106,53.1380075],[-3.0825001,53.1376151]]},"properties":{"kind":"road","class":"primary","name":"Chester Road","surface":null}},{"type":"Feature","geometry":{"type":"LineString","coordinates":[[-3.0826114,53.1374052],[-3.0827573,53.1368824],[-3.0827797,53.136802]]},"properties":{"kind":"road","class":"primary","name":"Chester Road","surface":null}},{"type":"Feature","geometry":{"type":"LineString","coordinates":[[-3.0816404,53.1334093],[-3.081786,53.1332673],[-3.0819205,53.1331044],[-3.0822956,53.132217],[-3.0824995,53.1316797],[-3.0826281,53.1314207],[-3.0828183,53.1312004],[-3.0830651,53.1309529],[-3.0837961,53.130078],[-3.0840386,53.1298468],[-3.0841789,53.1297731],[-3.0843644,53.1296814],[-3.0845585,53.1295692],[-3.0846735,53.1294734],[-3.0847687,53.1293411],[-3.084967,53.1291],[-3.0854759,53.1285612],[-3.0856423,53.1283983],[-3.0858359,53.128239],[-3.0860753,53.1280333],[-3.0861917,53.1279528],[-3.0863063,53.1278958],[-3.0865742,53.1277819],[-3.0868522,53.1276668],[-3.0873661,53.1274091]]},"properties":{"kind":"road","class":"primary","name":"Corwen Road","surface":null}},{"type":"Feature","geometry":{"type":"LineString","coordinates":[[-3.0873661,53.1274091],[-3.0876757,53.1272592],[-3.0878743,53.12717],[-3.0880462,53.1271016],[-3.088269,53.1270339],[-3.0885727,53.1269507],[-3.0887774,53.1268923],[-3.0889842,53.1268163],[-3.089266,53.1266936],[-3.0894241,53.1266216],[-3.0896546,53.1264779],[-3.0899248,53.1262867],[-3.0902534,53.1260176]]},"properties":{"kind":"road","class":"primary","name":"Corwen Road","surface":null}},{"type":"Feature","geometry":{"type":"LineString","coordinates":[[-3.0783832,53.1345191],[-3.0775045,53.1343101],[-3.0765866,53.1340692],[-3.0759103,53.1337465],[-3.075479,53.1335963]]},"properties":{"kind":"road","class":"primary","name":"Ffordd Wrecsam","surface":null}},{"type":"Feature","geometry":{"type":"LineString","coordinates":[[-3.0910638,53.1443095],[-3.0908926,53.1442547],[-3.0903467,53.1440425],[-3.0897546,53.1437076],[-3.0894961,53.143515],[-3.0893628,53.1433733],[-3.0891075,53.1431066]]},"properties":{"kind":"road","class":"primary","name":"Mold Road","surface":null}},{"type":"Feature","geometry":{"type":"LineString","coordinates":[[-3.0693473,53.1601331],[-3.0693822,53.1600204],[-3.0693901,53.1599951],[-3.0694854,53.159331],[-3.0695117,53.1592876],[-3.0695478,53.1592561],[-3.0696432,53.1592442],[-3.0697352,53.1592442],[-3.0697868,53.159257],[-3.06987,53.1592777],[-3.0700277,53.1593822],[-3.0701428,53.1595005],[-3.0702414,53.1596837]]},"properties":{"kind":"road","class":"service","name":null,"surface":null}},{"type":"Feature","geometry":{"type":"LineString","coordinates":[[-3.0692619,53.1601942],[-3.0693473,53.1601331],[-3.0694525,53.1600878],[-3.0695906,53.1600602],[-3.0698141,53.1600523],[-3.0699291,53.1600326],[-3.0699949,53.1599892],[-3.0700474,53.1599301],[-3.0700543,53.1598637],[-3.0700294,53.1598181],[-3.0699883,53.1597429],[-3.0699258,53.1596896],[-3.0699357,53.159534],[-3.0699291,53.159465],[-3.0697976,53.1592935],[-3.0697868,53.159257],[-3.0697648,53.1591831]]},"properties":{"kind":"road","class":"service","name":null,"surface":null}},{"type":"Feature","geometry":{"type":"LineString","coordinates":[[-3.0697648,53.1591831],[-3.0697638,53.1591694],[-3.0697467,53.1589241],[-3.0697962,53.1583943],[-3.0698239,53.1578627],[-3.0698502,53.1577464],[-3.0700146,53.1573167],[-3.0700376,53.1572103],[-3.0700281,53.1570131],[-3.0700179,53.1568023],[-3.0700244,53.1565894],[-3.0700507,53.156347],[-3.0701395,53.156073],[-3.0702611,53.1558385],[-3.070455,53.1555488],[-3.0706358,53.1553536],[-3.0708462,53.155127],[-3.0709316,53.154989],[-3.0709645,53.1549062],[-3.0709612,53.1548352],[-3.0709124,53.1547215],[-3.0708856,53.1546592]]},"properties":{"kind":"road","class":"track","name":null,"surface":"gravel"}},{"type":"Feature","geometry":{"type":"LineString","coordinates":[[-3.0498323,53.1473076],[-3.049795,53.1473977],[-3.0498916,53.1476342],[-3.0498698,53.1477035]]},"properties":{"kind":"road","class":"residential","name":"Chestnut Way","surface":null}},{"type":"Feature","geometry":{"type":"LineString","coordinates":[[-3.0503124,53.1478738],[-3.0501223,53.1480476],[-3.0498302,53.1482801],[-3.0496538,53.1483058],[-3.0496202,53.1483383]]},"properties":{"kind":"road","class":"residential","name":"Aspen Way","surface":null}},{"type":"Feature","geometry":{"type":"LineString","coordinates":[[-3.0681796,53.1601405],[-3.0680736,53.1600846],[-3.0680026,53.1599732],[-3.0678793,53.1598298],[-3.06788,53.1597835],[-3.0678808,53.1597322],[-3.0676936,53.1595604],[-3.0676406,53.1595472],[-3.0667084,53.1587418],[-3.0655704,53.1577196],[-3.0653833,53.1573854],[-3.0652991,53.1570432],[-3.0652463,53.1563982],[-3.0652442,53.1563272]]},"properties":{"kind":"road","class":"service","name":null,"surface":"unpaved"}},{"type":"Feature","geometry":{"type":"LineString","coordinates":[[-3.0652442,53.1563272],[-3.0651658,53.1561075],[-3.0650638,53.1557802]]},"properties":{"kind":"road","class":"service","name":null,"surface":"unpaved"}},{"type":"Feature","geometry":{"type":"LineString","coordinates":[[-3.0532404,53.1596965],[-3.0529547,53.1596483],[-3.052727,53.1596053],[-3.0514688,53.1593507],[-3.050576,53.159161],[-3.0499052,53.1590185],[-3.0492551,53.1588748],[-3.0492243,53.158868],[-3.0491131,53.1588408],[-3.0481022,53.1585936],[-3.0469585,53.158345],[-3.0468927,53.1583143],[-3.0468591,53.1582823],[-3.0468263,53.1582348]]},"properties":{"kind":"road","class":"tertiary","name":"Bannel Lane","surface":null}},{"type":"Feature","geometry":{"type":"LineString","coordinates":[[-3.0553141,53.1599714],[-3.0549886,53.1599225]]},"properties":{"kind":"road","class":"tertiary","name":"Bannel Lane","surface":"asphalt"}},{"type":"Feature","geometry":{"type":"LineString","coordinates":[[-3.0804765,53.1532261],[-3.0804081,53.1535118],[-3.0804617,53.1537177],[-3.0807192,53.1541294],[-3.080848,53.1545026],[-3.0809338,53.1548693],[-3.0809123,53.1552489],[-3.0808265,53.155429],[-3.0807943,53.1558086],[-3.0805905,53.156008],[-3.080215,53.156304],[-3.0800326,53.1565549],[-3.0800862,53.1567736],[-3.0802196,53.1569232],[-3.0805476,53.1574491],[-3.0808265,53.1577901],[-3.0810733,53.1580667],[-3.0814059,53.1582661],[-3.0818067,53.1584368]]},"properties":{"kind":"road","class":"service","name":null,"surface":"paved"}},{"type":"Feature","geometry":{"type":"LineString","coordinates":[[-3.1033222,53.1485045],[-3.1031846,53.1487894]]},"properties":{"kind":"road","class":"service","name":null,"surface":null}},{"type":"Feature","geometry":{"type":"LineString","coordinates":[[-3.0403836,53.1240016],[-3.0403849,53.1240764],[-3.0404138,53.1242049],[-3.0405101,53.1244492],[-3.0407196,53.1247793],[-3.040743,53.125003],[-3.0407408,53.1251551],[-3.0407706,53.1254135],[-3.0408017,53.125522],[-3.0408838,53.125656],[-3.0411071,53.1259357],[-3.0412964,53.1261336],[-3.0415812,53.1263916],[-3.041866,53.1266813],[-3.0420826,53.126971],[-3.0423201,53.1272745],[-3.0426785,53.1277112],[-3.0430147,53.1281312],[-3.0432402,53.128352],[-3.0435635,53.1286095],[-3.0442208,53.1290981],[-3.0446301,53.1293998],[-3.0449161,53.1296467],[-3.0450803,53.1298766],[-3.0453873,53.1301627],[-3.04578,53.1304724],[-3.0458188,53.130503],[-3.0463606,53.1310309],[-3.0467869,53.1315439],[-3.0468497,53.1315991],[-3.0472024,53.1319088],[-3.0481838,53.1327609],[-3.0487909,53.1334255],[-3.0488475,53.133465],[-3.0489162,53.133502],[-3.0489853,53.1335206],[-3.0490771,53.1335326]]},"properties":{"kind":"road","class":"unclassified","name":"Stryt Isa","surface":null}},{"type":"Feature","geometry":{"type":"LineString","coordinates":[[-3.0525837,53.1435289],[-3.0526132,53.1436038],[-3.0527343,53.1438968],[-3.0528532,53.1443879],[-3.0528645,53.1450329],[-3.0528259,53.1454061],[-3.052719,53.1459025],[-3.0524161,53.1464749],[-3.0520581,53.1469918],[-3.0515977,53.1474612],[-3.0503387,53.1485314],[-3.04843,53.1500812],[-3.0484013,53.1501053],[-3.0479579,53.1504771],[-3.0467907,53.1514451],[-3.0466123,53.1515864]]},"properties":{"kind":"road","class":"primary","name":"Hawarden Road","surface":null}},{"type":"Feature","geometry":{"type":"LineString","coordinates":[[-3.0537018,53.1425231],[-3.0545808,53.1420259]]},"properties":{"kind":"road","class":"primary","name":"Rhos Road","surface":null}},{"type":"Feature","geometry":{"type":"LineString","coordinates":[[-3.0504951,53.1413894],[-3.0495444,53.1407367],[-3.0483453,53.1398874],[-3.0476616,53.1394056],[-3.0469918,53.1389838],[-3.0462966,53.1386037],[-3.0456675,53.1383092],[-3.0451884,53.1380716],[-3.0443944,53.137695],[-3.0441286,53.1375605],[-3.0436674,53.137315],[-3.0434039,53.137146],[-3.0433473,53.1371065],[-3.0429486,53.1368284],[-3.0425466,53.1364604],[-3.0422651,53.1361637],[-3.0420158,53.1358671],[-3.0414223,53.1349118],[-3.0402555,53.1330902],[-3.0391537,53.1312667],[-3.0388054,53.1307093],[-3.0385839,53.1303549],[-3.0379096,53.1294624],[-3.0374031,53.1289994],[-3.0364552,53.1282153],[-3.0357345,53.1274523],[-3.035075,53.1263256],[-3.0346908,53.1253111],[-3.0342254,53.1246878],[-3.0335162,53.1236957]]},"properties":{"kind":"road","class":"primary","name":"Hawarden Road","surface":null}},{"type":"Feature","geometry":{"type":"LineString","coordinates":[[-3.0520128,53.1426705],[-3.0522462,53.142832],[-3.0524137,53.1429476]]},"properties":{"kind":"road","class":"primary","name":"Hawarden Road","surface":null}},{"type":"Feature","geometry":{"type":"LineString","coordinates":[[-3.0525837,53.1435289],[-3.0524144,53.1433773],[-3.0523217,53.1433057],[-3.0522471,53.1432478]]},"properties":{"kind":"road","class":"primary","name":"Hawarden Road","surface":null}},{"type":"Feature","geometry":{"type":"LineString","coordinates":[[-3.0529613,53.1428704],[-3.052781,53.1430105],[-3.052639,53.1431327]]},"properties":{"kind":"road","class":"primary","name":"Rhos Road","surface":null}},{"type":"Feature","geometry":{"type":"LineString","coordinates":[[-3.051747,53.1433263],[-3.0514439,53.1434498],[-3.0502253,53.1439265],[-3.0498999,53.1440468],[-3.0497435,53.1441153],[-3.0484092,53.1448535]]},"properties":{"kind":"road","class":"tertiary","name":"Rhos Road","surface":null}},{"type":"Feature","geometry":{"type":"LineString","coordinates":[[-3.051747,53.1433263],[-3.0520274,53.1431502],[-3.0521194,53.1430593]]},"properties":{"kind":"road","class":"tertiary","name":"Rhos Road","surface":null}},{"type":"Feature","geometry":{"type":"LineString","coordinates":[[-3.0510947,53.1428545],[-3.0510425,53.1427304],[-3.051019,53.1426053],[-3.0510041,53.1424393]]},"properties":{"kind":"road","class":"service","name":null,"surface":null}},{"type":"Feature","geometry":{"type":"LineString","coordinates":[[-3.0458173,53.1453437],[-3.0457127,53.1453387],[-3.0456129,53.1453373]]},"properties":{"kind":"road","class":"residential","name":null,"surface":null}},{"type":"Feature","geometry":{"type":"LineString","coordinates":[[-3.0454321,53.1486718],[-3.0452902,53.1486688],[-3.0451415,53.1486992],[-3.0450266,53.1487377],[-3.044932,53.1487843],[-3.0448543,53.1488289],[-3.0447867,53.1488998]]},"properties":{"kind":"road","class":"residential","name":null,"surface":null}},{"type":"Feature","geometry":{"type":"LineString","coordinates":[[-3.0471772,53.1450924],[-3.0474637,53.1452527]]},"properties":{"kind":"road","class":"residential","name":"Corwen Way","surface":null}},{"type":"Feature","geometry":{"type":"LineString","coordinates":[[-3.0535337,53.159742],[-3.0535582,53.1598407],[-3.0536057,53.1599089],[-3.0540222,53.160217],[-3.0542046,53.1603135],[-3.0542824,53.1603955]]},"properties":{"kind":"road","class":"service","name":null,"surface":null}},{"type":"Feature","geometry":{"type":"LineString","coordinates":[[-3.0492319,53.1422046],[-3.0491121,53.1422447],[-3.0491138,53.1422995]]},"properties":{"kind":"road","class":"residential","name":"Abbottsford Drive","surface":null}},{"type":"Feature","geometry":{"type":"LineString","coordinates":[[-3.0443944,53.137695],[-3.0445219,53.1375998],[-3.0445729,53.137574],[-3.0448062,53.1375064],[-3.0450423,53.1374276],[-3.0450874,53.1374098],[-3.0452917,53.1373294],[-3.0456028,53.1372104],[-3.0458711,53.1370977],[-3.0460374,53.1370286],[-3.0462144,53.1369915],[-3.0463592,53.1369771],[-3.0465094,53.1369674],[-3.0466033,53.136961],[-3.0466411,53.1369405],[-3.0466864,53.1369159],[-3.0468635,53.1366569],[-3.0469305,53.1365523],[-3.0470003,53.1364509],[-3.0470968,53.1363592],[-3.0472846,53.136224],[-3.0473811,53.1361773]]},"properties":{"kind":"road","class":"service","name":null,"surface":null}},{"type":"Feature","geometry":{"type":"LineString","coordinates":[[-3.0480463,53.1416753],[-3.0480989,53.1416063],[-3.048034,53.1415516]]},"properties":{"kind":"road","class":"residential","name":"Abbottsford Drive","surface":null}},{"type":"Feature","geometry":{"type":"LineString","coordinates":[[-3.0470702,53.1487985],[-3.046984,53.1487338],[-3.0468953,53.1486272],[-3.0469036,53.1484826]]},"properties":{"kind":"road","class":"residential","name":"Cromwell Close","surface":null}},{"type":"Feature","geometry":{"type":"LineString","coordinates":[[-3.0462247,53.1481231],[-3.0460103,53.1480859]]},"properties":{"kind":"road","class":"residential","name":"Howards Close","surface":null}},{"type":"Feature","geometry":{"type":"LineString","coordinates":[[-3.0867179,53.1536396],[-3.087069,53.1536298],[-3.0877977,53.1536234],[-3.0885192,53.1536341],[-3.0892444,53.1536834],[-3.0901624,53.153769],[-3.0910054,53.1538676],[-3.0915519,53.1539511],[-3.0926593,53.1541418],[-3.0934451,53.154221],[-3.0943345,53.1542617],[-3.0955562,53.1542788],[-3.0957045,53.1542745],[-3.0965526,53.1542501],[-3.0974305,53.1541918],[-3.0979528,53.1541937],[-3.0983572,53.1542043],[-3.099084,53.1542555],[-3.09985,53.1542847],[-3.100601,53.1542927],[-3.1013842,53.1542632],[-3.1021329,53.1542041],[-3.1030227,53.1540973],[-3.1045732,53.1538788],[-3.1053394,53.1537839],[-3.1057769,53.1537592],[-3.105985,53.1537475],[-3.1065869,53.1537345],[-3.1066975,53.1537321],[-3.1073192,53.1537304],[-3.1075834,53.1537408],[-3.1083594,53.1537772],[-3.1087122,53.1537868],[-3.109021,53.1537703],[-3.1095349,53.1537457],[-3.109903,53.1537572],[-3.1101389,53.1537815],[-3.1104164,53.1538291],[-3.1106831,53.1538971],[-3.111066,53.1540009],[-3.1116707,53.1541665],[-3.1121374,53.1542866],[-3.1125429,53.1543816],[-3.1127361,53.1544269],[-3.1131432,53.1545143],[-3.1137175,53.1546375],[-3.1138671,53.1546778],[-3.1141784,53.1547618],[-3.1148544,53.1549638],[-3.1153205,53.155118],[-3.1156881,53.1552745],[-3.1160768,53.1554641],[-3.1163859,53.1556156],[-3.1165766,53.1556584],[-3.1167749,53.1556811],[-3.116928,53.1556792],[-3.1170712,53.1556661]]},"properties":{"kind":"road","class":"primary","name":null,"surface":null}},{"type":"Feature","geometry":{"type":"LineString","coordinates":[[-3.1033222,53.1485045],[-3.1033774,53.1483499],[-3.1034504,53.1482755],[-3.1035428,53.1482639],[-3.1038248,53.1482697],[-3.1041871,53.1482245],[-3.10444,53.1481662],[-3.1045932,53.1481078],[-3.1048947,53.1479955],[-3.1051475,53.1479474],[-3.1054733,53.1479197],[-3.106159,53.1479168],[-3.1066088,53.1478964],[-3.1067815,53.1478687],[-3.1069614,53.1478103],[-3.107275,53.1476499],[-3.1074501,53.1475391],[-3.1075668,53.1474764],[-3.108092,53.1472839]]},"properties":{"kind":"road","class":"service","name":null,"surface":null}},{"type":"Feature","geometry":{"type":"LineString","coordinates":[[-3.0468497,53.1315991],[-3.0464104,53.1320068]]},"properties":{"kind":"road","class":"service","name":null,"surface":null}},{"type":"Feature","geometry":{"type":"LineString","coordinates":[[-3.0507742,53.1341574],[-3.0510702,53.1338148]]},"properties":{"kind":"road","class":"service","name":null,"surface":null}},{"type":"Feature","geometry":{"type":"LineString","coordinates":[[-3.0466411,53.1369405],[-3.047124,53.1370577],[-3.0473765,53.1371127],[-3.0475264,53.1370877],[-3.0476984,53.1369928],[-3.0477817,53.1369179],[-3.0480041,53.1367907],[-3.0480036,53.1367312],[-3.0474749,53.1361996],[-3.0473811,53.1361773]]},"properties":{"kind":"road","class":"service","name":null,"surface":null}},{"type":"Feature","geometry":{"type":"LineString","coordinates":[[-3.0967918,53.1358285],[-3.0968692,53.1356011],[-3.0971547,53.135141],[-3.0973419,53.1348394],[-3.0978115,53.1340104],[-3.0979029,53.1337728],[-3.0978748,53.1336076],[-3.0977983,53.1332573],[-3.0977117,53.1328183],[-3.0977304,53.1326905],[-3.0977707,53.1326269],[-3.097875,53.1325644],[-3.0981374,53.132412]]},"properties":{"kind":"road","class":"service","name":null,"surface":null}},{"type":"Feature","geometry":{"type":"LineString","coordinates":[[-3.0971547,53.135141],[-3.0967031,53.1349652],[-3.0964621,53.1353072],[-3.0966393,53.1353882],[-3.0966826,53.1354777],[-3.0967221,53.1355435],[-3.0968114,53.1355878],[-3.0968692,53.1356011]]},"properties":{"kind":"road","class":"service","name":null,"surface":null}},{"type":"Feature","geometry":{"type":"LineString","coordinates":[[-3.0964621,53.1353072],[-3.0963419,53.1353407],[-3.096235,53.1353442],[-3.0961413,53.1353275],[-3.0959919,53.1352722],[-3.0959125,53.1353117]]},"properties":{"kind":"road","class":"service","name":null,"surface":null}},{"type":"Feature","geometry":{"type":"LineString","coordinates":[[-3.0431728,53.1577392],[-3.0433246,53.1578318],[-3.043504,53.1579063],[-3.0437034,53.1579457],[-3.0440098,53.1579984],[-3.0455204,53.1582157],[-3.0459334,53.1582575],[-3.0461876,53.1582635],[-3.0465587,53.1582567],[-3.0468263,53.1582348]]},"properties":{"kind":"road","class":"primary","name":null,"surface":null}},{"type":"Feature","geometry":{"type":"LineString","coordinates":[[-3.0799693,53.1349905],[-3.0797937,53.1350782],[-3.0790043,53.1353539]]},"properties":{"kind":"road","class":"service","name":null,"surface":null}},{"type":"Feature","geometry":{"type":"LineString","coordinates":[[-3.0827573,53.1368824],[-3.0826443,53.1368825],[-3.082531,53.136963],[-3.082271,53.1369026],[-3.08212,53.1369026]]},"properties":{"kind":"road","class":"service","name":null,"surface":null}},{"type":"Feature","geometry":{"type":"LineString","coordinates":[[-3.0816821,53.1370407],[-3.0815705,53.1371014],[-3.0813817,53.1371165],[-3.0812349,53.1370863],[-3.0810504,53.1370309]]},"properties":{"kind":"road","class":"service","name":null,"surface":null}},{"type":"Feature","geometry":{"type":"LineString","coordinates":[[-3.0853305,53.1547941],[-3.0855719,53.1550182],[-3.0856694,53.1550359]]},"properties":{"kind":"road","class":"service","name":null,"surface":null}},{"type":"Feature","geometry":{"type":"LineString","coordinates":[[-3.0863398,53.15451],[-3.0864084,53.1546087],[-3.0863847,53.1546602],[-3.0863463,53.1546814],[-3.0862576,53.1547045],[-3.0861424,53.154731],[-3.0861099,53.1547559],[-3.0861572,53.1548463]]},"properties":{"kind":"road","class":"service","name":null,"surface":null}},{"type":"Feature","geometry":{"type":"LineString","coordinates":[[-3.0816603,53.1462124],[-3.0817027,53.1461785],[-3.0817796,53.1461048],[-3.0819064,53.1459687],[-3.0820371,53.1458189],[-3.0821678,53.1456529],[-3.0822255,53.1455584],[-3.0822677,53.1454569],[-3.082287,53.1453947],[-3.0822908,53.1453301],[-3.0823216,53.1452633],[-3.08241,53.1451641],[-3.0825061,53.1450857],[-3.0825945,53.1450004],[-3.0826521,53.1449151],[-3.0827444,53.1447353],[-3.0828213,53.1445601],[-3.0828828,53.1444148],[-3.0829366,53.1443457],[-3.0829827,53.1443134],[-3.0831057,53.1442834],[-3.0832672,53.1442627],[-3.0833863,53.1442834],[-3.0834709,53.1442788]]},"properties":{"kind":"road","class":"service","name":null,"surface":null}},{"type":"Feature","geometry":{"type":"LineString","coordinates":[[-3.0825945,53.1450004],[-3.0827136,53.1449197],[-3.0828366,53.1448852],[-3.0829827,53.1448667],[-3.0831672,53.1448644],[-3.0834286,53.1448644],[-3.0836784,53.1448782],[-3.0839129,53.144899],[-3.0839975,53.1448805]]},"properties":{"kind":"road","class":"service","name":null,"surface":null}},{"type":"Feature","geometry":{"type":"LineString","coordinates":[[-3.1030227,53.1540973],[-3.103102,53.1542523],[-3.1032855,53.1545373],[-3.1033689,53.1548224],[-3.103444,53.1548524],[-3.1034786,53.1549685],[-3.1035646,53.1550529],[-3.1038401,53.1551302],[-3.104055,53.1551583]]},"properties":{"kind":"road","class":"service","name":null,"surface":null}},{"type":"Feature","geometry":{"type":"LineString","coordinates":[[-3.0693289,53.1260608],[-3.0691201,53.1261699],[-3.0694074,53.1263908],[-3.0697306,53.1262413]]},"properties":{"kind":"road","class":"service","name":null,"surface":null}},{"type":"Feature","geometry":{"type":"LineString","coordinates":[[-3.0694074,53.1263908],[-3.069353,53.1264356],[-3.0693255,53.1264763],[-3.0692705,53.1265511],[-3.0692324,53.1266076],[-3.069211,53.1266541],[-3.069192,53.1267033],[-3.0691897,53.1267369],[-3.0691868,53.1267868],[-3.0692166,53.1268406],[-3.0692705,53.1268985],[-3.0693693,53.1269915],[-3.0693928,53.127013],[-3.0694102,53.1270373],[-3.0694086,53.1270642],[-3.0693614,53.1271134],[-3.0692677,53.1271867]]},"properties":{"kind":"road","class":"service","name":null,"surface":null}},{"type":"Feature","geometry":{"type":"LineString","coordinates":[[-3.098816,53.1563825],[-3.0986283,53.1563616],[-3.0983439,53.1563568],[-3.0980221,53.1563712],[-3.0975286,53.1564549],[-3.097432,53.1564758],[-3.0972194,53.1565017]]},"properties":{"kind":"road","class":"service","name":null,"surface":null}},{"type":"Feature","geometry":{"type":"LineString","coordinates":[[-3.0713519,53.1423547],[-3.0713755,53.1421476],[-3.071408,53.1419298],[-3.0714649,53.1417998],[-3.0715651,53.141686],[-3.0717439,53.1415853],[-3.0719932,53.1414764],[-3.072275,53.1413545],[-3.0724402,53.1412651],[-3.0726028,53.1411562],[-3.072871,53.1409758],[-3.0730688,53.1408247],[-3.0732097,53.1406914],[-3.0733641,53.140524],[-3.0734616,53.140394],[-3.0734942,53.1403062],[-3.0734996,53.140186],[-3.0734616,53.1400783],[-3.0732258,53.1396227],[-3.0730701,53.1392945],[-3.0730162,53.1391158],[-3.0730046,53.1390204],[-3.0730162,53.138897],[-3.0730279,53.1388295],[-3.0730525,53.1387441],[-3.0730874,53.1386161],[-3.0731081,53.1385129],[-3.0730835,53.138381],[-3.0729981,53.1382437],[-3.0728882,53.1381195],[-3.0726437,53.1379302],[-3.0724277,53.1377719],[-3.0722841,53.1376547],[-3.0721509,53.1375329],[-3.0720526,53.1373855],[-3.0719905,53.1372512],[-3.0719349,53.1371232],[-3.071931,53.1369245],[-3.0719364,53.1367303],[-3.0718628,53.1364555],[-3.0717402,53.1362829],[-3.0715091,53.1360791],[-3.0713109,53.135932],[-3.0709902,53.135731],[-3.0707402,53.1356461],[-3.0704996,53.1355952],[-3.0701411,53.1355612],[-3.0696505,53.1355329],[-3.0692873,53.1355103],[-3.0689665,53.1354594],[-3.068674,53.1353773],[-3.0684523,53.1352896],[-3.0683575,53.1352501],[-3.0681135,53.1352263],[-3.0678495,53.1352357],[-3.0677332,53.1352399],[-3.0675346,53.1352535],[-3.067336,53.1352229],[-3.0666834,53.1349642],[-3.0666096,53.1349471],[-3.066411,53.134971],[-3.0662805,53.1350532],[-3.066218,53.1351116],[-3.0661917,53.1351614],[-3.0662059,53.1352452],[-3.0662363,53.1354152],[-3.0662909,53.1356641],[-3.0663496,53.135924],[-3.0663719,53.1359459],[-3.0664043,53.135958],[-3.0664427,53.1359568],[-3.066467,53.1359459],[-3.0664873,53.1359191],[-3.0664812,53.1358864],[-3.0664529,53.135856],[-3.0662909,53.1356641]]},"properties":{"kind":"road","class":"service","name":null,"surface":null}},{"type":"Feature","geometry":{"type":"LineString","coordinates":[[-3.0908849,53.1274078],[-3.0907168,53.1274203],[-3.0905863,53.1274509],[-3.0904093,53.1274704],[-3.0900623,53.1274412],[-3.0896775,53.1273888],[-3.0894365,53.1273328]]},"properties":{"kind":"road","class":"service","name":null,"surface":null}},{"type":"Feature","geometry":{"type":"LineString","coordinates":[[-3.0900662,53.1272816],[-3.0900357,53.1271893],[-3.0900185,53.1271027]]},"properties":{"kind":"road","class":"service","name":null,"surface":"unpaved"}},{"type":"Feature","geometry":{"type":"LineString","coordinates":[[-3.0687475,53.1599879],[-3.0686312,53.1599404],[-3.0685939,53.1599138],[-3.0685635,53.159876],[-3.0685402,53.1598284],[-3.0685215,53.1597891],[-3.0684928,53.1597555],[-3.0684701,53.1597387],[-3.0684281,53.1597289],[-3.068358,53.1597163],[-3.0682716,53.1597163],[-3.0682063,53.1597247]]},"properties":{"kind":"road","class":"service","name":null,"surface":null}},{"type":"Feature","geometry":{"type":"LineString","coordinates":[[-3.1009987,53.1390983],[-3.1007341,53.1391188],[-3.1006738,53.1391282],[-3.1006241,53.1391345],[-3.1005638,53.1391612],[-3.1004822,53.1392428]]},"properties":{"kind":"road","class":"service","name":null,"surface":null}},{"type":"Feature","geometry":{"type":"LineString","coordinates":[[-3.0706494,53.1425087],[-3.0704911,53.1423411],[-3.0702187,53.1421648],[-3.0701064,53.1420507],[-3.0699442,53.1418316],[-3.0697821,53.1417006],[-3.0697043,53.1415814],[-3.0696762,53.1414323],[-3.0695271,53.1412663],[-3.0692223,53.1410588],[-3.0690688,53.1408747],[-3.0689543,53.1406439],[-3.0688454,53.1403721],[-3.0687728,53.1402124],[-3.0686881,53.140118],[-3.0684501,53.1399825],[-3.0682874,53.1399465],[-3.0681274,53.1399189],[-3.0679092,53.1399317],[-3.0677255,53.1399748],[-3.0676138,53.1399923],[-3.0674834,53.1399684],[-3.0671667,53.1398024],[-3.06689,53.1396763],[-3.0666105,53.1395693],[-3.0662779,53.13944],[-3.0661395,53.1393714],[-3.0660411,53.1392852],[-3.0659958,53.1391766],[-3.0660198,53.1391032],[-3.0661262,53.1390178]]},"properties":{"kind":"road","class":"service","name":null,"surface":null}},{"type":"Feature","geometry":{"type":"LineString","coordinates":[[-3.0529121,53.1537553],[-3.0529422,53.1536657],[-3.0529232,53.1535909],[-3.0526716,53.1531885],[-3.0526423,53.1531583],[-3.0525877,53.1530999],[-3.0525207,53.1530576],[-3.0521021,53.1531007],[-3.0520045,53.1531383],[-3.0519927,53.1531924],[-3.052029,53.1532525],[-3.0521213,53.1532602],[-3.0526716,53.1531885]]},"properties":{"kind":"road","class":"service","name":null,"surface":null}},{"type":"Feature","geometry":{"type":"LineString","coordinates":[[-3.0590917,53.1410484],[-3.0590826,53.141215],[-3.0590485,53.141466],[-3.0590485,53.1416247],[-3.059012,53.1416603],[-3.0589754,53.1417179],[-3.0589663,53.141759],[-3.059012,53.1418137],[-3.0591372,53.1419263],[-3.059222,53.141989],[-3.0593864,53.1421835]]},"properties":{"kind":"road","class":"service","name":null,"surface":null}},{"type":"Feature","geometry":{"type":"LineString","coordinates":[[-3.0825001,53.1376151],[-3.0826114,53.1374052]]},"properties":{"kind":"road","class":"primary","name":"Chester Road","surface":null}},{"type":"Feature","geometry":{"type":"LineString","coordinates":[[-3.0818515,53.1369731],[-3.0816821,53.1370407]]},"properties":{"kind":"road","class":"service","name":null,"surface":null}},{"type":"Feature","geometry":{"type":"LineString","coordinates":[[-3.08212,53.1369026],[-3.0818515,53.1369731]]},"properties":{"kind":"road","class":"service","name":null,"surface":null}},{"type":"Feature","geometry":{"type":"LineString","coordinates":[[-3.0734996,53.140186],[-3.0736131,53.1399875],[-3.0739456,53.1397816],[-3.0744553,53.139685],[-3.0747503,53.1396175]]},"properties":{"kind":"road","class":"service","name":null,"surface":null}},{"type":"Feature","geometry":{"type":"LineString","coordinates":[[-3.0597255,53.141176],[-3.0601773,53.141267],[-3.0604709,53.1412611],[-3.0611184,53.1411697],[-3.0621664,53.141226],[-3.0625825,53.1412854],[-3.0634809,53.1415816],[-3.0643176,53.1418935]]},"properties":{"kind":"road","class":"primary","name":"Chester Road","surface":"asphalt"}},{"type":"Feature","geometry":{"type":"LineString","coordinates":[[-3.0544161,53.142366],[-3.0541757,53.1424442],[-3.0539811,53.1424917],[-3.0538304,53.1425585],[-3.0537018,53.1425231]]},"properties":{"kind":"road","class":"service","name":null,"surface":null}},{"type":"Feature","geometry":{"type":"LineString","coordinates":[[-3.0661848,53.1389117],[-3.0660677,53.1387887],[-3.0658229,53.1386483]]},"properties":{"kind":"road","class":"service","name":null,"surface":null}},{"type":"Feature","geometry":{"type":"LineString","coordinates":[[-3.0661262,53.1390178],[-3.0661848,53.1389117]]},"properties":{"kind":"road","class":"service","name":null,"surface":null}},{"type":"Feature","geometry":{"type":"LineString","coordinates":[[-3.0602504,53.125453],[-3.0599707,53.1256124],[-3.058878,53.1262344]]},"properties":{"kind":"road","class":"service","name":null,"surface":null}},{"type":"Feature","geometry":{"type":"LineString","coordinates":[[-3.0444612,53.1218961],[-3.0445041,53.1219202],[-3.044898,53.1222117],[-3.045115,53.1223409],[-3.0459089,53.1221252],[-3.046814,53.1218611],[-3.0472905,53.121668],[-3.047701,53.1220758],[-3.0478637,53.1222538],[-3.0478981,53.1222915],[-3.048423,53.1228659],[-3.0488052,53.1233162],[-3.0489472,53.1236811],[-3.0487911,53.1237154],[-3.0484655,53.1239193],[-3.0475877,53.1243441],[-3.046526,53.1248623],[-3.0464579,53.1249326],[-3.0456624,53.1257543],[-3.0454642,53.1259582],[-3.0454784,53.1267821],[-3.045351,53.1269351],[-3.0453588,53.1269537],[-3.0454925,53.1272748],[-3.0455633,53.1277251],[-3.0457049,53.1279119],[-3.0462429,53.1288463],[-3.0467242,53.1295089],[-3.0474733,53.1303295],[-3.0475372,53.1303994]]},"properties":{"kind":"road","class":"track","name":null,"surface":null}},{"type":"Feature","geometry":{"type":"LineString","coordinates":[[-3.0901462,53.1324134],[-3.0900796,53.1323203],[-3.0900466,53.1322741]]},"properties":{"kind":"road","class":"residential","name":"Britannia Road","surface":null}},{"type":"Feature","geometry":{"type":"LineString","coordinates":[[-3.093688,53.1376547],[-3.09374,53.1375698],[-3.0937668,53.1375199],[-3.0937787,53.1374632]]},"properties":{"kind":"road","class":"unclassified","name":null,"surface":null}},{"type":"Feature","geometry":{"type":"LineString","coordinates":[[-3.060052,53.1272924],[-3.0606062,53.1279663]]},"properties":{"kind":"road","class":"service","name":null,"surface":null}},{"type":"Feature","geometry":{"type":"LineString","coordinates":[[-3.0893508,53.1302156],[-3.0886435,53.1299685]]},"properties":{"kind":"road","class":"service","name":null,"surface":null}},{"type":"Feature","geometry":{"type":"LineString","coordinates":[[-3.0733583,53.1541498],[-3.0734596,53.1544922],[-3.0735309,53.1546893],[-3.073562,53.1547451],[-3.0736209,53.154773],[-3.0738907,53.1547246]]},"properties":{"kind":"road","class":"service","name":null,"surface":null}},{"type":"Feature","geometry":{"type":"LineString","coordinates":[[-3.0502253,53.1439265],[-3.0503634,53.1439961],[-3.0509765,53.1443387],[-3.0512029,53.1444745]]},"properties":{"kind":"road","class":"service","name":null,"surface":null}},{"type":"Feature","geometry":{"type":"LineString","coordinates":[[-3.060596,53.1564783],[-3.0606826,53.156602],[-3.0607267,53.1566732],[-3.0609021,53.1566341]]},"properties":{"kind":"road","class":"service","name":null,"surface":null}},{"type":"Feature","geometry":{"type":"LineString","coordinates":[[-3.0613702,53.1563288],[-3.0614475,53.15649],[-3.0612539,53.1565336]]},"properties":{"kind":"road","class":"service","name":null,"surface":null}},{"type":"Feature","geometry":{"type":"LineString","coordinates":[[-3.0735278,53.1445058],[-3.0735016,53.1446076],[-3.0734445,53.1447347],[-3.0733764,53.1448759],[-3.0733005,53.1450054],[-3.0732266,53.145114],[-3.0731711,53.145177],[-3.0731147,53.1452266],[-3.0730233,53.1452902],[-3.0729163,53.1453456],[-3.0728355,53.145385],[-3.0727562,53.1454229],[-3.0726478,53.1454792],[-3.0725417,53.1455408],[-3.0724444,53.1455974],[-3.0723161,53.1456637],[-3.0722004,53.1457164],[-3.0720802,53.1457701],[-3.0719153,53.1458421],[-3.0717708,53.1459125],[-3.071639,53.1459774],[-3.071544,53.1460211],[-3.071406,53.1460704],[-3.0713672,53.1460794],[-3.071334,53.1460849],[-3.0712621,53.1460925],[-3.0711668,53.1460989],[-3.0708902,53.1461174],[-3.0705936,53.1461297],[-3.070301,53.1461362]]},"properties":{"kind":"road","class":"service","name":null,"surface":null}},{"type":"Feature","geometry":{"type":"LineString","coordinates":[[-3.0507043,53.15795],[-3.0507498,53.1580364],[-3.0506582,53.1582159],[-3.0505599,53.1584222],[-3.0505755,53.1585133],[-3.050656,53.1585308],[-3.050761,53.1585482],[-3.0507999,53.1586263],[-3.0507302,53.1588155],[-3.050576,53.159161]]},"properties":{"kind":"road","class":"service","name":null,"surface":null}},{"type":"Feature","geometry":{"type":"LineString","coordinates":[[-3.0539407,53.1352133],[-3.054171,53.1350263],[-3.0543475,53.1349357],[-3.0545354,53.1348606]]},"properties":{"kind":"road","class":"service","name":null,"surface":null}},{"type":"Feature","geometry":{"type":"LineString","coordinates":[[-3.0857002,53.1528142],[-3.0859398,53.1527935],[-3.0861579,53.1527269],[-3.0862452,53.1526936]]},"properties":{"kind":"road","class":"service","name":null,"surface":null}},{"type":"Feature","geometry":{"type":"LineString","coordinates":[[-3.0861918,53.1523011],[-3.0868375,53.1526842]]},"properties":{"kind":"road","class":"service","name":null,"surface":null}},{"type":"Feature","geometry":{"type":"LineString","coordinates":[[-3.0861918,53.1523011],[-3.0862367,53.1522411],[-3.0863471,53.1521852],[-3.0863782,53.1521935],[-3.0868616,53.1524854],[-3.0868513,53.1526304]]},"properties":{"kind":"road","class":"service","name":null,"surface":null}},{"type":"Feature","geometry":{"type":"LineString","coordinates":[[-3.0868513,53.1526304],[-3.0868375,53.1526842]]},"properties":{"kind":"road","class":"service","name":null,"surface":null}},{"type":"Feature","geometry":{"type":"LineString","coordinates":[[-3.0862452,53.1526936],[-3.086201,53.152624],[-3.0861619,53.1524866],[-3.0861619,53.1524224],[-3.0861918,53.1523011]]},"properties":{"kind":"road","class":"service","name":null,"surface":null}},{"type":"Feature","geometry":{"type":"LineString","coordinates":[[-3.0868375,53.1526842],[-3.0862452,53.1526936]]},"properties":{"kind":"road","class":"service","name":null,"surface":null}},{"type":"Feature","geometry":{"type":"LineString","coordinates":[[-3.0919492,53.1445927],[-3.0918953,53.1446714],[-3.091888,53.1446914],[-3.091888,53.1447115],[-3.0918984,53.1447297],[-3.091911,53.1447473],[-3.091934,53.1447611],[-3.0919748,53.1447787],[-3.0920658,53.1448138],[-3.0921024,53.1448314],[-3.0921579,53.1448753],[-3.0922562,53.144938],[-3.0923671,53.1449926],[-3.0925387,53.1450999]]},"properties":{"kind":"road","class":"service","name":null,"surface":null}},{"type":"Feature","geometry":{"type":"LineString","coordinates":[[-3.0778997,53.1297564],[-3.0777668,53.1296498],[-3.0777091,53.1295733],[-3.0776879,53.1295078],[-3.0777881,53.1294659]]},"properties":{"kind":"road","class":"service","name":null,"surface":null}},{"type":"Feature","geometry":{"type":"LineString","coordinates":[[-3.0535193,53.1426227],[-3.0535526,53.1425569],[-3.0535754,53.1424974],[-3.053575,53.1424062],[-3.0535464,53.1423233],[-3.0535025,53.1421527],[-3.0534678,53.1420071],[-3.0534863,53.1419322],[-3.0537106,53.1417755],[-3.0537484,53.1417375],[-3.0538424,53.1416326],[-3.0539303,53.1414939],[-3.0539487,53.1414329],[-3.0542447,53.1412651]]},"properties":{"kind":"road","class":"service","name":null,"surface":null}},{"type":"Feature","geometry":{"type":"LineString","coordinates":[[-3.0451174,53.1530233],[-3.0447818,53.1534326],[-3.0446653,53.1535642]]},"properties":{"kind":"road","class":"primary","name":"Hawarden Road","surface":null}},{"type":"Feature","geometry":{"type":"LineString","coordinates":[[-3.045571,53.1524808],[-3.0455291,53.1525753],[-3.0451174,53.1530233]]},"properties":{"kind":"road","class":"primary","name":"Hawarden Road","surface":null}},{"type":"Feature","geometry":{"type":"LineString","coordinates":[[-3.0968368,53.1358642],[-3.0975232,53.1358149],[-3.0977324,53.1357988],[-3.0983842,53.1356894],[-3.0986149,53.1356604],[-3.0987785,53.1356701],[-3.0995295,53.1357779],[-3.0997521,53.1357779],[-3.1011158,53.1357079],[-3.1019193,53.1355768],[-3.1023776,53.1354293]]},"properties":{"kind":"road","class":"service","name":null,"surface":null}},{"type":"Feature","geometry":{"type":"LineString","coordinates":[[-3.0570709,53.1572497],[-3.0571688,53.1570309],[-3.0571142,53.156938],[-3.0571072,53.1569317],[-3.0569874,53.1568461],[-3.0567602,53.1567183],[-3.0566069,53.1567067]]},"properties":{"kind":"road","class":"service","name":null,"surface":null}},{"type":"Feature","geometry":{"type":"LineString","coordinates":[[-3.0469504,53.1414887],[-3.0461746,53.1413674]]},"properties":{"kind":"road","class":"service","name":null,"surface":null}},{"type":"Feature","geometry":{"type":"LineString","coordinates":[[-3.0498323,53.1473076],[-3.0507477,53.1470565]]},"properties":{"kind":"road","class":"residential","name":null,"surface":null}},{"type":"Feature","geometry":{"type":"LineString","coordinates":[[-3.0498323,53.1473076],[-3.0497729,53.1472607],[-3.0496903,53.1471884],[-3.0495472,53.1468801]]},"properties":{"kind":"road","class":"residential","name":null,"surface":null}},{"type":"Feature","geometry":{"type":"LineString","coordinates":[[-3.0678495,53.1352357],[-3.0681632,53.1351456],[-3.0682697,53.1350479],[-3.0684512,53.1346761],[-3.0685764,53.1345522],[-3.0686977,53.1345219],[-3.0688647,53.1344997],[-3.0691574,53.1344688],[-3.0693161,53.1344552],[-3.069551,53.1344304],[-3.0697778,53.1344045],[-3.0700127,53.134334],[-3.0704002,53.134172],[-3.0707094,53.1340323],[-3.0709706,53.1338963],[-3.0711268,53.1338079],[-3.071161,53.1337847]]},"properties":{"kind":"road","class":"service","name":null,"surface":null}},{"type":"Feature","geometry":{"type":"LineString","coordinates":[[-3.0972413,53.1367339],[-3.0972823,53.1368842],[-3.0973346,53.1370423],[-3.097414,53.1371842],[-3.0974579,53.1372267],[-3.0974917,53.1372592],[-3.0975171,53.1373078],[-3.0975011,53.1373723],[-3.0974799,53.1375024],[-3.0974765,53.1375409],[-3.0974833,53.1375925],[-3.0974867,53.1377577],[-3.097485,53.1378276]]},"properties":{"kind":"road","class":"service","name":null,"surface":null}},{"type":"Feature","geometry":{"type":"LineString","coordinates":[[-3.0487402,53.1580902],[-3.0487596,53.1581662],[-3.0487515,53.1582025],[-3.0487273,53.1582231],[-3.0486769,53.1582388],[-3.0486164,53.1582582],[-3.048578,53.1582775],[-3.0485579,53.1583053],[-3.0485599,53.158338],[-3.0486406,53.1584807],[-3.048686,53.158537],[-3.0486729,53.1585799],[-3.0486203,53.1585869],[-3.0485735,53.1585677],[-3.0485691,53.1585396],[-3.0485896,53.1585037],[-3.0486406,53.1584807]]},"properties":{"kind":"road","class":"service","name":null,"surface":null}},{"type":"Feature","geometry":{"type":"LineString","coordinates":[[-3.050481,53.1547001],[-3.0499413,53.1547514],[-3.0496485,53.1547709],[-3.04961,53.1547514]]},"properties":{"kind":"road","class":"service","name":null,"surface":null}},{"type":"Feature","geometry":{"type":"LineString","coordinates":[[-3.0631463,53.1522349],[-3.0639891,53.1523845]]},"properties":{"kind":"road","class":"service","name":null,"surface":null}},{"type":"Feature","geometry":{"type":"LineString","coordinates":[[-3.0617833,53.1544946],[-3.0611574,53.1543761]]},"properties":{"kind":"road","class":"service","name":null,"surface":null}},{"type":"Feature","geometry":{"type":"LineString","coordinates":[[-3.0609382,53.1504837],[-3.060544,53.1506021],[-3.0604898,53.1506394],[-3.0602675,53.1510299],[-3.0602386,53.1510427],[-3.0601884,53.1510449],[-3.0597702,53.1509646],[-3.0596983,53.1509576],[-3.0596681,53.1509654],[-3.0596503,53.1509828],[-3.0596361,53.151004],[-3.0594162,53.151389]]},"properties":{"kind":"road","class":"service","name":null,"surface":null}},{"type":"Feature","geometry":{"type":"LineString","coordinates":[[-3.0481004,53.1484663],[-3.0480816,53.1480655]]},"properties":{"kind":"road","class":"residential","name":"Maple Way","surface":"asphalt"}},{"type":"Feature","geometry":{"type":"LineString","coordinates":[[-3.0485481,53.1470271],[-3.048504,53.1469691],[-3.0484418,53.1468069],[-3.0483765,53.1467043],[-3.0483081,53.1465718]]},"properties":{"kind":"road","class":"service","name":null,"surface":null}},{"type":"Feature","geometry":{"type":"LineString","coordinates":[[-3.0496538,53.1483058],[-3.0496219,53.1482615],[-3.049611,53.1482158],[-3.0495322,53.148149],[-3.0494188,53.148101],[-3.0493558,53.1480529],[-3.0492739,53.148009],[-3.0491579,53.1478092],[-3.0490648,53.1476573],[-3.0489207,53.1473801],[-3.0488443,53.1471852],[-3.0488085,53.1469988]]},"properties":{"kind":"road","class":"service","name":null,"surface":null}},{"type":"Feature","geometry":{"type":"LineString","coordinates":[[-3.0843494,53.1489851],[-3.0845061,53.148905],[-3.0845594,53.1488855],[-3.0846085,53.1488663],[-3.0846513,53.1488535],[-3.0847217,53.1488398],[-3.0847942,53.1488336],[-3.0848496,53.1488428],[-3.0849355,53.1488645],[-3.0849889,53.148884],[-3.0850443,53.1489149],[-3.0850901,53.1489401],[-3.0851474,53.148971],[-3.085197,53.1490019],[-3.0852371,53.1490271],[-3.085281,53.1490534],[-3.0853078,53.1490717],[-3.0853829,53.1491261]]},"properties":{"kind":"road","class":"service","name":null,"surface":null}},{"type":"Feature","geometry":{"type":"LineString","coordinates":[[-3.0835044,53.1506462],[-3.083629,53.1510861],[-3.0841954,53.1514773],[-3.0854572,53.1519096],[-3.085852,53.1522545],[-3.0858206,53.1524524],[-3.0857979,53.1525956],[-3.0857509,53.1527741],[-3.0857002,53.1528142],[-3.0855785,53.1529104],[-3.0854703,53.1531094],[-3.085461,53.1531265],[-3.0853678,53.1536222]]},"properties":{"kind":"road","class":"unclassified","name":"Station Lane","surface":null}},{"type":"Feature","geometry":{"type":"LineString","coordinates":[[-3.0835044,53.1506462],[-3.0835883,53.1504281],[-3.0837457,53.1501896],[-3.0838166,53.1500849],[-3.0838696,53.1500003],[-3.0839274,53.1498919],[-3.0840476,53.1496575],[-3.0841006,53.1495672],[-3.0842695,53.1492572],[-3.0843373,53.1491493],[-3.0843725,53.1490469],[-3.0843494,53.1489851]]},"properties":{"kind":"road","class":"unclassified","name":"Station Lane","surface":null}},{"type":"Feature","geometry":{"type":"LineString","coordinates":[[-3.0832328,53.1480206],[-3.0833115,53.1481419],[-3.0833949,53.1482282],[-3.0835597,53.1483713],[-3.0836494,53.1484638],[-3.083786,53.1486057],[-3.0838255,53.1486702],[-3.0838477,53.1487342],[-3.083883,53.1488826]]},"properties":{"kind":"road","class":"unclassified","name":null,"surface":null}},{"type":"Feature","geometry":{"type":"LineString","coordinates":[[-3.0832328,53.1480206],[-3.0831206,53.1478498],[-3.0829889,53.1476611],[-3.0828583,53.1475015],[-3.0826318,53.1471972],[-3.0824601,53.1469875],[-3.0822145,53.1467251],[-3.0818432,53.1463676],[-3.0816603,53.1462124]]},"properties":{"kind":"road","class":"unclassified","name":null,"surface":null}},{"type":"Feature","geometry":{"type":"LineString","coordinates":[[-3.0897164,53.1276619],[-3.0900653,53.1276659],[-3.0901684,53.1276719],[-3.0902249,53.1276958],[-3.0903146,53.1277736],[-3.0904977,53.1280894]]},"properties":{"kind":"road","class":"service","name":null,"surface":null}},{"type":"Feature","geometry":{"type":"LineString","coordinates":[[-3.092449,53.1251679],[-3.0925863,53.1250429],[-3.0926124,53.1250241],[-3.0926892,53.1249688],[-3.0927372,53.1249297],[-3.0928092,53.124835],[-3.092895,53.1247198]]},"properties":{"kind":"road","class":"service","name":null,"surface":null}},{"type":"Feature","geometry":{"type":"LineString","coordinates":[[-3.0929567,53.1250182],[-3.0928024,53.12501],[-3.0926124,53.1250241]]},"properties":{"kind":"road","class":"service","name":null,"surface":null}},{"type":"Feature","geometry":{"type":"LineString","coordinates":[[-3.0858206,53.1524524],[-3.0850424,53.1524236]]},"properties":{"kind":"road","class":"service","name":null,"surface":null}},{"type":"Feature","geometry":{"type":"LineString","coordinates":[[-3.0854703,53.1531094],[-3.0853314,53.153048],[-3.0852126,53.1530222],[-3.085064,53.1530183],[-3.0848658,53.1530698],[-3.0847238,53.1530935],[-3.084562,53.1530698],[-3.0843243,53.1529886],[-3.0841856,53.1529351],[-3.0840007,53.152947],[-3.0838323,53.152941],[-3.0836044,53.1528955]]},"properties":{"kind":"road","class":"service","name":null,"surface":null}},{"type":"Feature","geometry":{"type":"LineString","coordinates":[[-3.084562,53.1530698],[-3.0846248,53.1527925],[-3.0846215,53.1527173],[-3.0845455,53.1526717],[-3.0844134,53.1526519],[-3.0842946,53.1526915],[-3.0841856,53.1529351]]},"properties":{"kind":"road","class":"service","name":null,"surface":null}},{"type":"Feature","geometry":{"type":"LineString","coordinates":[[-3.1050084,53.1496615],[-3.1035885,53.1489662],[-3.1031846,53.1487894],[-3.102768,53.1486436],[-3.102371,53.148533],[-3.10183,53.1484197],[-3.1009878,53.148263],[-3.1005399,53.148166],[-3.1001451,53.1480721],[-3.0997803,53.1479479],[-3.0993949,53.1477893],[-3.0989756,53.1475681],[-3.0977808,53.1468842]]},"properties":{"kind":"road","class":"primary","name":null,"surface":null}},{"type":"Feature","geometry":{"type":"LineString","coordinates":[[-3.0955577,53.1306951],[-3.0958447,53.1306109],[-3.096593,53.1303148],[-3.0967191,53.1302263],[-3.0969068,53.1300332],[-3.0970141,53.1299495],[-3.097159,53.1298787],[-3.0974594,53.1297982],[-3.0977142,53.1297757],[-3.0980977,53.1298722],[-3.0984008,53.1300621],[-3.098661,53.1302601],[-3.0988192,53.1303341],[-3.0991331,53.130479],[-3.0993557,53.1305755],[-3.0996105,53.1306125],[-3.0998465,53.1306463],[-3.1001174,53.1306801],[-3.1002891,53.1306689],[-3.1004339,53.1306045],[-3.1004599,53.1305531],[-3.1004795,53.1305144],[-3.1005171,53.1304017],[-3.1005654,53.1301861],[-3.1006914,53.1300412],[-3.1008872,53.1298964],[-3.1009516,53.1298207],[-3.1009999,53.1296968],[-3.1010347,53.1296196],[-3.1010911,53.1295649]]},"properties":{"kind":"road","class":"service","name":null,"surface":null}},{"type":"Feature","geometry":{"type":"LineString","coordinates":[[-3.0734268,53.1541411],[-3.073421,53.15403],[-3.0733853,53.1538428],[-3.0733987,53.1536315],[-3.0734076,53.1534549],[-3.0734656,53.1531874],[-3.0735414,53.1529574],[-3.0735512,53.152914],[-3.0737779,53.1527915],[-3.0738804,53.1527514],[-3.0741659,53.1527728],[-3.0751161,53.1529039],[-3.0752856,53.152936],[-3.0754506,53.1529654],[-3.0755309,53.1530242],[-3.0755086,53.1530911],[-3.0754417,53.1532195]]},"properties":{"kind":"road","class":"service","name":null,"surface":null}},{"type":"Feature","geometry":{"type":"LineString","coordinates":[[-3.0735512,53.152914],[-3.0735848,53.1527093]]},"properties":{"kind":"road","class":"service","name":null,"surface":null}},{"type":"Feature","geometry":{"type":"LineString","coordinates":[[-3.0735848,53.1527093],[-3.0736768,53.1524121],[-3.0738023,53.1520192],[-3.0738788,53.1517566],[-3.0739707,53.1516722],[-3.0741268,53.1515767],[-3.0742034,53.1515785],[-3.0743105,53.1515969],[-3.0745646,53.1516703],[-3.0746626,53.151674],[-3.0747667,53.1516777],[-3.0748984,53.1516703],[-3.0749933,53.1516263]]},"properties":{"kind":"road","class":"service","name":null,"surface":null}},{"type":"Feature","geometry":{"type":"LineString","coordinates":[[-3.0738804,53.1527514],[-3.0735848,53.1527093]]},"properties":{"kind":"road","class":"service","name":null,"surface":null}},{"type":"Feature","geometry":{"type":"LineString","coordinates":[[-3.0467271,53.1438724],[-3.0467194,53.1437954],[-3.0466515,53.1436634],[-3.0466179,53.143598],[-3.0465545,53.1434746],[-3.0466336,53.143459],[-3.0471404,53.1434803],[-3.0471959,53.1435681],[-3.0473043,53.1437523]]},"properties":{"kind":"road","class":"service","name":null,"surface":null}},{"type":"Feature","geometry":{"type":"LineString","coordinates":[[-3.0973523,53.1464341],[-3.0974517,53.1463937],[-3.097524,53.1463744],[-3.0975883,53.1463776],[-3.0976606,53.1464049],[-3.0977973,53.146466],[-3.0978964,53.1465126],[-3.0979767,53.1465415],[-3.0980357,53.1465576],[-3.0981295,53.1465672],[-3.0982527,53.1465656],[-3.0984617,53.1465543],[-3.0987028,53.1465351],[-3.0988742,53.1465479]]},"properties":{"kind":"road","class":"service","name":null,"surface":null}},{"type":"Feature","geometry":{"type":"LineString","coordinates":[[-3.0988136,53.1472839],[-3.0990608,53.1472292],[-3.0991839,53.1472216],[-3.0996613,53.1473697]]},"properties":{"kind":"road","class":"service","name":null,"surface":null}},{"type":"Feature","geometry":{"type":"LineString","coordinates":[[-3.0956363,53.1532508],[-3.0957045,53.1542745]]},"properties":{"kind":"road","class":"track","name":null,"surface":null}},{"type":"Feature","geometry":{"type":"LineString","coordinates":[[-3.1004599,53.1305531],[-3.1003017,53.1304837],[-3.1001718,53.1304341],[-3.1000706,53.1303888],[-3.0999943,53.1303507],[-3.0999161,53.1303],[-3.0998553,53.1302569],[-3.0997826,53.1302011],[-3.0997228,53.130157],[-3.0996446,53.130099]]},"properties":{"kind":"road","class":"service","name":null,"surface":null}},{"type":"Feature","geometry":{"type":"LineString","coordinates":[[-3.0853829,53.1491261],[-3.085431,53.1491075],[-3.0858919,53.148898]]},"properties":{"kind":"road","class":"service","name":null,"surface":null}},{"type":"Feature","geometry":{"type":"LineString","coordinates":[[-3.0858919,53.148898],[-3.0859636,53.1488684],[-3.0862434,53.1486891],[-3.0862814,53.1486991],[-3.0863081,53.1487111],[-3.0864288,53.148754],[-3.0865481,53.1487964],[-3.0865703,53.1488231],[-3.0865659,53.1488444],[-3.0865548,53.1488657],[-3.086537,53.1488871],[-3.0865014,53.148911],[-3.0864703,53.1489244],[-3.0864392,53.1489377],[-3.0863681,53.148951],[-3.0862236,53.148947],[-3.0861325,53.1489244],[-3.0860792,53.1489177],[-3.0858919,53.148898]]},"properties":{"kind":"road","class":"service","name":null,"surface":null}},{"type":"Feature","geometry":{"type":"LineString","coordinates":[[-3.0864288,53.148754],[-3.0862236,53.148947]]},"properties":{"kind":"road","class":"service","name":null,"surface":null}},{"type":"Feature","geometry":{"type":"LineString","coordinates":[[-3.0613255,53.1512911],[-3.0603681,53.1510944],[-3.0602675,53.1510299]]},"properties":{"kind":"road","class":"service","name":null,"surface":null}},{"type":"Feature","geometry":{"type":"LineString","coordinates":[[-3.1028978,53.1351053],[-3.1029791,53.1352681],[-3.1025575,53.1353628],[-3.1023776,53.1354293]]},"properties":{"kind":"road","class":"service","name":null,"surface":null}},{"type":"Feature","geometry":{"type":"LineString","coordinates":[[-3.0563799,53.1597563],[-3.0560398,53.1598294],[-3.0560194,53.1598563],[-3.0560166,53.159893],[-3.0560248,53.1599142],[-3.0560452,53.1599354],[-3.0560602,53.1599444],[-3.0561271,53.1599579],[-3.0563283,53.1600015],[-3.0563773,53.1600252],[-3.056392,53.1600581],[-3.0563762,53.1600909],[-3.0563192,53.1601913]]},"properties":{"kind":"road","class":"service","name":null,"surface":null}},{"type":"Feature","geometry":{"type":"LineString","coordinates":[[-3.0488085,53.1469988],[-3.0486591,53.1466065]]},"properties":{"kind":"road","class":"service","name":null,"surface":null}},{"type":"Feature","geometry":{"type":"LineString","coordinates":[[-3.0682351,53.1320516],[-3.0681896,53.131839],[-3.0681359,53.1317135],[-3.0675996,53.1310699],[-3.0674173,53.1309251],[-3.0673394,53.1308692],[-3.0673016,53.1308116],[-3.0673016,53.1307698],[-3.0673534,53.130718],[-3.0674653,53.1306133],[-3.067631,53.130499]]},"properties":{"kind":"road","class":"service","name":null,"surface":null}},{"type":"Feature","geometry":{"type":"LineString","coordinates":[[-3.0457083,53.1440617],[-3.0456329,53.1440742],[-3.0456061,53.1440769],[-3.0455822,53.1440776],[-3.045552,53.1440737],[-3.045531,53.1440653],[-3.0455162,53.1440537],[-3.0455014,53.1440403],[-3.0454814,53.1440136],[-3.0454707,53.143993],[-3.0454651,53.1439765],[-3.0454595,53.1439429],[-3.0454562,53.1439055]]},"properties":{"kind":"road","class":"service","name":null,"surface":null}},{"type":"Feature","geometry":{"type":"LineString","coordinates":[[-3.1043009,53.1584841],[-3.1042404,53.158391]]},"properties":{"kind":"road","class":"service","name":null,"surface":null}},{"type":"Feature","geometry":{"type":"LineString","coordinates":[[-3.1047953,53.1577178],[-3.1046417,53.1576539]]},"properties":{"kind":"road","class":"service","name":null,"surface":null}},{"type":"Feature","geometry":{"type":"LineString","coordinates":[[-3.1020041,53.1601067],[-3.1032337,53.159643],[-3.1035071,53.1594157],[-3.103599,53.1593029],[-3.1039625,53.158857],[-3.1041063,53.1586806],[-3.1043009,53.1584841],[-3.1044287,53.158355],[-3.1047953,53.1577178]]},"properties":{"kind":"road","class":"unclassified","name":null,"surface":"unpaved"}},{"type":"Feature","geometry":{"type":"LineString","coordinates":[[-3.0713165,53.1337145],[-3.0714748,53.1336474],[-3.071613,53.1336233],[-3.0717798,53.1336224],[-3.0723613,53.1336838],[-3.0726476,53.1337173],[-3.0728458,53.1337327],[-3.0732594,53.1337479],[-3.0735965,53.1337518],[-3.0739586,53.1337472],[-3.0741609,53.133744],[-3.0743071,53.1337326],[-3.0746,53.1336773],[-3.0749393,53.133599],[-3.0750898,53.1335493]]},"properties":{"kind":"road","class":"service","name":null,"surface":null}},{"type":"Feature","geometry":{"type":"LineString","coordinates":[[-3.071161,53.1337847],[-3.0713165,53.1337145]]},"properties":{"kind":"road","class":"service","name":null,"surface":null}},{"type":"Feature","geometry":{"type":"LineString","coordinates":[[-3.0493346,53.1335476],[-3.0502426,53.1339322],[-3.0507742,53.1341574],[-3.0520689,53.134778],[-3.0529679,53.1349951],[-3.0535421,53.1350751],[-3.0537379,53.1351234],[-3.0539318,53.1351961],[-3.0539407,53.1352133],[-3.0540463,53.1354164],[-3.0540866,53.13559],[-3.0541926,53.1356975]]},"properties":{"kind":"road","class":"unclassified","name":"Stryt Isa","surface":null}},{"type":"Feature","geometry":{"type":"LineString","coordinates":[[-3.0520128,53.1426705],[-3.0516877,53.1423131],[-3.0512448,53.1419319],[-3.0507535,53.1415668],[-3.0504951,53.1413894]]},"properties":{"kind":"road","class":"primary","name":"Hawarden Road","surface":null}},{"type":"Feature","geometry":{"type":"LineString","coordinates":[[-3.0522471,53.1432478],[-3.0522152,53.1432385],[-3.0521506,53.1431988],[-3.0521122,53.1431484],[-3.0521044,53.1430931],[-3.0521194,53.1430593],[-3.0521282,53.1430396]]},"properties":{"kind":"road","class":"primary","name":null,"surface":null}},{"type":"Feature","geometry":{"type":"LineString","coordinates":[[-3.0524137,53.1429476],[-3.0524943,53.142963]]},"properties":{"kind":"road","class":"primary","name":null,"surface":null}},{"type":"Feature","geometry":{"type":"LineString","coordinates":[[-3.0529613,53.1428704],[-3.0535193,53.1426227],[-3.0536088,53.1425757],[-3.0537018,53.1425231]]},"properties":{"kind":"road","class":"primary","name":"Rhos Road","surface":null}},{"type":"Feature","geometry":{"type":"LineString","coordinates":[[-3.0634271,53.1560086],[-3.0643199,53.1558883],[-3.0650638,53.1557802],[-3.065335,53.1557464],[-3.0662917,53.1556233],[-3.0675841,53.1554334],[-3.0688535,53.1551604],[-3.0696304,53.1549851],[-3.0708856,53.1546592],[-3.0715183,53.154495],[-3.0727751,53.1542505],[-3.0732283,53.1541713],[-3.0733583,53.1541498],[-3.0734268,53.1541411],[-3.075725,53.1537656],[-3.0771251,53.1534693],[-3.0778283,53.1533401],[-3.0785252,53.1532451],[-3.0794226,53.1532111],[-3.0797764,53.1532222],[-3.0802184,53.1532224]]},"properties":{"kind":"road","class":"primary","name":null,"surface":null}},{"type":"Feature","geometry":{"type":"LineString","coordinates":[[-3.0802184,53.1532224],[-3.0804765,53.1532261],[-3.0815236,53.153326],[-3.0829681,53.1535311],[-3.0853678,53.1536222],[-3.0867179,53.1536396]]},"properties":{"kind":"road","class":"primary","name":null,"surface":null}},{"type":"Feature","geometry":{"type":"LineString","coordinates":[[-3.0864228,53.1544811],[-3.0866603,53.1543038],[-3.086729,53.1541307],[-3.0867179,53.1536396]]},"properties":{"kind":"road","class":"tertiary","name":"Padeswood Road South","surface":"asphalt"}},{"type":"Feature","geometry":{"type":"LineString","coordinates":[[-3.0997521,53.1357779],[-3.0998129,53.1359086],[-3.1002501,53.1359488]]},"properties":{"kind":"road","class":"track","name":null,"surface":null}},{"type":"Feature","geometry":{"type":"LineString","coordinates":[[-3.066218,53.1351116],[-3.0659102,53.135302],[-3.0658586,53.1353455],[-3.0658316,53.1353927],[-3.0658267,53.1354332],[-3.0658667,53.135616],[-3.0658549,53.1357173],[-3.0657824,53.1357716]]},"properties":{"kind":"road","class":"service","name":null,"surface":null}},{"type":"Feature","geometry":{"type":"LineString","coordinates":[[-3.0495993,53.146579],[-3.0494768,53.1465904]]},"properties":{"kind":"road","class":"residential","name":"Oak Drive","surface":null}},{"type":"Feature","geometry":{"type":"LineString","coordinates":[[-3.0494768,53.1465904],[-3.0494219,53.1465404],[-3.049394,53.1464976],[-3.049369,53.1464239]]},"properties":{"kind":"road","class":"service","name":null,"surface":null}},{"type":"Feature","geometry":{"type":"LineString","coordinates":[[-3.0496202,53.1483383],[-3.0495573,53.148408],[-3.0495124,53.1484679],[-3.0494849,53.1485252],[-3.0494878,53.1485946],[-3.0495197,53.1486276],[-3.0496789,53.1486858]]},"properties":{"kind":"road","class":"service","name":null,"surface":null}},{"type":"Feature","geometry":{"type":"LineString","coordinates":[[-3.0908943,53.1335885],[-3.0904123,53.1334846],[-3.0904088,53.1334261]]},"properties":{"kind":"road","class":"service","name":null,"surface":null}},{"type":"Feature","geometry":{"type":"LineString","coordinates":[[-3.0815397,53.1488064],[-3.0815436,53.1488522],[-3.0815649,53.1488881],[-3.081735,53.149021],[-3.0820251,53.1492338],[-3.0824262,53.149421],[-3.0825545,53.1494813],[-3.0826088,53.1495277],[-3.0827336,53.1496782],[-3.0828711,53.1498265],[-3.0829745,53.149897],[-3.0830421,53.1499443],[-3.083075,53.1499759],[-3.0830984,53.1500125],[-3.0830994,53.1500491],[-3.0830844,53.1501009],[-3.0830684,53.1501459],[-3.0830652,53.1501718],[-3.0831044,53.1502244]]},"properties":{"kind":"road","class":"service","name":null,"surface":null}},{"type":"Feature","geometry":{"type":"LineString","coordinates":[[-3.061108,53.156123],[-3.0613261,53.1561019],[-3.0615324,53.1560677],[-3.0627503,53.1559027],[-3.0628023,53.1558856],[-3.0628358,53.1558595],[-3.0628526,53.1558212],[-3.0629264,53.1553917]]},"properties":{"kind":"road","class":"service","name":null,"surface":null}},{"type":"Feature","geometry":{"type":"LineString","coordinates":[[-3.1009892,53.1239823],[-3.1010236,53.1240376],[-3.1010356,53.1240829],[-3.1010532,53.1242581],[-3.1011892,53.1245009],[-3.1014612,53.1247955],[-3.1017183,53.1250324],[-3.1021727,53.1254216],[-3.1024049,53.1255947],[-3.1024364,53.1256346],[-3.1024231,53.1256724],[-3.102375,53.1257152],[-3.1022954,53.1257575],[-3.1021893,53.1257908],[-3.1020218,53.1258217],[-3.1018625,53.1258436],[-3.1016552,53.1258525],[-3.1015159,53.1258655]]},"properties":{"kind":"road","class":"service","name":null,"surface":null}},{"type":"Feature","geometry":{"type":"LineString","coordinates":[[-3.1010215,53.13937],[-3.1009939,53.1394992],[-3.1009635,53.1396149],[-3.1009185,53.1396435],[-3.1008678,53.1396488],[-3.100704,53.1396331]]},"properties":{"kind":"road","class":"service","name":null,"surface":null}},{"type":"Feature","geometry":{"type":"LineString","coordinates":[[-3.0874238,53.1294841],[-3.0876343,53.1296006],[-3.087962,53.1297411]]},"properties":{"kind":"road","class":"service","name":null,"surface":null}},{"type":"Feature","geometry":{"type":"LineString","coordinates":[[-3.0864268,53.1304624],[-3.086533,53.1305039],[-3.0868805,53.1307352]]},"properties":{"kind":"road","class":"service","name":null,"surface":null}},{"type":"Feature","geometry":{"type":"LineString","coordinates":[[-3.086533,53.1305039],[-3.0867895,53.1304078],[-3.0868642,53.1304078],[-3.0869375,53.1304274],[-3.0871383,53.1305747]]},"properties":{"kind":"road","class":"service","name":null,"surface":null}},{"type":"Feature","geometry":{"type":"LineString","coordinates":[[-3.0864268,53.1304624],[-3.0865221,53.1305738],[-3.0865844,53.1306671],[-3.0865691,53.1307356],[-3.086356,53.1308404]]},"properties":{"kind":"road","class":"service","name":null,"surface":null}},{"type":"Feature","geometry":{"type":"LineString","coordinates":[[-3.0502426,53.1339322],[-3.050399,53.1337486],[-3.0504755,53.1336098],[-3.0505744,53.1336165],[-3.0510576,53.1337777],[-3.0510702,53.1338148]]},"properties":{"kind":"road","class":"service","name":null,"surface":null}},{"type":"Feature","geometry":{"type":"LineString","coordinates":[[-3.0504755,53.1336098],[-3.050399,53.1335527],[-3.050246,53.1334789],[-3.0502199,53.1334263],[-3.050246,53.133349],[-3.0506369,53.1329218],[-3.0507288,53.1328667],[-3.0508345,53.1328846],[-3.0518382,53.133259]]},"properties":{"kind":"road","class":"service","name":null,"surface":null}},{"type":"Feature","geometry":{"type":"LineString","coordinates":[[-3.103444,53.1548524],[-3.103932,53.1548257],[-3.1041654,53.1548131],[-3.1043988,53.1548005],[-3.10468,53.1547759]]},"properties":{"kind":"road","class":"service","name":null,"surface":null}},{"type":"Feature","geometry":{"type":"LineString","coordinates":[[-3.0835167,53.132892],[-3.0834236,53.1328586],[-3.0832783,53.1328135],[-3.0831955,53.1328089],[-3.0831184,53.132834],[-3.083059,53.1329399]]},"properties":{"kind":"road","class":"service","name":null,"surface":null}},{"type":"Feature","geometry":{"type":"LineString","coordinates":[[-3.060052,53.1272924],[-3.059938,53.1273795],[-3.0598654,53.1274353],[-3.0597839,53.1274788]]},"properties":{"kind":"road","class":"service","name":null,"surface":null}},{"type":"Feature","geometry":{"type":"LineString","coordinates":[[-3.0507966,53.1567049],[-3.0509132,53.1566897],[-3.0510176,53.1566753],[-3.0512521,53.1566042]]},"properties":{"kind":"road","class":"service","name":null,"surface":null}},{"type":"Feature","geometry":{"type":"LineString","coordinates":[[-3.0463096,53.148503],[-3.0462182,53.1483587],[-3.0461876,53.14826],[-3.0462011,53.1481829],[-3.0462247,53.1481231],[-3.0462919,53.1480046],[-3.046318,53.1479058],[-3.0463103,53.1477604]]},"properties":{"kind":"road","class":"residential","name":"Lilac Drive","surface":null}},{"type":"Feature","geometry":{"type":"LineString","coordinates":[[-3.0471557,53.1480466],[-3.0472684,53.1479913]]},"properties":{"kind":"road","class":"residential","name":"Walnut Close","surface":null}},{"type":"Feature","geometry":{"type":"LineString","coordinates":[[-3.0481723,53.1480655],[-3.0480816,53.1480655],[-3.0480006,53.1480655]]},"properties":{"kind":"road","class":"residential","name":"Maple Way","surface":"asphalt"}},{"type":"Feature","geometry":{"type":"LineString","coordinates":[[-3.0470501,53.1463363],[-3.0468392,53.1463537]]},"properties":{"kind":"road","class":"residential","name":"FFordd Haearn","surface":null}},{"type":"Feature","geometry":{"type":"LineString","coordinates":[[-3.0942969,53.130284],[-3.0945113,53.1305287],[-3.0946387,53.1305397],[-3.0947359,53.1305181],[-3.0947875,53.1305807]]},"properties":{"kind":"road","class":"residential","name":"Cwrt Pinwydd","surface":"asphalt"}},{"type":"Feature","geometry":{"type":"LineString","coordinates":[[-3.0549886,53.1599225],[-3.0547657,53.1598798],[-3.0545788,53.159852],[-3.0538561,53.1597681],[-3.0535337,53.159742],[-3.0532404,53.1596965]]},"properties":{"kind":"road","class":"tertiary","name":"Bannel Lane","surface":null}},{"type":"Feature","geometry":{"type":"LineString","coordinates":[[-3.086027,53.1546033],[-3.0863398,53.15451],[-3.0864228,53.1544811]]},"properties":{"kind":"road","class":"tertiary","name":"Padeswood Road South","surface":null}},{"type":"Feature","geometry":{"type":"LineString","coordinates":[[-3.045074,53.1254175],[-3.0440589,53.1248874],[-3.0442489,53.1247416],[-3.0445899,53.1244799],[-3.0456967,53.125034],[-3.045074,53.1254175]]},"properties":{"kind":"road","class":"track","name":null,"surface":null}},{"type":"Feature","geometry":{"type":"LineString","coordinates":[[-3.0453588,53.1269537],[-3.0450996,53.1269953],[-3.04495,53.1267217],[-3.0447613,53.1263242],[-3.0447007,53.1260186],[-3.04469,53.1256638],[-3.045074,53.1254175]]},"properties":{"kind":"road","class":"track","name":null,"surface":null}},{"type":"Feature","geometry":{"type":"LineString","coordinates":[[-3.0493888,53.1586723],[-3.0496886,53.1587193]]},"properties":{"kind":"road","class":"service","name":null,"surface":null}},{"type":"Feature","geometry":{"type":"LineString","coordinates":[[-3.0823736,53.1342694],[-3.082115,53.1342934]]},"properties":{"kind":"road","class":"unclassified","name":"Constitution Hill","surface":null}},{"type":"Feature","geometry":{"type":"LineString","coordinates":[[-3.082115,53.1342934],[-3.0810888,53.1343887]]},"properties":{"kind":"road","class":"unclassified","name":"Constitution Hill","surface":null}},{"type":"Feature","geometry":{"type":"LineString","coordinates":[[-3.0943508,53.1253767],[-3.0945949,53.1253465]]},"properties":{"kind":"road","class":"unclassified","name":"Ffordd y Bont","surface":null}},{"type":"Feature","geometry":{"type":"LineString","coordinates":[[-3.0945949,53.1253465],[-3.0960779,53.1251628],[-3.0963988,53.1250617],[-3.0982935,53.1248551],[-3.0987776,53.1246478],[-3.1003971,53.1241155],[-3.1008149,53.1240125],[-3.1009892,53.1239823],[-3.1013138,53.1238333],[-3.1024178,53.1231671],[-3.1040907,53.1225433],[-3.1042595,53.1222862],[-3.104308,53.12218],[-3.1046498,53.1216104],[-3.1054801,53.1212026],[-3.1059003,53.1207561],[-3.1065941,53.1203097],[-3.1070061,53.1195795],[-3.1071644,53.1193659],[-3.1076913,53.1191181],[-3.1077862,53.1190735],[-3.1086358,53.118521],[-3.109135,53.1181542],[-3.1113164,53.1169008],[-3.112145,53.1164595],[-3.1142855,53.115615],[-3.1152881,53.1152194],[-3.1161072,53.1149382],[-3.1165458,53.1148759],[-3.1167964,53.1148706],[-3.1170516,53.1149062],[-3.1172031,53.1149415],[-3.1176773,53.1150619],[-3.118397,53.1151849],[-3.1184542,53.1151843],[-3.1185185,53.1151603]]},"properties":{"kind":"road","class":"unclassified","name":"Ffordd y Bont","surface":null}},{"type":"Feature","geometry":{"type":"LineString","coordinates":[[-3.06767,53.1615738],[-3.0675595,53.1612408],[-3.0674385,53.1608767],[-3.0673485,53.1606777],[-3.0672919,53.1605373],[-3.0670243,53.1602272],[-3.067014,53.1601007],[-3.06788,53.1597835]]},"properties":{"kind":"road","class":"service","name":null,"surface":null}},{"type":"Feature","geometry":{"type":"LineString","coordinates":[[-3.067014,53.1601007],[-3.0663908,53.1601943],[-3.0663169,53.1601659],[-3.0658619,53.1596718],[-3.0657176,53.1596466],[-3.0649654,53.1599987],[-3.064786,53.1600826],[-3.0639205,53.1602087],[-3.063013,53.1603349]]},"properties":{"kind":"road","class":"track","name":null,"surface":null}},{"type":"Feature","geometry":{"type":"LineString","coordinates":[[-3.0649654,53.1599987],[-3.0647109,53.1598039],[-3.0643042,53.1593209],[-3.064041,53.1589289],[-3.0638496,53.1585894],[-3.0631319,53.1585415],[-3.0617345,53.1587216]]},"properties":{"kind":"road","class":"track","name":null,"surface":null}},{"type":"Feature","geometry":{"type":"LineString","coordinates":[[-3.054725,53.1423927],[-3.0546278,53.142393]]},"properties":{"kind":"road","class":"steps","name":null,"surface":null}},{"type":"Feature","geometry":{"type":"LineString","coordinates":[[-3.0545452,53.1427439],[-3.0545,53.1426271],[-3.0544697,53.142525],[-3.0544561,53.142436],[-3.0544601,53.1423843],[-3.0544161,53.142366]]},"properties":{"kind":"road","class":"service","name":null,"surface":null}},{"type":"Feature","geometry":{"type":"LineString","coordinates":[[-3.0521282,53.1430396],[-3.0521807,53.142994],[-3.0522488,53.1429638],[-3.0523291,53.1429478],[-3.0524137,53.1429476]]},"properties":{"kind":"road","class":"primary","name":null,"surface":null}},{"type":"Feature","geometry":{"type":"LineString","coordinates":[[-3.0526129,53.1431809],[-3.0525573,53.1432252],[-3.0524801,53.1432557],[-3.0523902,53.1432687],[-3.0522983,53.1432627],[-3.0522471,53.1432478]]},"properties":{"kind":"road","class":"primary","name":null,"surface":null}},{"type":"Feature","geometry":{"type":"LineString","coordinates":[[-3.0971684,53.1465233],[-3.0973523,53.1464341]]},"properties":{"kind":"road","class":"service","name":null,"surface":null}},{"type":"Feature","geometry":{"type":"LineString","coordinates":[[-3.0697955,53.1325557],[-3.0695016,53.1325469],[-3.0692315,53.1324932],[-3.0681469,53.1321866],[-3.0676869,53.1320516]]},"properties":{"kind":"road","class":"primary","name":"Mold Road","surface":null}},{"type":"Feature","geometry":{"type":"LineString","coordinates":[[-3.0643769,53.1292921],[-3.06469,53.1297365],[-3.0649993,53.1301095],[-3.0653456,53.1304724],[-3.0656942,53.1307684],[-3.066161,53.1310997],[-3.0666695,53.1313992],[-3.0672408,53.1316765],[-3.0678244,53.1319061]]},"properties":{"kind":"road","class":"primary","name":"Mold Road","surface":null}},{"type":"Feature","geometry":{"type":"LineString","coordinates":[[-3.0468263,53.1582348],[-3.0487402,53.1580902],[-3.0493132,53.1580469],[-3.0498792,53.158008],[-3.0506208,53.1579555],[-3.0507043,53.15795],[-3.0508991,53.1579373],[-3.0518608,53.1579062],[-3.0524055,53.1579091],[-3.0527001,53.1579148],[-3.0533789,53.1579508],[-3.0537452,53.1579742],[-3.053936,53.1579741],[-3.0541944,53.1579581],[-3.0543992,53.1579365],[-3.0548923,53.1578321]]},"properties":{"kind":"road","class":"primary","name":null,"surface":null}},{"type":"Feature","geometry":{"type":"LineString","coordinates":[[-3.0548923,53.1578321],[-3.0553016,53.1577297]]},"properties":{"kind":"road","class":"primary","name":null,"surface":null}},{"type":"Feature","geometry":{"type":"LineString","coordinates":[[-3.0455822,53.1440776],[-3.045535,53.1441092],[-3.0455082,53.1442122]]},"properties":{"kind":"road","class":"service","name":null,"surface":null}},{"type":"Feature","geometry":{"type":"LineString","coordinates":[[-3.0458194,53.1440411],[-3.0457782,53.1439633]]},"properties":{"kind":"road","class":"residential","name":null,"surface":null}},{"type":"Feature","geometry":{"type":"LineString","coordinates":[[-3.0582334,53.1408837],[-3.0590917,53.1410484],[-3.0595973,53.1411502]]},"properties":{"kind":"road","class":"primary","name":"Chester Road","surface":"asphalt"}},{"type":"Feature","geometry":{"type":"LineString","coordinates":[[-3.0595973,53.1411502],[-3.0597255,53.141176]]},"properties":{"kind":"road","class":"primary","name":"Chester Road","surface":"asphalt"}},{"type":"Feature","geometry":{"type":"LineString","coordinates":[[-3.0518382,53.133259],[-3.0530318,53.1337383],[-3.0540732,53.13329],[-3.0547176,53.1327633],[-3.0550072,53.1324971],[-3.0551444,53.1322636]]},"properties":{"kind":"road","class":"track","name":null,"surface":null}},{"type":"Feature","geometry":{"type":"LineString","coordinates":[[-3.0562462,53.1302597],[-3.0569219,53.1302822],[-3.0571507,53.1301519],[-3.0589066,53.1289162]]},"properties":{"kind":"road","class":"track","name":null,"surface":null}},{"type":"Feature","geometry":{"type":"LineString","coordinates":[[-3.056088,53.1302994],[-3.0562462,53.1302597]]},"properties":{"kind":"road","class":"track","name":null,"surface":null}},{"type":"Feature","geometry":{"type":"LineString","coordinates":[[-3.0551797,53.1321817],[-3.0552687,53.1320516],[-3.0558618,53.1303929],[-3.056088,53.1302994]]},"properties":{"kind":"road","class":"track","name":null,"surface":null}},{"type":"Feature","geometry":{"type":"LineString","coordinates":[[-3.0551444,53.1322636],[-3.0551797,53.1321817]]},"properties":{"kind":"road","class":"track","name":null,"surface":null}},{"type":"Feature","geometry":{"type":"LineString","coordinates":[[-3.0466515,53.1436634],[-3.0471959,53.1435681]]},"properties":{"kind":"road","class":"service","name":null,"surface":null}},{"type":"Feature","geometry":{"type":"LineString","coordinates":[[-3.0465545,53.1434746],[-3.0463501,53.1435126]]},"properties":{"kind":"road","class":"service","name":null,"surface":null}},{"type":"Feature","geometry":{"type":"LineString","coordinates":[[-3.0466179,53.143598],[-3.046404,53.1436327]]},"properties":{"kind":"road","class":"service","name":null,"surface":null}},{"type":"Feature","geometry":{"type":"LineString","coordinates":[[-3.0457917,53.1532727],[-3.0458754,53.1531255],[-3.0461743,53.1530758]]},"properties":{"kind":"road","class":"service","name":null,"surface":"unpaved"}},{"type":"Feature","geometry":{"type":"LineString","coordinates":[[-3.050481,53.1547001],[-3.0501265,53.154333],[-3.0497794,53.1541162]]},"properties":{"kind":"road","class":"service","name":null,"surface":null}},{"type":"Feature","geometry":{"type":"LineString","coordinates":[[-3.0497794,53.1541162],[-3.0497221,53.1540069],[-3.0497375,53.1537859],[-3.0498037,53.1535587]]},"properties":{"kind":"road","class":"track","name":null,"surface":"grass"}},{"type":"Feature","geometry":{"type":"LineString","coordinates":[[-3.0848877,53.1496562],[-3.0846825,53.1497335],[-3.0845323,53.1498123]]},"properties":{"kind":"road","class":"service","name":null,"surface":null}},{"type":"Feature","geometry":{"type":"LineString","coordinates":[[-3.0851734,53.1493916],[-3.0850044,53.1495179],[-3.0848877,53.1496562]]},"properties":{"kind":"road","class":"service","name":null,"surface":null}},{"type":"Feature","geometry":{"type":"LineString","coordinates":[[-3.0853829,53.1491261],[-3.0851948,53.1492621],[-3.0851734,53.1493916],[-3.0852391,53.149452],[-3.0853826,53.1494214],[-3.0855167,53.1495509],[-3.0848877,53.1496562]]},"properties":{"kind":"road","class":"service","name":null,"surface":null}}]}