{"type":"FeatureCollection","features":[{"type":"Feature","geometry":{"type":"LineString","coordinates":[[107.1578255,43.1933582],[107.1564066,43.193366],[107.1552265,43.1934833],[107.1541965,43.193718],[107.1533811,43.194023],[107.1524619,43.1943892],[107.1513327,43.1948324],[107.1497655,43.195384],[107.1478434,43.1957845],[107.1454613,43.1961679],[107.1438646,43.1964399],[107.1419763,43.196784],[107.1402061,43.1970109],[107.1387065,43.1969922],[107.1369379,43.1969168],[107.1359023,43.1968358],[107.1347988,43.1967371],[107.1323204,43.1965494],[107.130357,43.1964243],[107.1291567,43.1964726],[107.1280852,43.1965546],[107.1264783,43.1967792],[107.1246565,43.1970813],[107.1234215,43.1972899],[107.1220314,43.1975271],[107.1199608,43.1978086],[107.1173,43.1981841],[107.1150899,43.1985517],[107.1120858,43.1993338],[107.109619,43.2001442],[107.1068208,43.2013413],[107.1052519,43.2019853],[107.1044783,43.2023174],[107.1036954,43.2026405],[107.1018834,43.2033907],[107.1000837,43.204161],[107.0995549,43.204394],[107.0987716,43.2047147],[107.0979543,43.2050623],[107.0962516,43.20578],[107.0952351,43.2062158],[107.0943941,43.2065684],[107.0935069,43.2068907],[107.0929151,43.2070779],[107.0923479,43.2072426],[107.0911749,43.2074956],[107.0900643,43.2076963],[107.0889537,43.2078477],[107.0818802,43.208766],[107.0804633,43.2089689],[107.0791697,43.2091247],[107.0772899,43.2092601],[107.0758594,43.2092866],[107.0745891,43.2092753],[107.0739477,43.2092517],[107.0733064,43.2092057],[107.0694913,43.2088959],[107.065072,43.2085717],[107.063011,43.208414],[107.0609439,43.2082788],[107.0594812,43.2081612],[107.0581841,43.2080067],[107.0555986,43.2073985],[107.0537639,43.2067164],[107.0518088,43.2058684],[107.0487901,43.2040446],[107.047357,43.2032107],[107.0465004,43.2027124],[107.0441615,43.2012499],[107.039557,43.1985016],[107.0370794,43.1971648],[107.0358586,43.1966242],[107.0336473,43.195822],[107.0290762,43.1942572],[107.021408,43.1916065],[107.0148022,43.1893526],[107.011415,43.1882222],[107.0105803,43.1878826],[107.0079549,43.1870667],[107.0001078,43.185362],[106.99261,43.1836897],[106.989938,43.1830012],[106.9876249,43.1822403],[106.9858423,43.1815535],[106.9845193,43.1809975],[106.9794912,43.1787372],[106.9735696,43.1761139],[106.972142,43.1754564],[106.9682997,43.1737079],[106.9633268,43.1715233],[106.961074,43.1705798],[106.9587896,43.1697601],[106.9555655,43.1687569],[106.9432542,43.165736],[106.9405343,43.1650617],[106.9389394,43.164674],[106.9375258,43.1642691],[106.9363633,43.1639015],[106.9350117,43.1634049],[106.9335633,43.1628023],[106.9322973,43.162235],[106.9307313,43.1614048],[106.9263802,43.159084],[106.9225584,43.1570078],[106.921826,43.1565766],[106.9211233,43.1560836],[106.9201201,43.1552657],[106.9191483,43.1543406],[106.9181943,43.1533011],[106.9175291,43.1523697],[106.9168177,43.1511247],[106.9162012,43.1496328],[106.9131714,43.1421111],[106.9112938,43.1373568],[106.9109974,43.1365466],[106.9107117,43.1354901],[106.9104904,43.1345354],[106.9094449,43.1279091],[106.9089857,43.1248941],[106.9087919,43.1238157],[106.9086483,43.1230679],[106.9084579,43.122275],[106.9082111,43.1213431],[106.9079214,43.1204856],[106.9073131,43.1188687],[106.9069344,43.1180109],[106.9064945,43.1171338],[106.9056464,43.1154891],[106.9033499,43.1110915],[106.9011273,43.106822],[106.900599,43.1058631],[106.9001538,43.1051777],[106.8995798,43.10441],[106.89884,43.1036055],[106.8980402,43.102859],[106.8970853,43.1021344],[106.894219,43.1000847],[106.8934053,43.0994044],[106.8928367,43.0988717],[106.8923378,43.0983311],[106.891895,43.0977487],[106.8913076,43.0968987],[106.8902779,43.0954364],[106.8894931,43.0943916],[106.8886578,43.0933681],[106.8876976,43.0922712],[106.8858441,43.0902285],[106.8830603,43.0871412],[106.8816626,43.0856035],[106.8810055,43.0848963],[106.8802229,43.0840604],[106.8783448,43.0820801],[106.8761105,43.0796951],[106.8740236,43.0774382],[106.872645,43.0760041],[106.8712556,43.0744328],[106.8698241,43.0726676],[106.8691165,43.0717202],[106.8687049,43.0711646],[106.8683079,43.0705768],[106.8678464,43.0697778],[106.8674201,43.0690485],[106.8669989,43.0682494]]},"properties":{"kind":"road","class":"tertiary","name":"Oyu tolgoi-Khanbogd","surface":null}},{"type":"Feature","geometry":{"type":"LineString","coordinates":[[106.8582646,43.0581261],[106.857462,43.0580191],[106.8562702,43.0578777],[106.8523237,43.0574417],[106.8510586,43.0573397],[106.8498856,43.0572528],[106.8461122,43.0571128],[106.8432638,43.057033],[106.8421433,43.0569831],[106.8414,43.0569379],[106.8406049,43.056861],[106.8395573,43.0566773],[106.8388486,43.0565167],[106.8378916,43.05625],[106.8329143,43.0546457],[106.8297368,43.0536458],[106.8259644,43.0524277],[106.8256564,43.0523282],[106.8242637,43.0518782]]},"properties":{"kind":"road","class":"tertiary","name":null,"surface":"asphalt"}},{"type":"Feature","geometry":{"type":"LineString","coordinates":[[106.7938149,42.9434102],[106.7946356,42.9444625],[106.7963576,42.9463121],[106.796717,42.9467244],[106.7969692,42.9473487],[106.7972374,42.9478906],[106.7977202,42.9483853],[106.7979938,42.9486366],[106.7982191,42.9488644],[106.7985195,42.9493041],[106.7991284,42.9499481],[106.8006438,42.9512477],[106.801942,42.9523903],[106.8028539,42.9535329],[106.8032858,42.9539962],[106.8035594,42.9541905],[106.8040287,42.9543927],[106.8045223,42.9546577],[106.8050024,42.9549699],[106.8053108,42.9553252],[106.8055522,42.955704],[106.8057668,42.9564245],[106.8058285,42.9566306],[106.8061155,42.9568936],[106.806888,42.9575277],[106.8072394,42.9578967],[106.8079716,42.9585661],[106.8082345,42.9589116],[106.8090069,42.9598813],[106.8102944,42.9606331],[106.8119359,42.9616577],[106.814028,42.9628001],[106.8150634,42.9632908],[106.8162033,42.9638404],[106.8166671,42.9642391],[106.8176329,42.9653458],[106.8186272,42.9661956],[106.8190438,42.9674852],[106.8196875,42.9687668],[106.8201649,42.9696873],[106.8205723,42.9701311],[106.8232867,42.9724391],[106.8241721,42.9738596],[106.8248051,42.9745838],[106.8257195,42.9754652],[106.8277743,42.9774509],[106.828858,42.978069],[106.8294902,42.9785262],[106.829727,42.9789579],[106.8299362,42.9791797],[106.8306658,42.9798371],[106.832023,42.9810242],[106.8345869,42.9834529],[106.8347749,42.9835692],[106.835078,42.9836555],[106.8353838,42.9839302],[106.8359578,42.9842246],[106.8361474,42.984452],[106.8362367,42.9849702],[106.8362448,42.9856059],[106.8363199,42.98622],[106.8364124,42.9868898]]},"properties":{"kind":"road","class":"track","name":null,"surface":"ground"}},{"type":"Feature","geometry":{"type":"LineString","coordinates":[[106.8623794,43.1279846],[106.8616928,43.1074346]]},"properties":{"kind":"aeroway-runway","name":null}},{"type":"Feature","geometry":{"type":"LineString","coordinates":[[106.8594612,43.106244],[106.8554776,43.0986082],[106.8572296,43.0949635],[106.85947,43.094179],[106.8602639,43.0938656],[106.8608666,43.0934835],[106.8612027,43.0930821],[106.8614031,43.0927698],[106.8618492,43.09217],[106.861943,43.0918912],[106.8619537,43.0916366],[106.861664,43.0897797],[106.86131,43.0873038],[106.8603129,43.0822487],[106.8614507,43.0814543],[106.8643449,43.0759627],[106.8646567,43.0753259],[106.8647877,43.0746565],[106.8648813,43.072555],[106.8648612,43.0676337],[106.8648733,43.0674897],[106.8649198,43.0673298],[106.8650097,43.0671799],[106.8651392,43.0670465],[106.865303,43.066935],[106.8654562,43.0668343],[106.8660521,43.0664423]]},"properties":{"kind":"road","class":"service","name":"Oyu Tolgoi Airport","surface":"compacted"}},{"type":"Feature","geometry":{"type":"LineString","coordinates":[[106.8460804,43.1349989],[106.8456844,43.1348471],[106.8433954,43.1379636],[106.8461314,43.1390788],[106.8410296,43.1458903],[106.8313161,43.1590216],[106.8347108,43.1603809],[106.857859,43.1294141],[106.8563925,43.1288498],[106.8571848,43.1277858],[106.8566376,43.1275626],[106.8558571,43.1286314],[106.8543713,43.128037],[106.8526046,43.1303917],[106.8468622,43.1333371],[106.8460646,43.134341],[106.8464519,43.1345008]]},"properties":{"kind":"fence","name":null}},{"type":"Feature","geometry":{"type":"LineString","coordinates":[[106.8554776,43.0986082],[106.8524051,43.1025653],[106.8507635,43.1046803],[106.849717,43.1064698],[106.8492481,43.1074429],[106.8476415,43.1104139],[106.8457877,43.1130806],[106.8411934,43.1212609],[106.8358015,43.1299544],[106.8357253,43.1306101],[106.8358005,43.1314523],[106.8361434,43.1318612],[106.8371636,43.1321846],[106.8386668,43.1325875],[106.839847,43.1329711],[106.8427112,43.1343985],[106.8445194,43.1350988],[106.8447526,43.1351745],[106.8449244,43.1350949],[106.8451685,43.1347993],[106.8452594,43.1346777],[106.8455789,43.1342072],[106.8460375,43.1343922],[106.8460844,43.1344186],[106.8460764,43.1344636],[106.845831,43.1347895],[106.8457894,43.1348062],[106.8457317,43.1348013],[106.8453549,43.1346623],[106.8453079,43.1346623],[106.8452594,43.1346777]]},"properties":{"kind":"road","class":"service","name":"Oyu Tolgoi Airport","surface":null}},{"type":"Feature","geometry":{"type":"LineString","coordinates":[[106.8348853,43.1570371],[106.8505469,43.1361209],[106.8540759,43.131407]]},"properties":{"kind":"aeroway-runway","name":null}},{"type":"Feature","geometry":{"type":"LineString","coordinates":[[107.1242729,43.2798351],[107.1239304,43.2794314],[107.1215701,43.276018],[107.121318,43.275811],[107.121098,43.2756743],[107.1207815,43.2755806],[107.1204543,43.2755494],[107.1185178,43.2755962],[107.1182394,43.2755894],[107.1180403,43.2755845],[107.117697,43.2755533],[107.117449,43.2754441],[107.1171766,43.275315],[107.1158674,43.2745034],[107.1133479,43.273175],[107.1125082,43.2727093],[107.1119111,43.2721525],[107.1101496,43.2702547],[107.1071023,43.2675481],[107.1024551,43.2634301],[107.1011444,43.2617348],[107.0957888,43.2548668],[107.0950898,43.2540622],[107.0942597,43.2534076],[107.0818145,43.2462294],[107.0527525,43.2294645],[107.0398454,43.2220289],[107.0300903,43.2163845],[107.0249536,43.2134279],[107.011747,43.205781],[107.002023,43.2001259],[106.9944336,43.1957444],[106.9853962,43.1905344],[106.9697458,43.1814873],[106.963779,43.1780743],[106.963132,43.177689],[106.9625984,43.1772868],[106.9567198,43.1701362],[106.9555655,43.1687569],[106.9415135,43.1507145],[106.9401754,43.1484119],[106.928204,43.1291519],[106.9177459,43.1116879],[106.9081521,43.100928],[106.9075727,43.100458],[106.9063926,43.099941],[106.9055021,43.0997295],[106.891895,43.0977487],[106.8908514,43.0975927],[106.8817699,43.0962355],[106.8618492,43.09217]]},"properties":{"kind":"road","class":"service","name":null,"surface":"compacted"}},{"type":"Feature","geometry":{"type":"LineString","coordinates":[[106.8702698,43.048923],[106.8692064,43.0452759],[106.8684661,43.0426844],[106.8678552,43.0400229],[106.8674933,43.039433],[106.8656428,43.0371544],[106.8655024,43.0369768],[106.8642773,43.0354276],[106.8627221,43.0328868],[106.8618259,43.0314656],[106.861369,43.0308863],[106.8612444,43.0307456]]},"properties":{"kind":"road","class":"unclassified","name":null,"surface":"compacted"}},{"type":"Feature","geometry":{"type":"LineString","coordinates":[[106.8209534,43.0428005],[106.8214817,43.0420096],[106.8216936,43.0416644],[106.821775,43.0415318],[106.8221758,43.0408789],[106.8233244,43.0392249],[106.825508,43.0361492],[106.8262835,43.0348382],[106.8265487,43.0342293],[106.8271961,43.0328307],[106.8278096,43.0312979],[106.8280998,43.0306706],[106.8288008,43.0296257],[106.8292507,43.0289786],[106.8304005,43.0272656],[106.8314957,43.0256508],[106.8327491,43.0238526]]},"properties":{"kind":"road","class":"unclassified","name":null,"surface":"compacted"}},{"type":"Feature","geometry":{"type":"LineString","coordinates":[[106.8553253,43.0328979],[106.8555137,43.0328705],[106.8557849,43.0328737],[106.8559269,43.032878],[106.8569892,43.0329096],[106.8574684,43.0329089],[106.8576595,43.0328901],[106.8578279,43.0328308],[106.8586205,43.0322553],[106.8597151,43.0314635],[106.8604587,43.0309732],[106.8607781,43.0308116],[106.8610471,43.0307393],[106.8612444,43.0307456]]},"properties":{"kind":"road","class":"unclassified","name":null,"surface":"compacted"}},{"type":"Feature","geometry":{"type":"LineString","coordinates":[[106.8353972,43.0412965],[106.834608,43.0396199],[106.8337503,43.0378169],[106.8313135,43.0378453],[106.8288607,43.0378904],[106.8263823,43.0379172],[106.82391,43.0379439],[106.821464,43.0379842],[106.8187489,43.0380299],[106.8160534,43.0380794],[106.8132315,43.0381189],[106.8104557,43.0381548],[106.807505,43.0381929],[106.804796,43.0382279],[106.8024236,43.0382585],[106.8008869,43.0375429],[106.7976326,43.0360273],[106.7941249,43.0343938],[106.7925854,43.0336768],[106.7925778,43.0323745],[106.7925749,43.0296155],[106.7925736,43.0267061],[106.7925722,43.0237099],[106.7925708,43.0206979],[106.7925696,43.01818],[106.7925682,43.0151049],[106.7925669,43.0122573],[106.7925655,43.0092055],[106.7925641,43.0061378],[106.7925628,43.0032035],[106.7925614,43.0002768],[106.7925601,42.9973342],[106.7925588,42.9946061],[106.7925572,42.9922963],[106.7925557,42.9902638],[106.7925544,42.9883567],[106.7925525,42.9856726],[106.7925507,42.9830276],[106.7925488,42.9804061],[106.792547,42.9778002],[106.7925458,42.976132],[106.7958265,42.9742831],[106.7981741,42.97296],[106.801432,42.9711239],[106.80468,42.9692933],[106.8079868,42.9674294],[106.8112325,42.9656],[106.8141341,42.9639645],[106.8173254,42.9621656],[106.8197481,42.9607999],[106.8221794,42.9594294],[106.825376,42.957629],[106.8287929,42.9556997],[106.8316679,42.9540763],[106.8349349,42.9522314],[106.837596,42.9507287],[106.8403892,42.9491514],[106.8433232,42.9474945],[106.846482,42.9457106],[106.8488847,42.9443537],[106.8513821,42.9429432],[106.8536304,42.9416734],[106.8561703,42.9402389],[106.8585708,42.9388831],[106.861942,42.936979],[106.8653288,42.935066],[106.8685289,42.9332584],[106.8718314,42.9313929],[106.8750934,42.929494],[106.8782949,42.9276852],[106.8807339,42.9263353],[106.8829669,42.9250542],[106.8852003,42.9238092],[106.888493,42.921928],[106.8912485,42.9203708],[106.894492,42.9185379],[106.897792,42.9166729],[106.9009567,42.9148844],[106.9042556,42.91302],[106.9069211,42.9115135],[106.9089108,42.9103889],[106.9122227,42.908517],[106.915535,42.9066448],[106.9177468,42.9053946],[106.9198297,42.9042172],[106.9217117,42.9031534],[106.924979,42.9013065],[106.9281852,42.899494],[106.9306415,42.8981055],[106.9334759,42.8965031],[106.9352786,42.895484],[106.9385992,42.8936067],[106.9415662,42.8919293],[106.9449059,42.8900411],[106.9480951,42.8882379],[106.9514288,42.886353],[106.9545546,42.8845731],[106.957783,42.8827346],[106.9605358,42.881167],[106.9631267,42.8796829],[106.9659161,42.8780712],[106.9690812,42.8762943],[106.9713986,42.8749656],[106.9730616,42.8740142],[106.9777501,42.8713487],[106.9803303,42.8698901],[106.9833451,42.8681798],[106.9865155,42.866387],[106.9892889,42.864826],[106.9925612,42.8629623],[106.9957799,42.8611417],[106.9986284,42.8595059],[107.001434,42.8579055],[107.0033008,42.8568437],[107.0058864,42.8553887],[107.0092016,42.853505],[107.01249,42.8516409],[107.0152312,42.8500953],[107.0180851,42.848475],[107.0214647,42.8465675],[107.0247316,42.8447543],[107.0280039,42.8428939],[107.0311046,42.8411514],[107.0343339,42.8393145],[107.0376491,42.837446],[107.0404172,42.8358647],[107.0435715,42.8340354],[107.0466024,42.8323006],[107.0496309,42.8306418],[107.0524603,42.8290235],[107.0556414,42.8272019],[107.0585597,42.8255377],[107.0614672,42.8239049],[107.0647502,42.8220202],[107.0678508,42.8202654],[107.0710587,42.8184357],[107.0743632,42.8165509],[107.0775604,42.8147289],[107.0807387,42.8129007],[107.0840514,42.811018],[107.0872593,42.8091684],[107.0904672,42.8073974],[107.0936215,42.8055634],[107.0968616,42.8037058],[107.1000695,42.8019031],[107.1032345,42.8001241],[107.1064532,42.7983135],[107.1095967,42.7965107],[107.1128046,42.7947079],[107.1146715,42.7936214],[107.1164954,42.7925271],[107.1197784,42.790669],[107.1229722,42.7888696],[107.1262371,42.787063],[107.129488,42.785189],[107.1327388,42.7833622],[107.1360755,42.7814409],[107.1390474,42.77974],[107.1423197,42.7778343],[107.1454847,42.7760388],[107.1485853,42.7742747],[107.1518469,42.772424],[107.1551406,42.770526],[107.1582305,42.7687696],[107.1614063,42.7669581],[107.1646893,42.7650993],[107.1679509,42.7632561],[107.1712124,42.7613893],[107.1744954,42.7595146],[107.1777248,42.7576634],[107.1821022,42.7551583],[107.1843123,42.7539373],[107.1874881,42.752078],[107.1906423,42.7502739],[107.1939254,42.7483988],[107.197262,42.7465237],[107.20047,42.7446327],[107.2037852,42.7427654],[107.2071004,42.7408743],[107.210241,42.7390622],[107.2133982,42.7372575],[107.2166061,42.7354293],[107.2199428,42.733538],[107.2232044,42.7316545],[107.2264981,42.7297788],[107.2296417,42.7279977],[107.232871,42.7261771],[107.2361433,42.724254],[107.2393513,42.7224412],[107.2425933,42.7205595],[107.2457242,42.7187524],[107.2490165,42.716885],[107.252248,42.7150363],[107.2553789,42.7132451],[107.2586543,42.7113712],[107.2619397,42.7094915],[107.2651289,42.7076667],[107.2682498,42.7058811],[107.2715217,42.7040009],[107.2747028,42.7021971],[107.2769558,42.7009671],[107.2791016,42.6997056],[107.2812259,42.6984755],[107.2844338,42.6966225],[107.2876954,42.6947458],[107.2908282,42.6929164],[107.2940469,42.6911105],[107.2972548,42.6892967],[107.3006331,42.6873605],[107.3038423,42.685527],[107.3070931,42.6836263],[107.3103654,42.6817177],[107.3135948,42.6798879],[107.3164809,42.6782552],[107.3196104,42.6764863],[107.3227894,42.6746347],[107.3260081,42.6727967],[107.3288941,42.6710929],[107.331984,42.6693416],[107.3352671,42.667472],[107.3384857,42.6656101],[107.3416078,42.6637877],[107.3448801,42.6619337],[107.3481202,42.6600638],[107.351414,42.6581702],[107.3545897,42.6563318],[107.3578513,42.6544539],[107.3610914,42.6526075],[107.3643744,42.6507689],[107.367562,42.6489623],[107.3696582,42.6477528],[107.3717129,42.6465076],[107.3742181,42.6450634],[107.3769808,42.6434811],[107.3802853,42.6416028],[107.3835897,42.6396928],[107.3868722,42.6378396],[107.3899564,42.6361175],[107.3932724,42.6342659],[107.3963771,42.6323629],[107.3995962,42.6305687],[107.4023652,42.6289306],[107.40561,42.6270669],[107.4089091,42.6251563],[107.4121705,42.6232959],[107.4154612,42.6214245],[107.418669,42.6195584],[107.42191,42.6176542],[107.4250011,42.615942],[107.4282743,42.6140322],[107.431318,42.6122419],[107.4341755,42.6106636],[107.4374676,42.6087248],[107.4401411,42.6072054],[107.4432296,42.6054089],[107.4462675,42.6036547],[107.4481757,42.6025608],[107.4487889,42.6003485],[107.4496901,42.5973632],[107.4505806,42.5944646],[107.4513531,42.5916212],[107.4522114,42.5886197],[107.4529838,42.5856813],[107.4538636,42.58279],[107.4548292,42.5799619],[107.4557304,42.5768966],[107.4565244,42.5738944],[107.4573827,42.5713187],[107.4581551,42.5683478],[107.4590778,42.5653136],[107.4598717,42.5623424],[107.4607944,42.5594659],[107.4616527,42.5564629],[107.4624896,42.5535545],[107.4633908,42.5506618],[107.4642706,42.5477216],[107.4650216,42.5448918],[107.4659657,42.5419355],[107.4668884,42.5389474],[107.4675965,42.5360699],[107.4665022,42.5334768],[107.4652576,42.5307729],[107.4640775,42.5280215],[107.4628973,42.5252541],[107.4616527,42.5225341],[107.4606013,42.5200037],[107.4594426,42.5173783],[107.4583053,42.5148003],[107.4573183,42.5125385],[107.458477,42.5102924],[107.4592709,42.5088846],[107.4601078,42.5076033],[107.4612021,42.5058475],[107.4621677,42.5042498],[107.4632406,42.5026045],[107.4641418,42.5011966],[107.4651289,42.4998519],[107.4669742,42.497194],[107.467854,42.49596],[107.4698496,42.4950581],[107.4724674,42.4940614],[107.4753642,42.4928747],[107.4780464,42.491783],[107.4809432,42.4905014],[107.4817371,42.4878273],[107.482531,42.4850423],[107.4833464,42.4822889],[107.4842477,42.4795353],[107.4850631,42.4767342],[107.4858355,42.4738063],[107.4866295,42.4709257],[107.4874878,42.4680292],[107.488389,42.4651483],[107.4892258,42.4622199],[107.4900841,42.4593705],[107.4906635,42.4576291],[107.4913716,42.4549061],[107.4925518,42.4507106],[107.4937105,42.4472431],[107.4947405,42.4433954],[107.495749,42.4402918],[107.4965,42.4375839],[107.4973583,42.4344641],[107.4982595,42.4313125],[107.4992251,42.4280023],[107.5002336,42.4247237],[107.5012636,42.4213023],[107.502079,42.4183718],[107.5030661,42.4151006],[107.5039887,42.412051],[107.5047827,42.4091676],[107.5057751,42.4058008],[107.5065207,42.4051116],[107.5098467,42.402418],[107.5127005,42.3999937],[107.5155329,42.3976168],[107.5181293,42.3954459],[107.5216484,42.3924825],[107.5240087,42.3904856],[107.5270557,42.3879182],[107.5299096,42.3855884],[107.5333643,42.3826404],[107.5361967,42.3801361],[107.5384712,42.378345],[107.5419259,42.3753649],[107.5443935,42.3733041],[107.5469684,42.3711482],[107.550509,42.3681836],[107.5528908,42.3661861],[107.5557554,42.3637524],[107.5581479,42.3616992],[107.5607335,42.3595666],[107.5631797,42.3575053],[107.5657868,42.3553171],[107.5684154,42.3530734],[107.571162,42.350774],[107.5742304,42.3481812],[107.5768912,42.3459213],[107.579273,42.3438992],[107.5815153,42.3420674],[107.5844657,42.3395376],[107.5879204,42.336635],[107.5908172,42.3341685],[107.5940144,42.3314957],[107.5970292,42.3289417],[107.5998938,42.3265146],[107.6027691,42.3240953],[107.6044106,42.3213427],[107.6059878,42.3186931],[107.60764,42.3158372],[107.6094746,42.312751],[107.6109445,42.3103153],[107.6126289,42.3074589],[107.6144421,42.3043962],[107.6161265,42.3015396],[107.6179075,42.2984765],[107.6194712,42.2959515],[107.6211423,42.2930047]]},"properties":{"kind":"power","name":null}},{"type":"Feature","geometry":{"type":"LineString","coordinates":[[106.8333626,43.0352391],[106.8359744,43.0351631],[106.8370972,43.0351319],[106.8389188,43.0351256],[106.8395546,43.035084],[106.8401942,43.0350175],[106.8420069,43.0346607],[106.8424768,43.0345804],[106.8428431,43.034539],[106.8429772,43.034539],[106.8447822,43.0344919],[106.8463106,43.0344905],[106.8467897,43.0344764],[106.8472448,43.0344322],[106.8495828,43.0341087],[106.8515068,43.0339114],[106.8522352,43.0338542],[106.8525959,43.0338253],[106.8529821,43.0337944],[106.8533224,43.0337096],[106.8539017,43.0334901],[106.8543025,43.0333562],[106.8544311,43.0333132],[106.8548166,43.0331465],[106.8551731,43.0329528],[106.8553253,43.0328979]]},"properties":{"kind":"road","class":"unclassified","name":null,"surface":null}},{"type":"Feature","geometry":{"type":"LineString","coordinates":[[106.8237638,43.0437659],[106.8234368,43.0437677],[106.823228,43.0437462],[106.8227779,43.0436346],[106.8221268,43.0433526],[106.8217387,43.04317],[106.8209534,43.0428005]]},"properties":{"kind":"road","class":"unclassified","name":null,"surface":"ground"}},{"type":"Feature","geometry":{"type":"LineString","coordinates":[[106.837936,43.0149387],[106.8368637,43.0148025],[106.8351102,43.0146088]]},"properties":{"kind":"road","class":"service","name":null,"surface":"compacted"}},{"type":"Feature","geometry":{"type":"LineString","coordinates":[[106.8322958,43.0376565],[106.8323289,43.0393634],[106.8323452,43.0402066],[106.8323544,43.0406791],[106.8323556,43.0407427],[106.8323881,43.0417534],[106.8324365,43.0432566],[106.8324467,43.0435737]]},"properties":{"kind":"road","class":"unclassified","name":null,"surface":null}},{"type":"Feature","geometry":{"type":"LineString","coordinates":[[106.8359229,43.025394],[106.8360462,43.0254511],[106.8372465,43.0260005],[106.8374866,43.0260923],[106.8376368,43.026108],[106.8378541,43.0260629],[106.8380579,43.0259472],[106.8383181,43.0257198],[106.8384147,43.0254943],[106.8384656,43.0253198],[106.8384656,43.0246531],[106.8384147,43.0238981],[106.8383852,43.0237923],[106.8382725,43.0237334],[106.8381491,43.023704],[106.8379721,43.0237001]]},"properties":{"kind":"road","class":"service","name":null,"surface":"compacted"}},{"type":"Feature","geometry":{"type":"LineString","coordinates":[[106.838015,43.0235589],[106.838007,43.0233569],[106.8378648,43.023208],[106.8377025,43.0230494],[106.8372935,43.0228961],[106.8370977,43.0228471],[106.8366819,43.0228275],[106.8364513,43.0227725],[106.8363074,43.0226894]]},"properties":{"kind":"road","class":"service","name":null,"surface":"compacted"}},{"type":"Feature","geometry":{"type":"LineString","coordinates":[[106.8313853,43.031826],[106.8325742,43.0302546],[106.8352533,43.026373],[106.8358478,43.0255668],[106.8358961,43.0254806],[106.8359229,43.025394],[106.83588,43.0253237],[106.8357781,43.0252551],[106.8344277,43.024664],[106.8343881,43.0246448],[106.8327491,43.0238526]]},"properties":{"kind":"road","class":"unclassified","name":null,"surface":"compacted"}},{"type":"Feature","geometry":{"type":"LineString","coordinates":[[106.8301078,43.0206018],[106.8310118,43.0195095],[106.83177,43.0186306],[106.8324226,43.017874],[106.8327391,43.0174073],[106.8330905,43.0159384],[106.8334955,43.0146479],[106.8336511,43.0143989],[106.8337717,43.0143204],[106.8340922,43.0142835],[106.8350244,43.0143833]]},"properties":{"kind":"road","class":"service","name":null,"surface":"compacted"}},{"type":"Feature","geometry":{"type":"LineString","coordinates":[[106.825508,43.0361492],[106.8322958,43.0376565]]},"properties":{"kind":"road","class":"unclassified","name":null,"surface":null}},{"type":"Feature","geometry":{"type":"LineString","coordinates":[[106.8304005,43.0272656],[106.8286151,43.0266357],[106.8284261,43.0265472],[106.8283752,43.0264531],[106.8283254,43.0263279],[106.8283269,43.0261825],[106.8284542,43.0257867],[106.828591,43.0255122]]},"properties":{"kind":"road","class":"service","name":null,"surface":"compacted"}},{"type":"Feature","geometry":{"type":"LineString","coordinates":[[106.8322958,43.0376565],[106.8322938,43.0366585],[106.8323649,43.0363801],[106.8327632,43.0361021],[106.8331266,43.0357723],[106.8333626,43.0352391]]},"properties":{"kind":"road","class":"unclassified","name":null,"surface":null}},{"type":"Feature","geometry":{"type":"LineString","coordinates":[[106.8333626,43.0352391],[106.8333936,43.0341939],[106.833348,43.0335979],[106.8332902,43.0332609],[106.8331763,43.0330058],[106.8329576,43.0327413],[106.8326184,43.0324333],[106.8323568,43.0322825],[106.8313853,43.031826],[106.8310574,43.0317784],[106.8307971,43.031702],[106.8280998,43.0306706]]},"properties":{"kind":"road","class":"unclassified","name":null,"surface":null}},{"type":"Feature","geometry":{"type":"LineString","coordinates":[[106.8303452,43.0205812],[106.8300649,43.0208567],[106.8299228,43.0210921],[106.8298933,43.0212116],[106.829908,43.0213044],[106.8299455,43.0215414],[106.8296358,43.0221608],[106.8295324,43.0226414],[106.8294534,43.0228314],[106.829436,43.0228706],[106.8293031,43.0229696]]},"properties":{"kind":"road","class":"service","name":null,"surface":"compacted"}},{"type":"Feature","geometry":{"type":"LineString","coordinates":[[106.8351102,43.0146088],[106.8350244,43.0143833],[106.8350672,43.0134928],[106.83507,43.0132713],[106.8351396,43.0130888],[106.8352497,43.0128535],[106.8355715,43.0124416],[106.8356869,43.0122357],[106.8357619,43.0120494],[106.8357995,43.0118435],[106.8357754,43.0115061],[106.8357003,43.0110158],[106.8354857,43.0105804],[106.8354293,43.0103705]]},"properties":{"kind":"road","class":"service","name":null,"surface":"compacted"}},{"type":"Feature","geometry":{"type":"LineString","coordinates":[[106.83588,43.0102489],[106.8357258,43.0103195],[106.8356734,43.0104117],[106.835719,43.010612],[106.835837,43.0110081],[106.8359309,43.0115258],[106.8359363,43.0118552],[106.8358773,43.0120925],[106.8358129,43.0122475],[106.8356735,43.012477],[106.8353569,43.0128986],[106.8352523,43.0131143],[106.835204,43.0132791],[106.8351744,43.0135218],[106.8352241,43.0144073],[106.8351102,43.0146088]]},"properties":{"kind":"road","class":"service","name":null,"surface":"compacted"}},{"type":"Feature","geometry":{"type":"LineString","coordinates":[[106.8307931,43.0200687],[106.8309808,43.0202001],[106.8314999,43.0204312],[106.8316595,43.0204335],[106.8318593,43.0203881],[106.832102,43.0200863],[106.8324185,43.0196471],[106.8323246,43.0190234],[106.8323475,43.0187879],[106.8321522,43.0184493]]},"properties":{"kind":"road","class":"service","name":null,"surface":"compacted"}},{"type":"Feature","geometry":{"type":"LineString","coordinates":[[106.829436,43.0228706],[106.8301883,43.0232746],[106.8305343,43.0234863],[106.8305987,43.0235668],[106.8305773,43.0236668],[106.8304485,43.0239236],[106.8301722,43.0242923],[106.8296707,43.0247903]]},"properties":{"kind":"road","class":"service","name":null,"surface":null}},{"type":"Feature","geometry":{"type":"LineString","coordinates":[[106.9261349,43.0262782],[106.9288534,43.02651],[106.9293145,43.0265183],[106.9312191,43.0264512],[106.931829,43.0264794],[106.9331465,43.0266107],[106.9337082,43.0266433],[106.9341558,43.0266852],[106.9351619,43.0269767],[106.9357896,43.0271472],[106.936276,43.0273109],[106.9371092,43.027661],[106.9374916,43.0279152],[106.9377288,43.0280178],[106.9380004,43.0280465],[106.9388806,43.0279058],[106.9392846,43.0278917],[106.9397297,43.0279355],[106.9401643,43.0280355],[106.9403252,43.0280845],[106.9404191,43.0280962],[106.9405693,43.0280766],[106.9409076,43.0279146],[106.9410548,43.0278923],[106.9413324,43.0279068],[106.9419801,43.0279374],[106.9422057,43.0279827],[106.9429269,43.0281943],[106.9435412,43.0283472],[106.9447268,43.0287122],[106.9450352,43.0288492],[106.9453301,43.0290527],[106.945775,43.0295695],[106.9459364,43.0296942],[106.9461563,43.0298138],[106.9464553,43.0299056],[106.9470575,43.0301099],[106.9472877,43.0302319],[106.9480543,43.0307996],[106.9483759,43.0309612],[106.9486883,43.0310785],[106.9491111,43.0311626],[106.9494367,43.0312079],[106.9496165,43.0312425],[106.9498765,43.0313412],[106.9500521,43.0313591],[106.9505176,43.0313588],[106.9507471,43.0313968],[106.9508891,43.0314703],[106.9510372,43.0316584],[106.9511645,43.0319949],[106.9512552,43.0321509],[106.9514474,43.0322641],[106.952548,43.0327314],[106.9527894,43.0327999],[106.9531175,43.0328111],[106.9536016,43.0327408],[106.9537497,43.0327509],[106.9538976,43.032815],[106.954189,43.0330014],[106.9543558,43.0330489],[106.9545593,43.0330421],[106.9548708,43.0329979],[106.9550315,43.0329894],[106.9552314,43.0330327],[106.9565671,43.0334182],[106.9567564,43.0334841],[106.9568959,43.0335645],[106.9572139,43.0337438],[106.9575798,43.0338665],[106.9580877,43.0339813],[106.9587412,43.0340547],[106.9603989,43.0341409],[106.9610319,43.0341958],[106.9616005,43.034288],[106.9619036,43.0343586],[106.9631106,43.034484],[106.9634271,43.0345115],[106.9644195,43.034535],[106.964736,43.034533],[106.9653127,43.0346134],[106.96601,43.0346448],[106.9665679,43.0346899],[106.9675174,43.0347016],[106.9680378,43.034782],[106.9692528,43.0350193],[106.9703445,43.0352584],[106.9713932,43.0354427],[106.9721603,43.0356623],[106.9724527,43.0357564]]},"properties":{"kind":"road","class":"service","name":null,"surface":"ground"}},{"type":"Feature","geometry":{"type":"LineString","coordinates":[[106.828591,43.0255122],[106.8287822,43.0255643],[106.8299657,43.0260178],[106.8301213,43.0260512],[106.8302259,43.0260394],[106.8302942,43.0259936]]},"properties":{"kind":"road","class":"service","name":null,"surface":null}},{"type":"Feature","geometry":{"type":"LineString","coordinates":[[106.8302942,43.0259936],[106.8304297,43.0258068],[106.8313128,43.0245921],[106.8315897,43.0242112]]},"properties":{"kind":"road","class":"service","name":null,"surface":null}},{"type":"Feature","geometry":{"type":"LineString","coordinates":[[106.8434358,43.0123671],[106.8433338,43.0122337],[106.8436074,43.012167],[106.8439776,43.0122416],[106.8444228,43.0125122],[106.8452944,43.0135274],[106.8458407,43.0139592],[106.8460296,43.0140986],[106.8467938,43.0147012],[106.8471399,43.014962],[106.8482235,43.0157482],[106.8488046,43.016353]]},"properties":{"kind":"road","class":"service","name":null,"surface":"compacted"}},{"type":"Feature","geometry":{"type":"LineString","coordinates":[[106.8488046,43.016353],[106.8480384,43.0158404],[106.846928,43.0150363],[106.8465713,43.0147892],[106.845825,43.0142072],[106.845662,43.0140576],[106.8451308,43.0135823],[106.844337,43.0127319],[106.8437952,43.0124455],[106.8434358,43.0123671]]},"properties":{"kind":"road","class":"service","name":null,"surface":"compacted"}},{"type":"Feature","geometry":{"type":"LineString","coordinates":[[106.82337,43.0297651],[106.823566,43.029906],[106.823759,43.0301199],[106.8239736,43.0304807],[106.8240648,43.0307648],[106.824113,43.0311042],[106.8241452,43.0320257],[106.8241345,43.0332178],[106.8241076,43.0337511],[106.8241775,43.0339449],[106.8243276,43.0340412],[106.8262835,43.0348382]]},"properties":{"kind":"road","class":"unclassified","name":null,"surface":null}},{"type":"Feature","geometry":{"type":"LineString","coordinates":[[106.8482209,42.9940904],[106.847561,42.9940895],[106.8468046,42.9940306],[106.8461502,42.9938383],[106.8453133,42.9935205],[106.8444121,42.992826],[106.8430332,42.9917267],[106.8402901,42.9895509],[106.8387419,42.9882194],[106.837964,42.9875248],[106.8371594,42.987101],[106.8364124,42.9868898],[106.8356573,42.9870696],[106.835078,42.9873836],[106.834209,42.988082],[106.8321168,42.9899695],[106.8314484,42.9906956],[106.8309354,42.9913642],[106.8300162,42.9923919],[106.8289213,42.9937329],[106.8278092,42.9954667],[106.8272523,42.9961739],[106.8258136,42.9971773],[106.8253692,42.9975842],[106.8249983,42.9980287],[106.8247529,42.9983688],[106.8246008,42.9987369],[106.8245476,42.9991194],[106.8244994,43.0003356],[106.8244672,43.0012968],[106.8243717,43.0019734],[106.8242365,43.0026464],[106.8239951,43.0035448],[106.8238395,43.0040195],[106.8235445,43.0046726],[106.8234088,43.0051013],[106.823362,43.0053319],[106.8230804,43.0064597],[106.8229812,43.0070578],[106.8229811,43.0075287],[106.8231448,43.0083506],[106.8235605,43.0105512],[106.8237912,43.0116161],[106.8237832,43.0118532],[106.8236893,43.0121572],[106.8236115,43.0123144],[106.8233889,43.0127498],[106.8229249,43.013432],[106.8224688,43.0139481],[106.821868,43.0146149],[106.8216938,43.0148519],[106.8216053,43.0151187],[106.8215811,43.0152404],[106.8216025,43.0162328],[106.8216481,43.0184332],[106.8216669,43.0187626],[106.8217394,43.0192056],[106.8218332,43.0194764],[106.8220156,43.0197939],[106.8224152,43.0203236],[106.8227827,43.0209041],[106.8229142,43.0211862],[106.8229651,43.0213825],[106.8229625,43.0217627],[106.822898,43.022965],[106.8227478,43.0247219],[106.8226754,43.0268965],[106.8228256,43.0275161],[106.8233085,43.029008],[106.8233889,43.0294455],[106.82337,43.0297651]]},"properties":{"kind":"road","class":"unclassified","name":null,"surface":"compacted"}},{"type":"Feature","geometry":{"type":"LineString","coordinates":[[106.8631325,43.0579537],[106.8640292,43.0574015],[106.8648665,43.056884],[106.8665939,43.0558377],[106.8669873,43.0556205],[106.8674214,43.05542],[106.8678061,43.0552847]]},"properties":{"kind":"road","class":"tertiary","name":"Оюутолгой - Цагаанхад","surface":"asphalt"}},{"type":"Feature","geometry":{"type":"LineString","coordinates":[[106.8702698,43.048923],[106.8699735,43.0488766],[106.8696597,43.048859],[106.8690387,43.0488778],[106.8683762,43.0489504],[106.8679512,43.0489707],[106.8676776,43.0489688],[106.8673369,43.0489315],[106.8669078,43.048859],[106.8664598,43.0487747],[106.8661661,43.0486838],[106.8646762,43.048073],[106.8642349,43.0479155],[106.8610498,43.0469224],[106.8605978,43.0468413],[106.8570587,43.0463442],[106.8561548,43.0462423],[106.8542263,43.0460443]]},"properties":{"kind":"road","class":"unclassified","name":null,"surface":null}},{"type":"Feature","geometry":{"type":"LineString","coordinates":[[106.8214817,43.0420096],[106.8207052,43.0417689],[106.8194634,43.041384],[106.8192381,43.041384],[106.8190867,43.0414318],[106.8189055,43.0415663],[106.8188716,43.0415996],[106.8182996,43.0421614],[106.8181363,43.0423218],[106.8180905,43.0423667],[106.8165493,43.0438802],[106.8163428,43.0441233],[106.8162221,43.044286],[106.8158581,43.0447211],[106.8158171,43.0447701],[106.8149856,43.0455856],[106.8148005,43.045911],[106.814217,43.0465316],[106.8137503,43.0469119],[106.8135116,43.0470765],[106.8132622,43.0473274],[106.8128585,43.04784],[106.8124977,43.0483369],[106.8123946,43.0485885],[106.8122899,43.0491805],[106.8122665,43.0493719],[106.8122095,43.0498371],[106.8122242,43.0498802],[106.8122631,43.0498998],[106.8123946,43.0499155],[106.8126145,43.049937],[106.8126306,43.0502193],[106.8127057,43.0503094],[106.8128693,43.050329],[106.8174931,43.0503247]]},"properties":{"kind":"road","class":"service","name":null,"surface":"ground"}},{"type":"Feature","geometry":{"type":"LineString","coordinates":[[106.8262857,43.0495705],[106.8261221,43.0495558],[106.8258928,43.0495499],[106.8254127,43.0495421],[106.825017,43.0495489],[106.824836,43.0495636],[106.8247703,43.0495754],[106.8247502,43.049594],[106.8247488,43.0496146],[106.8248038,43.0496665],[106.8249124,43.0497352],[106.8249567,43.0497538],[106.8251565,43.0497822],[106.825819,43.0498136],[106.8261543,43.0498194],[106.8262884,43.0498645],[106.826334,43.0498959],[106.8263581,43.0499253],[106.8263662,43.0499606],[106.8263501,43.0500252],[106.8263501,43.0500782],[106.8263233,43.0501115],[106.8262616,43.0501546],[106.8262133,43.0501703],[106.8260899,43.0501801],[106.825473,43.0501605],[106.8249285,43.0501644],[106.8247649,43.0501644],[106.8246911,43.0501624],[106.8246321,43.0501458],[106.8245906,43.0500997],[106.8245785,43.0500007],[106.8245825,43.0498371],[106.8245825,43.0497744],[106.824553,43.0497322],[106.8245074,43.0497106],[106.8243847,43.0497004],[106.8242063,43.0496837],[106.8239931,43.0496582],[106.8239355,43.0496396],[106.8239039,43.0495921],[106.8239004,43.0495191],[106.8239112,43.0493498],[106.8239031,43.0486508],[106.823879,43.0478579]]},"properties":{"kind":"road","class":"service","name":null,"surface":null}},{"type":"Feature","geometry":{"type":"LineString","coordinates":[[106.8719449,43.0552227],[106.8719396,43.0550545],[106.8718994,43.0547488],[106.8718109,43.054296],[106.8716338,43.053761],[106.8714085,43.0535356],[106.871033,43.0531318],[106.8708324,43.052807],[106.8707031,43.0522577],[106.8706785,43.0519776],[106.8707111,43.0517991],[106.8708265,43.0515339],[106.8711725,43.0509739],[106.8713334,43.0506956],[106.8714547,43.0504098],[106.8714558,43.0501385],[106.8714366,43.0500088],[106.871376,43.0497999],[106.8712932,43.0495509],[106.8711364,43.0493645],[106.8709043,43.0491824],[106.8706051,43.0490347],[106.8702698,43.048923]]},"properties":{"kind":"road","class":"unclassified","name":null,"surface":null}},{"type":"Feature","geometry":{"type":"LineString","coordinates":[[106.8237638,43.0437659],[106.8259693,43.0436509],[106.8262213,43.0436531],[106.8264064,43.0436547],[106.8273854,43.0436565],[106.8286085,43.0436586],[106.8287587,43.0436589],[106.8298356,43.043644],[106.830297,43.043592],[106.8324467,43.0435737],[106.833365,43.043546],[106.8359241,43.0434835],[106.8361777,43.0435136],[106.8363747,43.0435736],[106.8365183,43.0436881],[106.8365867,43.0438559],[106.8366537,43.0444244],[106.8367154,43.0445538],[106.8368563,43.0446702],[106.8372143,43.0448067],[106.8381158,43.0451856],[106.8388383,43.0454937],[106.8389658,43.0455976],[106.8390449,43.0457318],[106.8390866,43.0459727],[106.8390825,43.0463069],[106.8390502,43.0464767],[106.8387996,43.0472948]]},"properties":{"kind":"road","class":"unclassified","name":null,"surface":null}},{"type":"Feature","geometry":{"type":"LineString","coordinates":[[106.8173915,43.0477966],[106.8174478,43.0478554],[106.8174586,43.048075],[106.8174169,43.0483552],[106.8174176,43.0483807],[106.8174356,43.0490424],[106.8174433,43.0493532],[106.8174384,43.0496866],[106.8174427,43.0498302],[106.8174731,43.0502347],[106.8174931,43.0503247],[106.8177168,43.0503345],[106.8181211,43.0503334],[106.8204879,43.0503268],[106.8208517,43.0503228],[106.8209748,43.0502916],[106.8210819,43.0501878],[106.8212776,43.0496491],[106.8211837,43.0491833],[106.8211945,43.0483983],[106.8211614,43.0480122],[106.8211775,43.0479721],[106.8212186,43.0479107]]},"properties":{"kind":"road","class":"service","name":null,"surface":"ground"}},{"type":"Feature","geometry":{"type":"LineString","coordinates":[[106.823879,43.0478579],[106.8244052,43.0478629],[106.8264976,43.0478207],[106.8270058,43.0478135],[106.8282383,43.0476818],[106.8299375,43.0475401],[106.8304565,43.0475136],[106.8306872,43.0475232],[106.8308467,43.0475636],[106.8312934,43.0477045],[106.8314661,43.0477382],[106.8317117,43.047739],[106.8330275,43.047706],[106.8350887,43.047705],[106.8353247,43.0477043],[106.8355031,43.0477037],[106.8355443,43.0477019],[106.8360001,43.0476815],[106.8362433,43.0476489],[106.8368731,43.0474894],[106.8371289,43.0474568],[106.8377055,43.0473834],[106.8381599,43.047336],[106.8387996,43.0472948],[106.8397316,43.0472694],[106.8407601,43.0471765],[106.8416131,43.0470216],[106.8421027,43.0468753],[106.8424338,43.0467041],[106.8426418,43.0464598],[106.8428189,43.046056],[106.8429381,43.045971],[106.8430737,43.0459502],[106.8432493,43.0459788],[106.8450195,43.0463787],[106.8454272,43.0464571],[106.8458349,43.0464728],[106.8464035,43.0464728],[106.8466323,43.0464644],[106.8469277,43.0464529],[106.8470402,43.0464461],[106.8481523,43.0463787],[106.848667,43.046351],[106.8510706,43.0462219],[106.8521964,43.0461139],[106.8529973,43.0460372],[106.8533117,43.046007],[106.8534645,43.0460129],[106.8536711,43.0460247],[106.8539983,43.0460286],[106.8542263,43.0460443]]},"properties":{"kind":"road","class":"unclassified","name":null,"surface":null}},{"type":"Feature","geometry":{"type":"LineString","coordinates":[[106.823879,43.0478579],[106.8220947,43.0478931]]},"properties":{"kind":"road","class":"service","name":null,"surface":null}},{"type":"Feature","geometry":{"type":"LineString","coordinates":[[106.8432493,43.0459788],[106.843189,43.0444683],[106.8429154,43.0443428],[106.8428779,43.0441781],[106.8426955,43.0440958],[106.8426633,43.0435469],[106.8430495,43.0434489],[106.8431622,43.0433352],[106.8430857,43.0426804],[106.8430186,43.0421995],[106.842922,43.0418808],[106.842804,43.0415388],[106.8426686,43.0411691],[106.8424071,43.0407859],[106.8422623,43.0406486],[106.8421761,43.0405351],[106.8420531,43.0403121],[106.841911,43.0400788],[106.841758,43.0397687],[106.8413891,43.0391672]]},"properties":{"kind":"road","class":"service","name":null,"surface":"compacted"}},{"type":"Feature","geometry":{"type":"LineString","coordinates":[[106.8669989,43.0682494],[106.8667148,43.0676971],[106.8663442,43.0669917],[106.8660521,43.0664423],[106.8656137,43.0656026],[106.865347,43.065072],[106.8650589,43.0644273],[106.8646659,43.0632453],[106.8645281,43.0628288],[106.8642427,43.0621826],[106.8637317,43.0612797],[106.8634907,43.0609037],[106.8632446,43.0604826],[106.8625464,43.0592755]]},"properties":{"kind":"road","class":"tertiary","name":"Oyu tolgoi-Khanbogd","surface":null}},{"type":"Feature","geometry":{"type":"LineString","coordinates":[[106.8227597,43.0513981],[106.8226466,43.0513461],[106.822577,43.0513071],[106.8224798,43.0512531],[106.8224045,43.0511858],[106.822306,43.0510539],[106.8222465,43.0509435]]},"properties":{"kind":"road","class":"service","name":null,"surface":"asphalt"}},{"type":"Feature","geometry":{"type":"LineString","coordinates":[[106.8212186,43.0479107],[106.821156,43.0478829],[106.8209318,43.0478635],[106.8208514,43.0479084],[106.8208113,43.0480769],[106.820798,43.0483043],[106.8206692,43.0484141]]},"properties":{"kind":"road","class":"service","name":null,"surface":null}},{"type":"Feature","geometry":{"type":"LineString","coordinates":[[106.8349184,43.0424169],[106.8348836,43.0431559],[106.8353791,43.0457527],[106.8348896,43.0465769],[106.8352658,43.0466382]]},"properties":{"kind":"power","name":null}},{"type":"Feature","geometry":{"type":"LineString","coordinates":[[106.8353972,43.0412965],[106.8357063,43.0419851]]},"properties":{"kind":"power","name":null}},{"type":"Feature","geometry":{"type":"LineString","coordinates":[[106.8375255,43.0420189],[106.837606,43.0414818],[106.841117,43.0407231],[106.8442914,43.0399096]]},"properties":{"kind":"power","name":null}},{"type":"Feature","geometry":{"type":"LineString","coordinates":[[106.8353362,43.0420018],[106.8353972,43.0412965]]},"properties":{"kind":"power","name":null}},{"type":"Feature","geometry":{"type":"LineString","coordinates":[[106.8287802,43.0434744],[106.8287426,43.0435783],[106.8287587,43.0436589],[106.8287641,43.0437136],[106.8287801,43.0444095],[106.8288566,43.0455659],[106.8288808,43.0456532],[106.8289196,43.0457081],[106.8291624,43.0459129],[106.8293609,43.0460237],[106.8294735,43.0460815],[106.829609,43.0461168],[106.829727,43.0461942],[106.8302486,43.0467969],[106.8302836,43.0468842],[106.8302862,43.047042],[106.8303399,43.0470537],[106.8305102,43.047384],[106.830643,43.0473811],[106.8306406,43.047442]]},"properties":{"kind":"road","class":"pedestrian","name":null,"surface":null}},{"type":"Feature","geometry":{"type":"LineString","coordinates":[[106.8367236,43.0463756],[106.8369972,43.0463784],[106.8370481,43.0464588],[106.8371755,43.0466107],[106.8372318,43.0466294],[106.8374015,43.0466299],[106.837437,43.0465402],[106.8376623,43.0465353],[106.8377012,43.0465568],[106.8377562,43.0465608],[106.8377582,43.0466333],[106.8377515,43.0467871]]},"properties":{"kind":"road","class":"pedestrian","name":null,"surface":null}},{"type":"Feature","geometry":{"type":"LineString","coordinates":[[106.8262884,43.0440781],[106.8263876,43.0468911],[106.8264198,43.0470086],[106.8265325,43.0470439],[106.8267336,43.0470302],[106.8268195,43.0470381],[106.8268946,43.0470675],[106.8274552,43.0476594],[106.8279862,43.0476124],[106.8294185,43.0475183],[106.8302942,43.0474536],[106.8306406,43.047442],[106.8308267,43.047438],[106.8313135,43.0476222],[106.8314235,43.0476349],[106.831913,43.0476359],[106.8323636,43.0476359],[106.8336081,43.0476124],[106.8336484,43.0476417],[106.8340588,43.0476418],[106.835951,43.0476427],[106.836002,43.047633],[106.8360758,43.0476163],[106.8361214,43.0475339],[106.8361133,43.0473478],[106.8361616,43.0472929],[106.8362447,43.0472811],[106.8366954,43.0472537],[106.8368858,43.0471988],[106.8369528,43.0471694],[106.8368294,43.0469674],[106.8367517,43.0468067],[106.8367236,43.0463756],[106.8366659,43.0463304]]},"properties":{"kind":"road","class":"pedestrian","name":null,"surface":null}},{"type":"Feature","geometry":{"type":"LineString","coordinates":[[106.8292254,43.0417033],[106.829212,43.0411729]]},"properties":{"kind":"road","class":"pedestrian","name":null,"surface":null}},{"type":"Feature","geometry":{"type":"LineString","coordinates":[[106.8292254,43.0417033],[106.8292388,43.0417798],[106.8292537,43.0423617]]},"properties":{"kind":"road","class":"pedestrian","name":null,"surface":null}},{"type":"Feature","geometry":{"type":"LineString","coordinates":[[106.829503,43.0412652],[106.8296237,43.0411789],[106.8298142,43.0411583],[106.8302071,43.0411613],[106.8304981,43.0412191],[106.8309246,43.0412132]]},"properties":{"kind":"road","class":"pedestrian","name":null,"surface":null}},{"type":"Feature","geometry":{"type":"LineString","coordinates":[[106.8287306,43.04118],[106.829212,43.0411729],[106.829389,43.0412328],[106.829503,43.0412652],[106.8296814,43.0414004],[106.829731,43.041717]]},"properties":{"kind":"road","class":"pedestrian","name":null,"surface":null}},{"type":"Feature","geometry":{"type":"LineString","coordinates":[[106.8287242,43.0418032],[106.8276117,43.041813],[106.8264781,43.0418158]]},"properties":{"kind":"road","class":"pedestrian","name":null,"surface":null}},{"type":"Feature","geometry":{"type":"LineString","coordinates":[[106.8265262,43.0429515],[106.8276341,43.0429338],[106.8287597,43.0429199]]},"properties":{"kind":"road","class":"pedestrian","name":null,"surface":null}},{"type":"Feature","geometry":{"type":"LineString","coordinates":[[106.829731,43.041717],[106.8297729,43.0423652],[106.8297807,43.0426511],[106.8298321,43.042912],[106.8298289,43.0433549]]},"properties":{"kind":"road","class":"pedestrian","name":null,"surface":null}},{"type":"Feature","geometry":{"type":"LineString","coordinates":[[106.8298321,43.042912],[106.8309473,43.0428981],[106.8309165,43.0423563],[106.8309294,43.0417298],[106.8309246,43.0412132],[106.8320163,43.0411916],[106.8320411,43.0417278],[106.8320377,43.0423355]]},"properties":{"kind":"road","class":"pedestrian","name":null,"surface":null}},{"type":"Feature","geometry":{"type":"LineString","coordinates":[[106.8265087,43.042418],[106.8276335,43.0424119],[106.828741,43.0423964],[106.8292537,43.0423617],[106.8297729,43.0423652],[106.8309165,43.0423563],[106.8320377,43.0423355],[106.832044,43.042897],[106.8320565,43.0434186],[106.8309581,43.0434313],[106.8309473,43.0428981],[106.832044,43.042897]]},"properties":{"kind":"road","class":"pedestrian","name":null,"surface":null}},{"type":"Feature","geometry":{"type":"LineString","coordinates":[[106.8276429,43.0434793],[106.8276341,43.0429338],[106.8276335,43.0424119],[106.8276117,43.041813],[106.8275974,43.0413085]]},"properties":{"kind":"road","class":"pedestrian","name":null,"surface":null}},{"type":"Feature","geometry":{"type":"LineString","coordinates":[[106.8204613,43.0490423],[106.8204506,43.0484405],[106.8205004,43.0484026],[106.8205243,43.0483768],[106.8205243,43.0476045],[106.8205243,43.0469773],[106.8205243,43.0463383],[106.8205243,43.0456179],[106.8206464,43.0456061],[106.8209696,43.0455768],[106.8212472,43.0455748],[106.8214886,43.0455552],[106.8217126,43.0454631],[106.8217622,43.0455845],[106.8228203,43.0455679],[106.822823,43.0455111],[106.8235954,43.0455032],[106.82381,43.0454915],[106.8239012,43.0454837],[106.8239683,43.0454209],[106.8240219,43.0453366],[106.8240327,43.0446348],[106.8241104,43.0444937],[106.8241775,43.0444016],[106.8244162,43.0443252],[106.8248587,43.0442134],[106.8252209,43.0441213],[106.825929,43.0441037],[106.8262111,43.0440836],[106.8262884,43.0440781],[106.8263662,43.0439763],[106.8264064,43.0436547],[106.8265405,43.0435038],[106.8265262,43.0429515],[106.8265087,43.042418],[106.8264781,43.0418158],[106.8264654,43.0412456]]},"properties":{"kind":"road","class":"pedestrian","name":null,"surface":null}},{"type":"Feature","geometry":{"type":"LineString","coordinates":[[106.8314661,43.0477382],[106.831262,43.0481652]]},"properties":{"kind":"road","class":"service","name":null,"surface":"ground"}},{"type":"Feature","geometry":{"type":"LineString","coordinates":[[106.8330275,43.047706],[106.8330301,43.0477925]]},"properties":{"kind":"road","class":"residential","name":null,"surface":null}},{"type":"Feature","geometry":{"type":"LineString","coordinates":[[106.8350887,43.047705],[106.8350895,43.0477643]]},"properties":{"kind":"road","class":"service","name":null,"surface":"ground"}},{"type":"Feature","geometry":{"type":"LineString","coordinates":[[106.8244052,43.0478629],[106.824494,43.0479534],[106.8245879,43.0479887],[106.8247649,43.0480005],[106.8261275,43.0479828],[106.8261906,43.0480453]]},"properties":{"kind":"road","class":"service","name":null,"surface":"ground"}},{"type":"Feature","geometry":{"type":"LineString","coordinates":[[106.8231396,43.048913],[106.8225012,43.0489129],[106.8221728,43.0489053],[106.8219827,43.0489176]]},"properties":{"kind":"road","class":"service","name":null,"surface":"ground"}},{"type":"Feature","geometry":{"type":"LineString","coordinates":[[106.8239031,43.0486508],[106.8235109,43.0488159],[106.823354,43.0489197],[106.8230912,43.0491491],[106.822992,43.0491824],[106.8221927,43.0492059]]},"properties":{"kind":"road","class":"service","name":null,"surface":"ground"}},{"type":"Feature","geometry":{"type":"LineString","coordinates":[[106.838412,43.0200233],[106.8384308,43.0191722],[106.8384045,43.0185844],[106.8384093,43.0183191],[106.8383905,43.0180956],[106.8383154,43.0178956],[106.8382833,43.0177171],[106.8382376,43.0167308],[106.8386024,43.0167288],[106.8386883,43.017725],[106.8386775,43.0179113],[106.8385864,43.0181015],[106.8385809,43.0183094],[106.8385943,43.0185917],[106.8385788,43.0187844],[106.83864,43.0199096],[106.8386855,43.0200194],[106.8388063,43.0200606],[106.8389564,43.0200273],[106.8404048,43.0186957],[106.8405819,43.0186055],[106.8407884,43.0185193],[106.8410352,43.0184879],[106.8412176,43.0185506],[106.8413758,43.0186173],[106.8414187,43.0188879],[106.8427062,43.0235295],[106.8432373,43.0245256],[106.8436235,43.025159],[106.8438891,43.025557],[106.8441975,43.0259178],[106.846979,43.0285943],[106.8520886,43.0334587],[106.8524185,43.033739],[106.8525959,43.0338253],[106.852684,43.0338998],[106.8527725,43.0339802],[106.8527979,43.0340755],[106.8528352,43.0343424],[106.8529795,43.0353739],[106.853016,43.0356349],[106.853022,43.035678],[106.853059,43.0359817],[106.8531212,43.0365563],[106.8533496,43.0378695],[106.8535665,43.0396596],[106.8537757,43.0413436],[106.85406,43.043147],[106.8542731,43.0451045],[106.8542382,43.045824],[106.8542263,43.0460443]]},"properties":{"kind":"road","class":"service","name":null,"surface":"compacted"}},{"type":"Feature","geometry":{"type":"LineString","coordinates":[[106.8381158,43.0451856],[106.8382484,43.0450328],[106.8383959,43.0449485],[106.8386185,43.0448407],[106.838699,43.0447544],[106.8388787,43.0445369],[106.8391442,43.0443742],[106.8391764,43.044035],[106.8389269,43.0356035],[106.8388465,43.0354212],[106.8387312,43.0353761],[106.8373176,43.0353153],[106.8372077,43.0352663],[106.8370972,43.0351319]]},"properties":{"kind":"road","class":"service","name":null,"surface":"compacted"}},{"type":"Feature","geometry":{"type":"LineString","coordinates":[[106.8379513,43.0465726],[106.8380418,43.0465122],[106.8380874,43.0464539],[106.8380861,43.0462079],[106.8380592,43.0456581],[106.838066,43.0453552],[106.8380834,43.0452857],[106.8381158,43.0451856]]},"properties":{"kind":"road","class":"service","name":null,"surface":"ground"}},{"type":"Feature","geometry":{"type":"LineString","coordinates":[[106.8370566,43.0466436],[106.8377582,43.0466333],[106.8379513,43.0465726],[106.8379488,43.0466484]]},"properties":{"kind":"road","class":"service","name":null,"surface":"ground"}},{"type":"Feature","geometry":{"type":"LineString","coordinates":[[106.8370803,43.0469283],[106.8370566,43.0466436],[106.8370481,43.0464588],[106.8370212,43.0459306],[106.836969,43.0458796],[106.8367772,43.0458747],[106.8366911,43.0458861]]},"properties":{"kind":"road","class":"service","name":null,"surface":"ground"}},{"type":"Feature","geometry":{"type":"LineString","coordinates":[[106.8346461,43.0456425],[106.8338791,43.0455895],[106.8334445,43.0455973],[106.8331495,43.0455699],[106.8329054,43.0454425],[106.8329135,43.0451661],[106.8329993,43.0445349]]},"properties":{"kind":"road","class":"residential","name":null,"surface":null}},{"type":"Feature","geometry":{"type":"LineString","coordinates":[[106.8360001,43.0476815],[106.836002,43.047633],[106.8360195,43.0462364],[106.8359739,43.0457189],[106.8358558,43.0456071],[106.8356708,43.0455777],[106.8354388,43.0455699],[106.8346461,43.0456425],[106.8343994,43.0457169],[106.834276,43.0458365],[106.8339837,43.046154],[106.8339204,43.0463021]]},"properties":{"kind":"road","class":"residential","name":null,"surface":null}},{"type":"Feature","geometry":{"type":"LineString","coordinates":[[106.8259693,43.0436509],[106.8260067,43.0433979],[106.8259263,43.041324],[106.8259531,43.0412064],[106.8260215,43.0411554],[106.8261234,43.0411241],[106.8261918,43.0411377],[106.8262562,43.0411632],[106.8263072,43.0412495],[106.8263448,43.0413514],[106.8264199,43.0432764],[106.8263608,43.0433705],[106.8261516,43.0434823],[106.8259693,43.0436509]]},"properties":{"kind":"road","class":"service","name":null,"surface":"ground"}},{"type":"Feature","geometry":{"type":"LineString","coordinates":[[106.8480223,43.0882244],[106.8541539,43.0871667],[106.8552616,43.0906866],[106.8491811,43.0917385],[106.8480223,43.0882244]]},"properties":{"kind":"fence","name":null}},{"type":"Feature","geometry":{"type":"LineString","coordinates":[[106.8907204,43.1539136],[106.8903047,43.1552031],[106.8919864,43.1556903],[106.8924504,43.1544165],[106.8918899,43.1542639],[106.8918738,43.1542188],[106.891745,43.1541738],[106.8916512,43.1541875],[106.8907204,43.1539136]]},"properties":{"kind":"fence","name":null}},{"type":"Feature","geometry":{"type":"LineString","coordinates":[[106.8338749,43.0418954],[106.8338992,43.043046],[106.8382525,43.0429971],[106.8382283,43.0418465],[106.8338749,43.0418954]]},"properties":{"kind":"power","name":null}},{"type":"Feature","geometry":{"type":"LineString","coordinates":[[106.8117723,43.0304785],[106.8119882,43.0304726],[106.8139046,43.0304187],[106.8154818,43.0303854],[106.8166539,43.030355],[106.8199208,43.0302981],[106.8212485,43.0309491],[106.8225038,43.0315373],[106.8237913,43.0321549],[106.8254971,43.0329764],[106.8270609,43.0337253],[106.8290591,43.034686],[106.8306067,43.0354231],[106.8324199,43.0354172],[106.8333131,43.0366661],[106.8346113,43.0375169],[106.8359095,43.0383481],[106.8369877,43.0390304],[106.8398792,43.0389715],[106.8421429,43.0385128]]},"properties":{"kind":"power","name":null}},{"type":"Feature","geometry":{"type":"LineString","coordinates":[[106.8647271,43.0340302],[106.8646292,43.0322225],[106.8645407,43.0304207],[106.8644422,43.0286163],[106.8643543,43.0268296],[106.8642618,43.0250384],[106.864192,43.0236168],[106.8641277,43.0223294],[106.8640392,43.0207254],[106.8639104,43.0194085],[106.8636516,43.0186183],[106.8636086,43.0167483],[106.8635684,43.015658],[106.8635698,43.0136586],[106.8635201,43.0116748],[106.863488,43.0105965],[106.8634477,43.0089682],[106.8633713,43.0073568],[106.8633324,43.0056906],[106.8613489,43.0057387],[106.8612,43.0055524]]},"properties":{"kind":"power","name":null}},{"type":"Feature","geometry":{"type":"LineString","coordinates":[[106.8395841,43.0209793],[106.8424996,43.0212372],[106.8437536,43.0213342],[106.8457666,43.0214999],[106.8477944,43.0216725],[106.8497819,43.021851],[106.8517989,43.0220235],[106.8538079,43.0222]]},"properties":{"kind":"power","name":null}},{"type":"Feature","geometry":{"type":"LineString","coordinates":[[106.8458229,43.0281139],[106.8444456,43.0266943],[106.843008,43.0251992],[106.8416575,43.0237991],[106.8402748,43.02235],[106.8403807,43.0213666],[106.8404518,43.0205979],[106.840606,43.0187928],[106.8420598,43.0174112],[106.8415421,43.0162022],[106.8410714,43.01505],[106.8403914,43.0141087],[106.8392301,43.0123583],[106.8379801,43.0105549],[106.8372995,43.0095551],[106.8372077,43.0094722]]},"properties":{"kind":"power","name":null}},{"type":"Feature","geometry":{"type":"LineString","coordinates":[[106.843877,43.0292933],[106.842041,43.0308089],[106.8401957,43.031998],[106.8383329,43.0331754],[106.8369167,43.0340576],[106.8362421,43.035031],[106.8360248,43.0353996],[106.83531,43.0364847],[106.8346113,43.0375169]]},"properties":{"kind":"power","name":null}},{"type":"Feature","geometry":{"type":"LineString","coordinates":[[106.843877,43.0292933],[106.8458229,43.0281139],[106.8468402,43.0275119],[106.8489853,43.0265345],[106.8511719,43.0257065],[106.8533358,43.0248531],[106.8555017,43.0240266],[106.857677,43.0231961],[106.8598536,43.0223657],[106.8620194,43.0214921],[106.8640392,43.0207254]]},"properties":{"kind":"power","name":null}},{"type":"Feature","geometry":{"type":"LineString","coordinates":[[106.855896,43.0356623],[106.8578648,43.0356858],[106.8598214,43.0357221],[106.8618505,43.0357446],[106.8638581,43.035778],[106.8647271,43.0340302]]},"properties":{"kind":"power","name":null}},{"type":"Feature","geometry":{"type":"LineString","coordinates":[[106.8402406,43.0564411],[106.8427384,43.0565548],[106.8451846,43.0566479],[106.8473934,43.0567263],[106.8495807,43.0568169],[106.8518036,43.0569159],[106.8540047,43.0570107],[106.8562098,43.0571057],[106.8584209,43.057201],[106.8606112,43.0572953],[106.8624553,43.0573808],[106.8636032,43.0562657],[106.8648291,43.0551486],[106.8660093,43.0540687],[106.8670419,43.0530936],[106.8680651,43.0521474],[106.8690938,43.0511915],[106.8697474,43.05059],[106.8712516,43.0491736],[106.8735624,43.0470244],[106.8747009,43.0459903],[106.8758596,43.0449024],[106.8769956,43.0438488],[106.8781342,43.0427864],[106.8792781,43.0417337],[106.8804207,43.0406565],[106.8814936,43.0396645],[106.881448,43.0381295],[106.8814199,43.036969],[106.8813823,43.0356241],[106.8813407,43.0342792],[106.8813018,43.0329185],[106.8812723,43.0315667],[106.8812308,43.0302109],[106.8811885,43.0288531],[106.8811061,43.027561],[106.8801391,43.0262668],[106.8792084,43.0250943],[106.8785633,43.0242933],[106.8779223,43.0234785],[106.876903,43.0221941],[106.8758892,43.0209195],[106.8752709,43.0201439],[106.8747465,43.019484],[106.8738239,43.0183221],[106.8730608,43.0173651],[106.8723366,43.0164522],[106.8711483,43.0168111],[106.8700379,43.0171445],[106.8682757,43.0177044],[106.8664733,43.0182711],[106.8646601,43.0188261],[106.8628429,43.0193831],[106.8610096,43.0199527],[106.8592125,43.0205077],[106.8573967,43.0210607],[106.8555835,43.0216392],[106.8538079,43.0222]]},"properties":{"kind":"power","name":null}},{"type":"Feature","geometry":{"type":"LineString","coordinates":[[106.8402406,43.0564411],[106.8383382,43.0558345],[106.8364459,43.0552485],[106.8343055,43.0545822],[106.8324079,43.0539903],[106.8304981,43.0534062],[106.8289049,43.0528927],[106.8269898,43.052293],[106.825068,43.051706],[106.8238127,43.0513022],[106.8224971,43.0508965],[106.8211761,43.0504976],[106.819253,43.0504535],[106.8188077,43.0501095]]},"properties":{"kind":"power","name":null}},{"type":"Feature","geometry":{"type":"LineString","coordinates":[[106.6464007,43.0454248],[106.6484338,43.0460599],[106.6503932,43.0466078],[106.6524678,43.0472282],[106.6540074,43.0476712],[106.655724,43.048169],[106.6576981,43.0487492],[106.659227,43.0492275],[106.6611367,43.0497881],[106.6628694,43.0503055],[106.66446,43.0508073],[106.6657394,43.0511758],[106.6676518,43.0517403],[106.6696072,43.0523067],[106.6715437,43.0528829],[106.6734669,43.0534533],[106.6754088,43.0540236],[106.677179,43.0545449],[106.6791022,43.0551172],[106.6809261,43.0556601],[106.682868,43.0562245],[106.6848153,43.0567909],[106.6867384,43.057371],[106.688683,43.0579374],[106.6904023,43.058447],[106.6922316,43.0586802],[106.694034,43.0589193],[106.6958445,43.0591525],[106.6978723,43.059421],[106.6999778,43.0597012],[106.7019761,43.0599481],[106.7040172,43.0602264],[106.7060691,43.0604969],[106.7081317,43.0607555],[106.7100844,43.0610005],[106.7119351,43.0612474],[106.7131555,43.0614022],[106.715076,43.061657],[106.7166021,43.0618687],[106.7187023,43.0621254],[106.7206335,43.0623703],[106.7225137,43.0626212],[106.7246273,43.0629073],[106.7266712,43.0631718],[106.7283717,43.0633874],[106.7302895,43.0636421],[106.7324191,43.0639047],[106.7345247,43.0641889],[106.7366838,43.0644789],[106.7379284,43.0646435],[106.7396879,43.0648571],[106.7414153,43.0650903],[106.7434296,43.0653528],[106.745283,43.0655939],[106.7470345,43.0658231],[106.7491293,43.0661033],[106.7512429,43.0663718],[106.7532411,43.0666422],[106.7553118,43.0668989],[106.757471,43.0671928],[106.7592922,43.0674201],[106.7609391,43.0676376],[106.7624196,43.0678385],[106.7644796,43.0681079],[106.7667299,43.0684018],[106.7687362,43.0686762],[106.7708874,43.0689544],[106.773001,43.0692248],[106.7750823,43.0694952],[106.7772281,43.069746],[106.7793417,43.0700007],[106.7813909,43.0702829],[106.7835259,43.0705415],[106.7856985,43.0708198],[106.7876941,43.0710745],[106.7897648,43.071339],[106.7919803,43.0716309],[106.7938068,43.0718563],[106.7959205,43.0721233],[106.7980099,43.0724088],[106.8002227,43.0727203],[106.8023711,43.0729623],[106.8044217,43.0732317],[106.8063998,43.0735148],[106.8080762,43.0726537],[106.8098042,43.0717608],[106.8115014,43.0708864],[106.8130624,43.0701026],[106.8148649,43.0691464],[106.816318,43.0684126],[106.817995,43.0675749],[106.819715,43.0666936],[106.8213558,43.065831],[106.8230939,43.0649531],[106.8247729,43.0640948],[106.8265057,43.0632051],[106.8282115,43.0623497],[106.8299201,43.061465],[106.8317239,43.0605606],[106.8334405,43.0596689],[106.8350941,43.0588242],[106.8365291,43.0580834],[106.8382524,43.0571996],[106.8396109,43.0565058]]},"properties":{"kind":"power","name":null}},{"type":"Feature","geometry":{"type":"LineString","coordinates":[[106.8384267,43.0428961],[106.8402962,43.0432676],[106.8413557,43.0434734],[106.8413892,43.0452886],[106.8414268,43.0469459],[106.8414282,43.0485605],[106.8414563,43.0499381],[106.8414939,43.0516697],[106.8415287,43.0528731],[106.8408018,43.0546763],[106.8403083,43.0561726]]},"properties":{"kind":"power","name":null}},{"type":"Feature","geometry":{"type":"LineString","coordinates":[[106.8528182,43.0875474],[106.8522307,43.0860491],[106.8517989,43.0848081],[106.8513617,43.0835603],[106.8508869,43.0822713],[106.8503746,43.080847],[106.8498543,43.0794169],[106.8493393,43.0779857],[106.8488163,43.0765585],[106.8482825,43.0750871],[106.8477917,43.0736863],[106.8472807,43.0722226],[106.8467537,43.0707845],[106.8462306,43.0693698],[106.8457264,43.0679159],[106.8452167,43.0664913],[106.8447286,43.0650481],[106.8442082,43.0636117],[106.8436946,43.0621685],[106.8431756,43.0607418],[106.8426633,43.0592985],[106.8425775,43.0576944],[106.8425144,43.0563539],[106.8424273,43.054541],[106.8423844,43.0530926],[106.8423334,43.0516609],[106.8422717,43.0502065],[106.8422187,43.0487463],[106.8422046,43.0473262],[106.8421644,43.0459462],[106.8421349,43.0446251],[106.8420745,43.0430245],[106.8402922,43.042853],[106.8384361,43.0426766]]},"properties":{"kind":"power","name":null}},{"type":"Feature","geometry":{"type":"LineString","coordinates":[[106.915614,43.0069224],[106.9159151,43.0053493],[106.9161732,43.003785],[106.9164106,43.0022737],[106.9157441,43.0007377]]},"properties":{"kind":"power","name":null}},{"type":"Feature","geometry":{"type":"LineString","coordinates":[[106.915614,43.0069224],[106.9144499,43.0083032],[106.9150615,43.0095556],[106.9157132,43.0108397],[106.9165622,43.0125235],[106.9174151,43.0142195],[106.9182734,43.0158992],[106.919125,43.0175857],[106.9199806,43.0192791],[106.9208349,43.0209685],[106.9216892,43.02265],[106.9225522,43.0243315],[106.9213344,43.0257237],[106.9204467,43.0270445],[106.9195583,43.0285496],[106.9186909,43.0300191],[106.9177833,43.0315565],[106.9168948,43.0330616],[106.9164869,43.0345564],[106.9160915,43.036005],[106.9157388,43.0372973],[106.9153619,43.0387569],[106.9152345,43.0405526],[106.915091,43.0423512],[106.9149522,43.0441365],[106.9148254,43.0459404],[106.9147021,43.0477457],[106.9145465,43.049546],[106.9125174,43.049596],[106.9106264,43.0496381],[106.9081937,43.0497234],[106.9057247,43.0497842],[106.9032732,43.0498273],[106.9008216,43.0498949],[106.8983687,43.0499483],[106.8966172,43.0499938],[106.894564,43.0500301],[106.8924719,43.0500772],[106.8903825,43.0501262],[106.8882997,43.0501742],[106.886217,43.0502114],[106.8841354,43.0502571],[106.8820435,43.0503029],[106.8799648,43.0503484],[106.8778753,43.0503942],[106.8759105,43.0504373],[106.8740036,43.0504791],[106.8719597,43.0505231],[106.8697474,43.05059]]},"properties":{"kind":"power","name":null}},{"type":"Feature","geometry":{"type":"LineString","coordinates":[[106.8939243,43.0969935],[106.8963705,43.0971423],[106.898818,43.0973049],[106.9012696,43.0974733],[106.9037104,43.0976202],[106.9060492,43.097771],[106.9084257,43.0979277],[106.9104373,43.0980589],[106.9115116,43.0997148],[106.9126917,43.1015205],[106.9137794,43.1032115],[106.9149569,43.1050073],[106.9159788,43.1065543],[106.917053,43.1081728],[106.9181675,43.1098969],[106.9192913,43.1116299],[106.9203991,43.1133294],[106.9215766,43.115123],[106.9225556,43.1166169],[106.9235453,43.1181068],[106.9246665,43.119816],[106.9257957,43.1215643],[106.9269571,43.1233087],[106.9280568,43.1250099],[106.9292128,43.1267688],[106.9303367,43.1284944],[106.9314846,43.1302346],[106.9326541,43.1320002],[106.9334829,43.1332765],[106.9346443,43.1350381],[106.9357775,43.1367909],[106.9368812,43.1384907],[106.9380051,43.1402267],[106.9391826,43.1419471],[106.9403306,43.1436771],[106.9414276,43.1454189],[106.9425702,43.1471723],[106.9436887,43.1489198],[106.9447347,43.1505382],[106.945813,43.1521902],[106.9468966,43.1537884],[106.9479266,43.1554418],[106.949037,43.1570286],[106.9500911,43.1586585],[106.9511157,43.1602433],[106.9521316,43.1617918],[106.9531435,43.1633286],[106.9540125,43.1646169],[106.9558713,43.1653281],[106.9582772,43.1662025],[106.9606644,43.1670985],[106.9629711,43.1679789],[106.9653207,43.1688396],[106.9676757,43.169716],[106.9700682,43.1705846],[106.9721925,43.1713749],[106.9744724,43.1722199],[106.9768113,43.1730845],[106.9791985,43.1739648],[106.9815427,43.1748176],[106.9838655,43.1757252],[106.9861615,43.1765311],[106.9884574,43.1773761],[106.9908071,43.1782523],[106.9931728,43.1791208],[106.9955492,43.1799814],[106.9978452,43.1808459],[107.0002216,43.181683],[107.0025256,43.1825435],[107.004717,43.183361],[107.0069271,43.1841551],[107.0092446,43.1850156],[107.0115942,43.185927],[107.0140028,43.1867797],[107.0162988,43.1876245],[107.0186698,43.1885084],[107.0209658,43.1893454],[107.0231759,43.1901668],[107.0255256,43.1910116],[107.0278859,43.1919033],[107.0302462,43.1927559],[107.032628,43.1936319],[107.0349777,43.1944923],[107.0372307,43.1953058],[107.0396018,43.1961974],[107.0417797,43.1970421],[107.0442045,43.1978869],[107.0465326,43.1987706],[107.0488393,43.1996231],[107.0511246,43.2004443],[107.0534849,43.2013125],[107.0556414,43.2021493],[107.0577121,43.2029079],[107.05989,43.2036978],[107.0622504,43.2045424],[107.0645249,43.2054026],[107.0668208,43.2062316],[107.0691061,43.2070605],[107.0712089,43.2078894],[107.073226,43.2086088],[107.0757365,43.208257],[107.0783865,43.2079363],[107.0809185,43.2076235],[107.0834935,43.2072795],[107.0860362,43.2069901],[107.0886755,43.2066617],[107.091186,43.206341],[107.0934284,43.2060361],[107.095896,43.2057545],[107.0984495,43.2054261],[107.1008849,43.2050898],[107.1032452,43.2048004],[107.1059596,43.2045189],[107.1084702,43.2041514],[107.1107876,43.2038855],[107.1134591,43.203557],[107.1160662,43.2032129],[107.1182013,43.202947],[107.1211195,43.2025872],[107.1234369,43.202294],[107.1258348,43.2020046],[107.1284687,43.2016683],[107.1309632,43.2013672],[107.1335167,43.2010387],[107.1361989,43.2007103],[107.138747,43.2004052],[107.1412092,43.2000846],[107.1439397,43.1997405],[107.1464288,43.1994198],[107.148639,43.1991539],[107.1514606,43.1987941],[107.1538746,43.1984734],[107.1560955,43.1982232],[107.1586704,43.1979025],[107.1612346,43.1979729],[107.1638739,43.198098],[107.1658373,43.198145],[107.1681225,43.1982466],[107.170397,43.1983327],[107.1726394,43.1984656],[107.1749353,43.1985282],[107.1771884,43.1986455],[107.177403,43.1986885]]},"properties":{"kind":"power","name":null}},{"type":"Feature","geometry":{"type":"LineString","coordinates":[[106.8556452,43.0906768],[106.8570681,43.0909599],[106.8589926,43.0913673],[106.8609399,43.0917639],[106.8628898,43.0921655],[106.8648344,43.0925631],[106.8668059,43.0929666],[106.8687478,43.0933602],[106.8707058,43.0937618],[106.8726531,43.0941633],[106.8745923,43.0945687],[106.8765584,43.0949683],[106.8785056,43.0953561],[106.8804422,43.0957723],[106.8823197,43.0961405],[106.884263,43.0964274],[106.8861553,43.0966997],[106.8880892,43.0969817],[106.8901303,43.0972794],[106.8922131,43.09758],[106.8938975,43.0978337],[106.8958247,43.0981098],[106.8977471,43.0983918],[106.8996388,43.0986602],[106.9015726,43.0989539],[106.9034515,43.0992144],[106.9054538,43.099516],[106.9074869,43.0998176],[106.9085464,43.1010201],[106.9096032,43.1022186],[106.910668,43.1034328],[106.9128151,43.1058552],[106.9138679,43.1070654],[106.9149354,43.1082697],[106.9159895,43.1094662],[106.9170906,43.1106988],[106.9177987,43.1115085],[106.9186047,43.1128536],[106.9194335,43.1142047],[106.9202703,43.1155674],[106.9211045,43.1169086],[106.9219715,43.1182781],[106.9227889,43.1196261],[106.9236258,43.1209809],[106.9244465,43.122322],[106.9252941,43.1236885],[106.9261229,43.1250295],[106.926949,43.1263783],[106.9277979,43.1277569],[106.9286851,43.1291888],[106.9295776,43.1306457],[106.9302495,43.1317517],[106.9310635,43.1331023],[106.9318816,43.1344548],[106.9327077,43.1357956],[106.9335573,43.137152],[106.9343546,43.138526],[106.9351834,43.1398608],[106.9360229,43.1412249],[106.9368464,43.1425733],[106.9376685,43.1439335],[106.9384906,43.1453015],[106.9393408,43.14664],[106.9401401,43.1480138],[106.940977,43.149364],[106.9418541,43.1507456],[106.9428062,43.1519588],[106.9438282,43.1532248],[106.9448447,43.1544419],[106.9458371,43.1557157],[106.9468215,43.1569249],[106.9478106,43.1581781],[106.9487849,43.1594313],[106.9498229,43.1606483],[106.9508046,43.1618945],[106.9517903,43.1631565],[106.9527894,43.1644027],[106.9536316,43.1655022],[106.9546897,43.1668227],[106.9557077,43.1680532],[106.9567215,43.1693208],[106.9577596,43.1706012],[106.9590684,43.1708878],[106.96036,43.1711851],[106.9606584,43.1723872],[106.961288,43.1749115],[106.9622415,43.1760792],[106.963132,43.1772039],[106.9647253,43.178135],[106.9663346,43.1790856],[106.9679385,43.1800361],[106.9694996,43.1809632],[106.9710982,43.1818942],[106.9726237,43.1828306],[106.9742364,43.1837913],[106.9757994,43.1847188],[106.977502,43.1857168],[106.9792038,43.1866975],[106.9809097,43.1876714],[106.9826209,43.1886492],[106.9842679,43.189631],[106.9859523,43.1906009],[106.9876474,43.1915748],[106.9893426,43.1925682],[106.9910163,43.1935459],[106.9927168,43.1945393],[106.9943985,43.195515],[106.9960964,43.1964907],[106.999476,43.1984265],[107.0011718,43.1994061],[107.0028609,43.20037],[107.0045614,43.2013711],[107.0062405,43.2023487],[107.0079075,43.2033292],[107.0096093,43.2043038],[107.0112938,43.2053009],[107.0129728,43.2062824],[107.0146573,43.2072482],[107.0158911,43.2079324],[107.0175594,43.2088982],[107.0192707,43.2098991],[107.0209678,43.2108741],[107.0226395,43.2118579],[107.0243132,43.2128353],[107.0260191,43.2138049],[107.0277035,43.2147745],[107.0293075,43.2157011],[107.0310724,43.2167253],[107.0327836,43.2177027],[107.0344748,43.218681],[107.0361659,43.2196612],[107.0378262,43.2206385],[107.0395374,43.2216158],[107.0412165,43.2225931],[107.0429063,43.2235586],[107.0445961,43.224528],[107.0462859,43.2255014],[107.0479917,43.2264864],[107.0496815,43.2274753],[107.0513767,43.2284447],[107.0530504,43.2294257],[107.0547402,43.230399],[107.0559418,43.2310986],[107.0577067,43.2321031],[107.0594341,43.233088],[107.0611936,43.2341002],[107.062937,43.2351047],[107.0646805,43.2361159],[107.0664024,43.2371252],[107.0679206,43.2380162],[107.0698678,43.2391261],[107.071622,43.2401265],[107.0733426,43.2411192],[107.0750874,43.2421352],[107.0768523,43.2431395],[107.078585,43.2441477],[107.080307,43.2451558],[107.0819431,43.2461171],[107.0836973,43.2471057],[107.0854193,43.2481099],[107.0871681,43.2491219],[107.0889008,43.2501144],[107.0906603,43.2511185],[107.092452,43.2521696],[107.0937368,43.2528987],[107.0952053,43.2537226],[107.0962735,43.2551438],[107.0973766,43.2565337],[107.0984709,43.257948],[107.0995653,43.2593583],[107.100665,43.2607686],[107.1017781,43.2621798],[107.1027839,43.2634641],[107.1040037,43.2645804],[107.1053052,43.2657532],[107.1066195,43.2669212],[107.1078855,43.268054],[107.1091743,43.2692141],[107.1104644,43.2703575],[107.1116889,43.2714571],[107.1130232,43.272663],[107.1145588,43.2735145],[107.1160716,43.2743708],[107.1176071,43.275232],[107.1189737,43.2759795],[107.1208768,43.2759482],[107.1211322,43.2764647]]},"properties":{"kind":"power","name":null}},{"type":"Feature","geometry":{"type":"LineString","coordinates":[[106.8609482,43.0584076],[106.8612485,43.0584036],[106.8616576,43.0583729],[106.8619028,43.0583411],[106.8621871,43.0582863],[106.8625366,43.0581894],[106.8628094,43.0580962],[106.8631325,43.0579537]]},"properties":{"kind":"road","class":"tertiary","name":null,"surface":"asphalt"}},{"type":"Feature","geometry":{"type":"LineString","coordinates":[[106.8678061,43.0552847],[106.8681791,43.0551839],[106.868531,43.0551079],[106.8689194,43.0550437],[106.8693028,43.0550006],[106.8697335,43.0549898],[106.8701987,43.0550017],[106.8707353,43.0550555],[106.8719449,43.0552227]]},"properties":{"kind":"road","class":"tertiary","name":null,"surface":"asphalt"}},{"type":"Feature","geometry":{"type":"LineString","coordinates":[[106.8611582,43.0596638],[106.8610257,43.0596091],[106.8607293,43.059419],[106.8603726,43.059227],[106.8597369,43.0589585],[106.858774,43.0586047],[106.8584896,43.0585254],[106.8581758,43.0583921],[106.8578446,43.0582128],[106.857462,43.0580191]]},"properties":{"kind":"road","class":"service","name":null,"surface":"compacted"}},{"type":"Feature","geometry":{"type":"LineString","coordinates":[[106.8582646,43.0581261],[106.8582664,43.0581769],[106.8582818,43.0582264],[106.8583102,43.0582728],[106.8583505,43.0583142],[106.8584011,43.058349],[106.8585286,43.0584372],[106.8588048,43.0585391],[106.8597972,43.0589212],[106.8604329,43.059178],[106.860791,43.05937],[106.8611008,43.0595827],[106.8611582,43.0596638]]},"properties":{"kind":"road","class":"service","name":null,"surface":"compacted"}},{"type":"Feature","geometry":{"type":"LineString","coordinates":[[106.8609482,43.0584076],[106.861334,43.0585075],[106.8616077,43.0586077],[106.8618458,43.0587135],[106.8620878,43.0588654],[106.8623307,43.059065],[106.8625464,43.0592755]]},"properties":{"kind":"road","class":"tertiary","name":"Oyu tolgoi-Khanbogd","surface":"asphalt"}},{"type":"Feature","geometry":{"type":"LineString","coordinates":[[106.8582646,43.0581261],[106.8609482,43.0584076]]},"properties":{"kind":"road","class":"tertiary","name":null,"surface":"asphalt"}},{"type":"Feature","geometry":{"type":"LineString","coordinates":[[106.8625464,43.0592755],[106.8625268,43.0590313],[106.8625452,43.0588605],[106.8625763,43.0587131],[106.8626323,43.0585528],[106.8627085,43.0584059],[106.8627933,43.0582784],[106.8629301,43.0581235],[106.8631325,43.0579537]]},"properties":{"kind":"road","class":"tertiary","name":"Oyu tolgoi-Khanbogd","surface":"asphalt"}},{"type":"Feature","geometry":{"type":"LineString","coordinates":[[106.6829336,43.0267366],[106.6834297,43.0269831],[106.6842595,43.0273954],[106.6854516,43.0280334],[106.6866245,43.02845],[106.6902423,43.0296498],[106.6920008,43.0303366],[106.693346,43.0308537],[106.6951423,43.0316843],[106.6965124,43.03259],[106.6983611,43.0336824],[106.6994681,43.0344044],[106.7003103,43.0348731],[106.7011925,43.0353007],[106.7026614,43.0359044],[106.7040239,43.036365],[106.7051437,43.0366389],[106.706553,43.036863],[106.7071701,43.0370082],[106.7077494,43.0372208],[106.7085882,43.0375507],[106.708982,43.0376806],[106.7094014,43.0377561],[106.7110875,43.0379086],[106.7142083,43.0381219],[106.7157779,43.0384141],[106.7167321,43.038679],[106.7171913,43.0388508],[106.718426,43.0394237],[106.720314,43.0407031],[106.7223067,43.0421812],[106.7230773,43.0427289],[106.7236381,43.0431423],[106.7240779,43.0435224],[106.724556,43.0440092],[106.7251466,43.0444248],[106.7261315,43.0450741],[106.7269859,43.0458157],[106.7276161,43.0465531],[106.7280222,43.0469512],[106.7284974,43.0473061],[106.7291902,43.0477529],[106.7298173,43.0482489],[106.7304177,43.0487467],[106.7309328,43.0492539],[106.7312333,43.0495512],[106.7315758,43.0498233],[106.7319802,43.0501033],[106.7326402,43.0505078],[106.7335556,43.0512078],[106.7338722,43.0514504],[106.7341221,43.0517316],[106.7342965,43.0520416],[106.7346413,43.052639],[106.7349886,43.0531061],[106.7351948,43.0536159],[106.7355184,43.0543844],[106.7356126,43.0545461],[106.735743,43.0546937],[106.7359059,43.0548231],[106.7363018,43.0551279],[106.7370853,43.0556102],[106.7382987,43.0563164],[106.7395803,43.0570941],[106.7399486,43.0572872],[106.7403595,43.057427],[106.7424075,43.0581239],[106.7437955,43.058631],[106.7442306,43.0587591],[106.7446896,43.0588301],[106.7453978,43.0589084],[106.7460904,43.0590416],[106.7465593,43.0591498],[106.7470441,43.0592096],[106.7475636,43.0592866],[106.7480575,43.0594274],[106.7484489,43.059553],[106.7488695,43.0596089],[106.7494854,43.0595684],[106.7500714,43.0594243],[106.7518298,43.0587336],[106.7530826,43.0582165],[106.7542525,43.0576044],[106.7559641,43.0567115],[106.7569221,43.0561764],[106.7576351,43.0558326],[106.7582787,43.0556083],[106.7589019,43.0553551],[106.7596981,43.0549879],[106.7600614,43.0548009],[106.7603836,43.0545773],[106.760732,43.0543651],[106.7611373,43.0542164],[106.7617631,43.0539799],[106.7630916,43.0535413],[106.7639772,43.0532644],[106.7655227,43.0529221],[106.7663956,43.0527199],[106.766996,43.0525544],[106.7675579,43.0523279],[106.7684223,43.0519794],[106.7698188,43.0514318],[106.7715134,43.0507069],[106.7723266,43.0503429],[106.7726457,43.0502345],[106.7729853,43.0501675],[106.7733357,43.0501437],[106.7751325,43.0500659],[106.7764864,43.0500006],[106.7773613,43.0499881],[106.7782363,43.0499975],[106.7791305,43.050063],[106.7800289,43.0500473],[106.7801972,43.050027],[106.7803674,43.0500354],[106.7805304,43.050072],[106.7806776,43.050135],[106.7808012,43.0502209],[106.7808946,43.0503253],[106.7809528,43.0504424],[106.781055,43.0508749],[106.7811706,43.0511814],[106.78136,43.0514677],[106.781617,43.0517243],[106.7822003,43.0522034],[106.7826237,43.0526511],[106.7829592,43.0530862],[106.7831753,43.0535599],[106.7832728,43.053934],[106.7834649,43.0542879],[106.7840524,43.0550875],[106.7843024,43.0553423],[106.7846193,43.0555538],[106.7849891,43.0557128],[106.787399,43.0567084],[106.7879553,43.0568626],[106.7885273,43.0569821],[106.7891786,43.0571733],[106.7897706,43.0574488],[106.7905838,43.057819],[106.7908022,43.0578786],[106.7910324,43.0579057],[106.7912653,43.0578993],[106.791492,43.0578595],[106.7917036,43.0577879],[106.7927297,43.057259],[106.7937516,43.0567364],[106.7942412,43.0564128],[106.7947606,43.0560613],[106.7950182,43.0558988],[106.7953056,43.0557657],[106.7960082,43.0554764],[106.7966043,43.0551802],[106.7971705,43.0548542],[106.7973035,43.0548008],[106.7974477,43.0547663],[106.7975981,43.0547517],[106.7977496,43.0547577],[106.7980234,43.0547608],[106.7982908,43.0547175],[106.7985373,43.0546302],[106.7995123,43.054123],[106.7997961,43.0539633],[106.8000445,43.0537746],[106.8002552,43.0536448],[106.8004931,43.0535432],[106.8007513,43.0534728],[106.8013346,43.0533173],[106.8022841,43.0529906],[106.8036465,43.0524523],[106.8039727,43.0523752],[106.8043127,43.0523433],[106.804655,43.0523577]]},"properties":{"kind":"road","class":"track","name":"Transgobi road","surface":"ground"}},{"type":"Feature","geometry":{"type":"LineString","coordinates":[[106.8743237,42.9921209],[106.8740559,42.9917627],[106.8740827,42.9916018],[106.8741927,42.9913781],[106.8743402,42.991076],[106.8743563,42.9903776],[106.8748471,42.9876131],[106.8746755,42.9869205],[106.8747666,42.9864575],[106.874941,42.9855784],[106.8748417,42.9850153],[106.8747103,42.9847661],[106.8743992,42.9845542],[106.8740988,42.9843501],[106.8740022,42.9842167],[106.8739378,42.9839028],[106.8739808,42.9835025],[106.8742061,42.9822388],[106.8741873,42.9819426],[106.8740746,42.98166],[106.8738896,42.9813617],[106.8731359,42.9805101],[106.8729803,42.9803472],[106.8676078,42.9783967],[106.8668783,42.9781593],[106.865631,42.9780337],[106.8653342,42.9779694],[106.8657074,42.9775623],[106.8665472,42.9763777],[106.8691046,42.974072],[106.8707523,42.9718022],[106.8717352,42.9701808],[106.8723602,42.9681062],[106.8728261,42.9671334],[106.8738034,42.9660773],[106.8742125,42.9650712],[106.8744454,42.9640983],[106.8760874,42.96251],[106.8762692,42.9616867],[106.8772749,42.9611337],[106.8777522,42.960485],[106.8785476,42.9597033],[106.8796044,42.9590255],[106.8803033,42.9585141],[106.8808658,42.9579403],[106.8820012,42.9559079],[106.882174,42.9551052],[106.8825958,42.9545494],[106.8827606,42.9541437],[106.8832065,42.953482],[106.8836484,42.9527087],[106.8841024,42.9523441],[106.8848095,42.9520088],[106.8871719,42.9503856],[106.8878147,42.9497798],[106.8885298,42.9494152],[106.8893816,42.9491152],[106.8903297,42.94898],[106.8912457,42.9486918],[106.8931421,42.9478507],[106.8963892,42.9470073],[106.8990994,42.9458095],[106.9013437,42.9453381],[106.9018499,42.9451204],[106.9035996,42.9447631],[106.9062753,42.9444573],[106.9075931,42.9440749],[106.9088546,42.9439161],[106.9110241,42.9434691],[106.9123821,42.9434162],[106.9138847,42.9430985],[106.9168577,42.9423809],[106.9191156,42.9415574],[106.9201441,42.9413015],[106.9213173,42.940831],[106.9232095,42.9398545],[106.9237881,42.9393163],[106.9244912,42.9390722],[106.9249652,42.9387633],[106.9256121,42.9381663],[106.9259616,42.9378839],[106.9266406,42.9375986],[106.9272352,42.9373015],[106.9275164,42.9370368],[106.9286855,42.935975],[106.9298346,42.9350749],[106.9300395,42.9348396],[106.931064,42.93301],[106.9314617,42.9319246],[106.9313974,42.9315746],[106.9323456,42.9299243],[106.9325625,42.9295537],[106.9327031,42.9289683],[106.9328719,42.9286712],[106.9341133,42.927824],[106.934495,42.9276445],[106.9349811,42.9274945],[106.9352825,42.9272945],[106.9362274,42.9258326],[106.9396197,42.9234572],[106.940154,42.9229836],[106.9406844,42.9222599],[106.9412107,42.9213714],[106.9425913,42.9198569],[106.9427618,42.9193451],[106.9429403,42.9181842],[106.9432376,42.9176472],[106.9433702,42.9169308],[106.9438552,42.9163295],[106.944364,42.9151765],[106.9443867,42.9146907],[106.9442754,42.9136833],[106.9448364,42.9124115],[106.9449046,42.9115771],[106.9451602,42.9112089],[106.9455779,42.910722],[106.9475011,42.9090678],[106.9487568,42.9075738],[106.9497284,42.9067498],[106.9506535,42.9058407],[106.9523072,42.9047693],[106.9535509,42.904184],[106.9550094,42.902938],[106.955258,42.9022409],[106.9553063,42.901833],[106.955008,42.9005029],[106.9549035,42.8989649],[106.9548051,42.8987986],[106.9546222,42.8986412],[106.9546263,42.898441],[106.9557733,42.8964456],[106.9561736,42.8958375],[106.9562233,42.8953568],[106.9561594,42.8951216],[106.9561921,42.8947012],[106.9564662,42.8943193],[106.9577944,42.8935346],[106.9581821,42.8932564],[106.9600607,42.8916098],[106.9603391,42.891204],[106.9604471,42.8906274],[106.9612227,42.8895534],[106.9613704,42.8892516],[106.9614584,42.8887792],[106.9614897,42.8882817],[106.9616119,42.887957],[106.9618533,42.8874782],[106.9620408,42.8870161],[106.9626741,42.8853424],[106.9629392,42.8847359],[106.9633731,42.884],[106.964024,42.8832081],[106.9660484,42.8814771],[106.9662061,42.8812578],[106.9662543,42.8810436],[106.9663998,42.8799885],[106.9663485,42.8797448],[106.9664813,42.8784561],[106.9664853,42.8780174],[106.9666822,42.8770341],[106.9670896,42.8747619],[106.967162,42.8740478],[106.9670782,42.8735647],[106.9670129,42.8730359],[106.9670299,42.8726133],[106.9671512,42.8722231],[106.9671228,42.8718754],[106.9671228,42.871536],[106.9671853,42.8711592],[106.9669749,42.8693902],[106.966999,42.8690707],[106.9670693,42.8687703],[106.9670914,42.8684685],[106.9669645,42.8681247],[106.9667884,42.8674043],[106.9666975,42.8667921],[106.9664645,42.8661175],[106.9664247,42.8653013],[106.965885,42.8633856],[106.965728,42.8610323],[106.9659226,42.8604617],[106.9661757,42.8599726],[106.9676398,42.8585013],[106.9684409,42.8578942],[106.9689466,42.8574038],[106.969181,42.8568623],[106.9693288,42.8559027],[106.9695216,42.8554727],[106.9706364,42.8541436],[106.9710711,42.8536626],[106.9717415,42.8527504],[106.9720512,42.8521068],[106.9720768,42.8515986],[106.9719887,42.8510467],[106.9716734,42.8505177],[106.9705859,42.849272],[106.9704353,42.8488137],[106.9705063,42.8483743],[106.9708074,42.8474328],[106.9708785,42.8468517],[106.9709126,42.8458394],[106.9710375,42.8452646],[106.9714154,42.844521],[106.9717426,42.8434944],[106.9724244,42.8409034],[106.9725818,42.8406034],[106.9737413,42.8383386],[106.9740687,42.8379556],[106.9744966,42.8375623],[106.9748964,42.837138],[106.9758365,42.8363293],[106.9763618,42.8357976],[106.9765416,42.8355022],[106.9772406,42.8346058],[106.9774777,42.8341949],[106.9777489,42.8336365],[106.9780471,42.8328543],[106.9781134,42.8322754],[106.9782761,42.8317598],[106.9785718,42.831469],[106.9800744,42.8304634],[106.9808197,42.830101],[106.9814625,42.8297312],[106.9821495,42.8292377],[106.9828847,42.828725],[106.983176,42.8285232],[106.9836386,42.8282432],[106.9838703,42.8280788],[106.9844777,42.8275715],[106.9848393,42.8273092],[106.9854444,42.8267891],[106.9862919,42.8260761],[106.9865119,42.8258153],[106.9869512,42.8251569],[106.9870856,42.8250196]]},"properties":{"kind":"road","class":"track","name":null,"surface":"ground"}},{"type":"Feature","geometry":{"type":"LineString","coordinates":[[106.8242637,43.0518782],[106.8241282,43.0518169],[106.8239253,43.051755],[106.8236801,43.0516798],[106.8233362,43.0515622],[106.8227597,43.0513981],[106.8220573,43.051299],[106.821618,43.0512415],[106.8207365,43.0511687],[106.820147,43.0511416],[106.8194591,43.0510893]]},"properties":{"kind":"road","class":"tertiary","name":null,"surface":"asphalt"}},{"type":"Feature","geometry":{"type":"LineString","coordinates":[[106.8488046,43.016353],[106.8494416,43.0168535],[106.849887,43.0170814],[106.8503857,43.0172818],[106.8513582,43.0175409],[106.8525104,43.017793],[106.8537837,43.0179603],[106.8552482,43.0182329],[106.8559054,43.0182015],[106.8567261,43.0180682],[106.8573403,43.0178466],[106.8579707,43.0173779],[106.8583488,43.0169013],[106.8585983,43.0163228],[106.8585768,43.0159365],[106.85844,43.0157874],[106.8582416,43.015656],[106.8577722,43.0153677],[106.8574128,43.0149167],[106.8570426,43.0142557],[106.8567342,43.0135007],[106.8563693,43.013081],[106.8556505,43.0124494],[106.8550498,43.0120141],[106.8547654,43.0119043],[106.8543846,43.0118768],[106.8540734,43.0119396],[106.8537408,43.0122651],[106.8533331,43.0127515],[106.8531507,43.0129437],[106.8529791,43.0131006],[106.8527108,43.0132379],[106.8515521,43.0137439],[106.8511659,43.0139635],[106.8510211,43.0141832],[106.8509514,43.014446],[106.8510639,43.0146029],[106.8512785,43.0147598],[106.8515736,43.0148068],[106.851933,43.0147873],[106.8523353,43.014697],[106.8529522,43.0145087],[106.8537623,43.0144734],[106.8545937,43.014344],[106.8548834,43.0141518],[106.8548083,43.0138851]]},"properties":{"kind":"road","class":"service","name":null,"surface":"compacted"}},{"type":"Feature","geometry":{"type":"LineString","coordinates":[[106.8431332,42.9966243],[106.8437415,42.9968693],[106.844454,42.9971391],[106.8448751,42.9973382],[106.8457236,42.9968461],[106.8475063,42.9974717]]},"properties":{"kind":"road","class":"service","name":null,"surface":"ground"}},{"type":"Feature","geometry":{"type":"LineString","coordinates":[[106.8624638,43.0164787],[106.862686,43.0162993],[106.8630964,43.016213],[106.8637964,43.0161228],[106.8639637,43.0160607],[106.8642282,43.0160241]]},"properties":{"kind":"road","class":"service","name":null,"surface":"compacted"}},{"type":"Feature","geometry":{"type":"LineString","coordinates":[[106.8639264,43.0162645],[106.8636643,43.0162918],[106.8631902,43.0163424],[106.8627691,43.0164326],[106.8624638,43.0164787]]},"properties":{"kind":"road","class":"service","name":null,"surface":"compacted"}},{"type":"Feature","geometry":{"type":"LineString","coordinates":[[106.8607263,42.9964445],[106.8609551,42.9963854],[106.8611249,42.9963553],[106.8611973,42.9963906],[106.8612966,42.9965711],[106.8614146,42.9966692],[106.8615782,42.9966928],[106.8651912,42.9959336],[106.8667173,42.9956942],[106.8689543,42.9952705],[106.8694076,42.995141],[106.869767,42.9949821],[106.870105,42.9948349],[106.8704778,42.9944916],[106.8720603,42.9933047],[106.8735597,42.9922433],[106.8737367,42.9921276],[106.8738198,42.9919863],[106.8738359,42.9918804],[106.8740559,42.9917627],[106.8742678,42.9916744],[106.8745494,42.9916764],[106.8749008,42.9916155],[106.8777359,42.9907699],[106.8784413,42.9905443],[106.8823546,42.9894182],[106.8825182,42.9893358],[106.8826041,42.9891709],[106.8826222,42.9891096],[106.8828696,42.9890316],[106.8830882,42.9889904],[106.8832585,42.9890915],[106.8833926,42.9891131],[106.8898165,42.9872501],[106.8956315,42.9855431],[106.8967205,42.9852998],[106.8976217,42.9851585],[106.8984586,42.9850408],[106.8997729,42.984978],[106.9007385,42.985029],[106.9019347,42.9851978],[106.9027877,42.9854686],[106.9036084,42.9857864],[106.9045311,42.9864928],[106.9053948,42.9873639],[106.9057435,42.9879957],[106.9084203,42.9929751],[106.9111884,42.9980601],[106.9126636,43.0008927],[106.912905,43.0011987],[106.913082,43.0012654],[106.9132149,43.0014513]]},"properties":{"kind":"road","class":"service","name":null,"surface":"compacted"}},{"type":"Feature","geometry":{"type":"LineString","coordinates":[[106.856242,42.9971008],[106.8562768,42.9970547],[106.8565296,42.996913],[106.8567024,42.9968161],[106.8573528,42.9965497],[106.8575511,42.9964601]]},"properties":{"kind":"road","class":"service","name":null,"surface":"compacted"}},{"type":"Feature","geometry":{"type":"LineString","coordinates":[[106.8575511,42.9964601],[106.8580836,42.9962155],[106.8583985,42.9961542],[106.8587324,42.9961366],[106.8589759,42.9961595],[106.8594941,42.9962062],[106.8598706,42.996262],[106.860106,42.99642],[106.8602291,42.9964789],[106.8603685,42.9964986],[106.8607263,42.9964445]]},"properties":{"kind":"road","class":"service","name":null,"surface":"compacted"}},{"type":"Feature","geometry":{"type":"LineString","coordinates":[[106.8475063,42.9974717],[106.8491206,42.9977868],[106.8514931,42.9980838],[106.8531262,42.9983428],[106.8545862,42.9985106],[106.8548271,42.9985073],[106.8564361,42.99844],[106.8568403,42.9984087],[106.8572663,42.9983508],[106.8598187,42.997549],[106.8603605,42.9973852],[106.8607279,42.9972616],[106.8611871,42.9971276],[106.8614167,42.9970748]]},"properties":{"kind":"road","class":"service","name":null,"surface":"compacted"}},{"type":"Feature","geometry":{"type":"LineString","coordinates":[[106.8482209,42.9940904],[106.8493406,42.9941415],[106.8507105,42.9941888],[106.8514472,42.9942372],[106.8522366,42.9943979],[106.8531811,42.9946366],[106.8547182,42.9951225],[106.8560806,42.9956581],[106.8564549,42.9958137],[106.8567619,42.9959415],[106.8573005,42.9962908],[106.8575511,42.9964601]]},"properties":{"kind":"road","class":"unclassified","name":null,"surface":"compacted"}},{"type":"Feature","geometry":{"type":"LineString","coordinates":[[106.699487,43.0336234],[106.7012332,43.0314928],[106.7022763,43.0313918],[106.7036038,43.0312955],[106.7048773,43.0311735],[106.7059759,43.031081],[106.706492,43.0310484],[106.7075955,43.0309569],[106.7079034,43.0308981],[106.7080873,43.0308225],[106.7085407,43.0305925],[106.7092209,43.0303265],[106.7099054,43.0300901],[106.7102481,43.0299646],[106.7110363,43.0297201],[106.7119915,43.0294929],[106.7139864,43.0291454],[106.7143843,43.0290809],[106.7147009,43.0289068],[106.7152671,43.0285227],[106.7161195,43.0281117],[106.716543,43.0280073],[106.7169472,43.028006],[106.7181827,43.027835],[106.7184589,43.0278536],[106.7193498,43.0279978],[106.7199703,43.0281517],[106.7204984,43.0281968],[106.7210546,43.0282205],[106.7217373,43.0280992],[106.7235954,43.0271082],[106.7243526,43.02675],[106.7263976,43.0259882],[106.7286336,43.0254333],[106.7311604,43.024932],[106.7442779,43.0236329],[106.7456102,43.0234785],[106.7478043,43.023102],[106.7528503,43.0221033],[106.7611222,43.0202091],[106.7628944,43.019788],[106.765067,43.0190585],[106.769954,43.0172583],[106.7726235,43.0163496],[106.7772254,43.0149206],[106.779262,43.0144337],[106.7881003,43.0131111],[106.7889547,43.0130771],[106.7899096,43.0131163],[106.7951219,43.0134001],[106.7987877,43.0135987],[106.8012714,43.01374],[106.8029432,43.013655],[106.8038893,43.0135085],[106.8069792,43.0130378],[106.8087816,43.0127397],[106.8108235,43.0121174],[106.8121853,43.0115669],[106.8135487,43.0108485],[106.8184751,43.0078247]]},"properties":{"kind":"road","class":"unclassified","name":null,"surface":"ground"}},{"type":"Feature","geometry":{"type":"LineString","coordinates":[[106.8825155,43.0086092],[106.8944085,43.0051963],[106.9022888,43.0030151]]},"properties":{"kind":"road","class":"service","name":null,"surface":"compacted"}},{"type":"Feature","geometry":{"type":"LineString","coordinates":[[106.8796705,43.0034546],[106.8806237,43.0040164],[106.902156,42.9979786],[106.9034061,42.9969855]]},"properties":{"kind":"road","class":"service","name":null,"surface":"compacted"}},{"type":"Feature","geometry":{"type":"LineString","coordinates":[[106.8825155,43.0086092],[106.8816218,43.0070152],[106.880182,43.0044471]]},"properties":{"kind":"road","class":"service","name":null,"surface":"compacted"}},{"type":"Feature","geometry":{"type":"LineString","coordinates":[[106.9077838,43.0014459],[106.9103052,43.0061708],[106.903748,43.0080404],[106.9008565,43.0088211],[106.9005883,43.0088799],[106.9002986,43.0089152],[106.8999284,43.0089387],[106.8995422,43.0090094],[106.8863565,43.0126848],[106.8856483,43.0128731],[106.8854499,43.0129359]]},"properties":{"kind":"road","class":"service","name":null,"surface":"compacted"}},{"type":"Feature","geometry":{"type":"LineString","coordinates":[[106.901786,42.9903399],[106.9045523,42.9953785],[106.9077838,43.0014459]]},"properties":{"kind":"road","class":"service","name":null,"surface":"compacted"}},{"type":"Feature","geometry":{"type":"LineString","coordinates":[[106.895304,42.9895207],[106.8990593,42.9885177],[106.8994953,42.9884013],[106.8998466,42.9883523],[106.9001578,42.9884033],[106.9003831,42.9884622],[106.9006352,42.9885878],[106.9008551,42.9887505],[106.9010456,42.9890685],[106.901786,42.9903399]]},"properties":{"kind":"road","class":"service","name":null,"surface":"compacted"}},{"type":"Feature","geometry":{"type":"LineString","coordinates":[[106.8984775,43.0124859],[106.8991936,43.0119984],[106.8993706,43.011767],[106.8997354,43.0114296],[106.9046623,43.0090457],[106.9048957,43.0085364],[106.9049055,43.0080245]]},"properties":{"kind":"road","class":"service","name":null,"surface":"compacted"}},{"type":"Feature","geometry":{"type":"LineString","coordinates":[[106.9059974,42.989142],[106.9045786,42.9895985],[106.9044418,42.989677],[106.9043452,42.9897594],[106.9042755,42.9898595],[106.9042674,42.9900262],[106.9050356,42.9931386],[106.9050195,42.9932877],[106.904931,42.9934368],[106.904821,42.9935368],[106.9047057,42.9936172],[106.9045421,42.9936859],[106.9042417,42.9937762],[106.9022505,42.9902592],[106.901786,42.9903399]]},"properties":{"kind":"road","class":"service","name":null,"surface":"compacted"}},{"type":"Feature","geometry":{"type":"LineString","coordinates":[[106.8878076,42.9881134],[106.8883484,42.9889382],[106.8886059,42.9891364],[106.8888446,42.9892266],[106.8891075,42.9892482],[106.89395,42.9886709],[106.8945173,42.9887799],[106.8949917,42.9893209],[106.8987796,42.9881881],[106.8990593,42.9885177]]},"properties":{"kind":"road","class":"service","name":null,"surface":"compacted"}},{"type":"Feature","geometry":{"type":"LineString","coordinates":[[106.8723692,42.9982743],[106.8736803,42.9980228],[106.8740371,42.9980385],[106.8742382,42.9980718],[106.8744099,42.9981856],[106.8771133,43.0005799],[106.8781553,43.0005219],[106.8785888,43.0013557]]},"properties":{"kind":"road","class":"service","name":null,"surface":"compacted"}},{"type":"Feature","geometry":{"type":"LineString","coordinates":[[106.895304,42.9895207],[106.8840682,42.9927768],[106.8820703,42.9933558],[106.8780094,42.994576],[106.8769419,42.9949448],[106.8765128,42.9951567],[106.8762082,42.9954061],[106.8760937,42.9958176],[106.8762028,42.9960909],[106.8763829,42.9963612],[106.8783474,43.0001454],[106.8787873,43.0009633],[106.8788409,43.0011477],[106.8786961,43.0012811],[106.8785888,43.0013557],[106.8796705,43.0034546],[106.880182,43.0044471]]},"properties":{"kind":"road","class":"service","name":null,"surface":"compacted"}},{"type":"Feature","geometry":{"type":"LineString","coordinates":[[106.8816063,43.0155128],[106.8814668,43.0153559],[106.8812415,43.0151461],[106.8810752,43.0149912],[106.8809116,43.0147715],[106.8802839,43.0136321],[106.8799638,43.0131047],[106.8798763,43.0129142]]},"properties":{"kind":"road","class":"service","name":null,"surface":"ground"}},{"type":"Feature","geometry":{"type":"LineString","coordinates":[[106.860397,43.00502],[106.8641386,43.0049571],[106.8643289,43.0049532],[106.8679243,43.0048864],[106.8687075,43.004855],[106.8698716,43.0047413],[106.871953,43.0045608],[106.8731117,43.0044117],[106.8749893,43.0042862],[106.8755097,43.0042391]]},"properties":{"kind":"road","class":"service","name":null,"surface":"compacted"}},{"type":"Feature","geometry":{"type":"LineString","coordinates":[[106.8368912,42.9948271],[106.837551,42.9947212],[106.8391818,42.9946192],[106.8399757,42.9946113],[106.8407214,42.9946584],[106.8410445,42.9947561],[106.8416172,42.995141],[106.8422073,42.9961023],[106.8426526,42.9964985]]},"properties":{"kind":"road","class":"service","name":null,"surface":"ground"}},{"type":"Feature","geometry":{"type":"LineString","coordinates":[[106.8598187,42.997549],[106.8594727,42.9970086],[106.859352,42.9969164],[106.8591884,42.9968811],[106.8589979,42.9968968],[106.8564968,42.9979836],[106.8564163,42.9980238],[106.8563747,42.9980797],[106.8563721,42.9981758],[106.8564361,42.99844]]},"properties":{"kind":"road","class":"service","name":null,"surface":"compacted"}},{"type":"Feature","geometry":{"type":"LineString","coordinates":[[106.8592769,43.0091035],[106.8589121,43.0089132],[106.8583542,43.0086524],[106.8581825,43.0085386],[106.858086,43.0083719],[106.8580565,43.0081895],[106.858322,43.0073127],[106.858947,43.005516],[106.8591079,43.005165],[106.8592583,43.0051068],[106.8595692,43.0049864],[106.8599823,43.004957],[106.860397,43.00502]]},"properties":{"kind":"road","class":"service","name":null,"surface":"compacted"}},{"type":"Feature","geometry":{"type":"LineString","coordinates":[[106.860677,42.9962494],[106.8603873,42.9960179],[106.8593144,42.9953372],[106.8585983,42.9948722],[106.8584883,42.9947584],[106.8584213,42.9946172],[106.8584266,42.9944622],[106.8585125,42.9942798],[106.8587244,42.9939129],[106.8591964,42.9931713],[106.8596846,42.9925082],[106.8599313,42.9923748],[106.8627262,42.9918098]]},"properties":{"kind":"road","class":"service","name":null,"surface":"compacted"}},{"type":"Feature","geometry":{"type":"LineString","coordinates":[[106.860677,42.9962494],[106.8609551,42.9963854],[106.8614167,42.9970748],[106.8618142,42.9975893],[106.8627185,42.9988676],[106.8634417,42.999965],[106.8638417,43.0007562],[106.8641058,43.0015589],[106.8643066,43.0024192],[106.8643406,43.0032916],[106.8643289,43.0049532],[106.864327,43.0052242],[106.8642595,43.0075076],[106.8641674,43.009533],[106.8641581,43.0097366],[106.8641467,43.0102764],[106.8641175,43.0116591],[106.8642282,43.0160241],[106.8641102,43.0161522],[106.8639264,43.0162645]]},"properties":{"kind":"road","class":"service","name":null,"surface":"compacted"}},{"type":"Feature","geometry":{"type":"LineString","coordinates":[[106.8639637,43.0160607],[106.8640041,43.0158561],[106.8639271,43.0116594],[106.8639562,43.0102783],[106.8639677,43.0097332],[106.8639856,43.0093407],[106.8640691,43.0075038],[106.8641367,43.0052223],[106.8641386,43.0049571],[106.8641502,43.0032932],[106.8641167,43.002433],[106.8639192,43.0015869],[106.8636592,43.0007968],[106.8632662,43.0000195],[106.862548,42.9989296],[106.8616144,42.9976997],[106.8611871,42.9971276],[106.8607263,42.9964445],[106.860677,42.9962494]]},"properties":{"kind":"road","class":"service","name":null,"surface":"compacted"}},{"type":"Feature","geometry":{"type":"LineString","coordinates":[[106.860106,42.99642],[106.8600064,42.9965162],[106.8598562,42.9965613]]},"properties":{"kind":"road","class":"service","name":null,"surface":"compacted"}},{"type":"Feature","geometry":{"type":"LineString","coordinates":[[106.853631,42.9972714],[106.8538347,42.9971891],[106.8546956,42.9968163],[106.8548861,42.9967555],[106.8550041,42.9967948],[106.8551195,42.9969105],[106.8551919,42.9970282],[106.8551221,42.9970851],[106.8549237,42.9971871],[106.8541118,42.9975581]]},"properties":{"kind":"road","class":"service","name":null,"surface":"compacted"}},{"type":"Feature","geometry":{"type":"LineString","coordinates":[[106.8541152,42.9978879],[106.8542995,42.9978054],[106.8552992,42.997293],[106.8554816,42.9973029],[106.8556398,42.9974009],[106.8557337,42.9975441],[106.8557149,42.9976383],[106.8555861,42.9977266],[106.8550417,42.9979404],[106.854795,42.9980561],[106.8547091,42.9981268],[106.8546928,42.9983128]]},"properties":{"kind":"road","class":"service","name":null,"surface":"compacted"}},{"type":"Feature","geometry":{"type":"LineString","coordinates":[[106.8545862,42.9985106],[106.8541152,42.9978879],[106.853631,42.9972714],[106.8534163,42.9969929],[106.8534109,42.9968438],[106.8534753,42.9967065],[106.8536335,42.9966143],[106.8548673,42.9960768],[106.8550014,42.9960199],[106.8551597,42.9959492],[106.8554682,42.9957864],[106.8555808,42.9958198],[106.8556586,42.9959453],[106.8554762,42.996067],[106.8552321,42.9961768],[106.8541619,42.9967222],[106.8538964,42.996832],[106.8537891,42.9969439],[106.853773,42.99704],[106.8538347,42.9971891],[106.8541118,42.9975581],[106.8542995,42.9978054],[106.8546928,42.9983128],[106.8548271,42.9985073]]},"properties":{"kind":"road","class":"service","name":null,"surface":"compacted"}},{"type":"Feature","geometry":{"type":"LineString","coordinates":[[106.8570308,42.9972327],[106.8573216,42.9971282],[106.8573993,42.9971321],[106.857453,42.9971537],[106.857512,42.9972538],[106.8574879,42.9972891],[106.8574074,42.9973283],[106.8571633,42.9974166],[106.8569532,42.9974997],[106.8567663,42.9975736],[106.8566644,42.9975834],[106.8565624,42.997556],[106.8564981,42.9974991],[106.8562473,42.9971478],[106.856242,42.9971008]]},"properties":{"kind":"road","class":"service","name":null,"surface":"compacted"}},{"type":"Feature","geometry":{"type":"LineString","coordinates":[[106.8567024,42.9968161],[106.8570308,42.9972327],[106.8571633,42.9974166]]},"properties":{"kind":"road","class":"service","name":null,"surface":"compacted"}},{"type":"Feature","geometry":{"type":"LineString","coordinates":[[106.8573528,42.9965497],[106.8574262,42.9967712],[106.8575093,42.996837],[106.8575897,42.9968644],[106.8576622,42.9968487],[106.8577413,42.9968183],[106.8577936,42.9967663],[106.8577922,42.9966976],[106.8577011,42.9965535],[106.8575511,42.9964601]]},"properties":{"kind":"road","class":"service","name":null,"surface":"compacted"}},{"type":"Feature","geometry":{"type":"LineString","coordinates":[[106.8564549,42.9958137],[106.8558759,42.9962307],[106.8558155,42.9963249],[106.8557941,42.9964024],[106.8557981,42.996473],[106.855849,42.9966535]]},"properties":{"kind":"road","class":"service","name":null,"surface":"compacted"}},{"type":"Feature","geometry":{"type":"LineString","coordinates":[[106.860397,43.00502],[106.8600145,43.0051061],[106.8596283,43.0051669],[106.8593922,43.0052356],[106.8592527,43.0053964],[106.859167,43.0056613],[106.8585634,43.0074187],[106.8582657,43.0082816],[106.8582845,43.0084405],[106.8585473,43.0086073],[106.8589845,43.008823],[106.8592769,43.0091035]]},"properties":{"kind":"road","class":"service","name":null,"surface":"compacted"}},{"type":"Feature","geometry":{"type":"LineString","coordinates":[[106.8636117,42.9969748],[106.8627048,42.9972833],[106.8618142,42.9975893],[106.8616144,42.9976997],[106.8610696,42.9978751],[106.8603417,42.9980817],[106.8600708,42.9981758],[106.8598938,42.9982464],[106.8594915,42.9983465],[106.8590623,42.9985603],[106.8580028,42.9989193],[106.8570024,42.9991547],[106.8560529,42.9993175],[106.8546528,42.9996235],[106.8541055,42.999653],[106.8535611,42.9997354]]},"properties":{"kind":"road","class":"service","name":null,"surface":"compacted"}},{"type":"Feature","geometry":{"type":"LineString","coordinates":[[106.8984775,43.0124859],[106.8946016,43.0137086],[106.8914151,43.0147441],[106.8902349,43.0148931],[106.8893348,43.0150996]]},"properties":{"kind":"road","class":"service","name":null,"surface":"ground"}},{"type":"Feature","geometry":{"type":"LineString","coordinates":[[106.9136292,43.0031799],[106.9145948,43.0054082],[106.9145679,43.006279],[106.9145411,43.0065929],[106.914466,43.00684],[106.914289,43.0070989],[106.9140691,43.0073382],[106.9129643,43.0091055],[106.9127571,43.0097158],[106.9134307,43.0110295]]},"properties":{"kind":"road","class":"service","name":null,"surface":"compacted"}},{"type":"Feature","geometry":{"type":"LineString","coordinates":[[106.8755097,43.0042391],[106.8734819,43.0004887],[106.8723692,42.9982743],[106.8717444,42.9972421],[106.870628,42.9952861],[106.8702686,42.9949918]]},"properties":{"kind":"road","class":"service","name":null,"surface":"compacted"}},{"type":"Feature","geometry":{"type":"LineString","coordinates":[[106.8798763,43.0129142],[106.8783045,43.0095899],[106.8765289,43.0061104],[106.8762842,43.0056612],[106.8755097,43.0042391]]},"properties":{"kind":"road","class":"service","name":null,"surface":"compacted"}},{"type":"Feature","geometry":{"type":"LineString","coordinates":[[106.9059974,42.989142],[106.912803,43.0015597],[106.9136292,43.0031799]]},"properties":{"kind":"road","class":"service","name":null,"surface":"compacted"}},{"type":"Feature","geometry":{"type":"LineString","coordinates":[[106.8878076,42.9881134],[106.8946177,42.9860572],[106.8964255,42.9856295],[106.8973884,42.9854215],[106.8981421,42.9853234],[106.8990219,42.9852606],[106.8999606,42.9852331],[106.9008779,42.9853155],[106.9014305,42.9854136],[106.9022303,42.9855697],[106.9030988,42.9858335],[106.903941,42.9863633],[106.9043916,42.9867282],[106.9049603,42.9873129],[106.9059974,42.989142]]},"properties":{"kind":"road","class":"service","name":null,"surface":"compacted"}},{"type":"Feature","geometry":{"type":"LineString","coordinates":[[106.8770814,42.9912408],[106.8796456,42.9905031],[106.8817645,42.9898635],[106.8830681,42.9894829],[106.8878076,42.9881134]]},"properties":{"kind":"road","class":"service","name":null,"surface":"compacted"}},{"type":"Feature","geometry":{"type":"LineString","coordinates":[[106.8636117,42.9969748],[106.8648076,42.9965182],[106.8668513,42.9959604],[106.8683803,42.9956118],[106.8692976,42.9953646],[106.8696302,42.9952391],[106.8702686,42.9949918],[106.8732458,42.9927672],[106.8741256,42.9921982],[106.8743237,42.9921209],[106.875,42.9918569],[106.8755847,42.9916803],[106.8770814,42.9912408]]},"properties":{"kind":"road","class":"service","name":null,"surface":"compacted"}},{"type":"Feature","geometry":{"type":"LineString","coordinates":[[106.8353878,43.0220225],[106.8351799,43.0223628],[106.8350968,43.0226078],[106.8351263,43.0228137],[106.8351933,43.0230765],[106.8351263,43.0231628],[106.8345684,43.0238629],[106.8340105,43.0240158]]},"properties":{"kind":"road","class":"service","name":null,"surface":"compacted"}},{"type":"Feature","geometry":{"type":"LineString","coordinates":[[106.8363977,43.0233079],[106.8365103,43.0233491],[106.8365559,43.0234119],[106.8365398,43.0234864],[106.8356332,43.024457],[106.835601,43.024555],[106.8356439,43.0246315],[106.8358102,43.0247452],[106.8360034,43.024857]]},"properties":{"kind":"road","class":"service","name":null,"surface":"compacted"}},{"type":"Feature","geometry":{"type":"LineString","coordinates":[[106.836439,43.024891],[106.8360034,43.024857]]},"properties":{"kind":"road","class":"service","name":null,"surface":"compacted"}},{"type":"Feature","geometry":{"type":"LineString","coordinates":[[106.8360034,43.024857],[106.8362063,43.0251025]]},"properties":{"kind":"road","class":"service","name":null,"surface":"compacted"}},{"type":"Feature","geometry":{"type":"LineString","coordinates":[[106.8360034,43.024857],[106.8357673,43.0248315],[106.8354857,43.0246903],[106.8353006,43.0244923],[106.8352926,43.0244119],[106.8353489,43.0243119],[106.8361751,43.0233746],[106.8362877,43.0233197],[106.8363977,43.0233079]]},"properties":{"kind":"road","class":"service","name":null,"surface":"compacted"}},{"type":"Feature","geometry":{"type":"LineString","coordinates":[[106.8378085,43.0239883],[106.8380499,43.0241531],[106.8381626,43.0242825],[106.8382376,43.0245099],[106.8382778,43.024708],[106.8382967,43.0249805],[106.8382323,43.025155],[106.8381143,43.0252589],[106.8380553,43.0253864],[106.8379963,43.0254295],[106.8379051,43.0254237],[106.8374625,43.0252629],[106.8366725,43.0247769]]},"properties":{"kind":"road","class":"service","name":null,"surface":"compacted"}},{"type":"Feature","geometry":{"type":"LineString","coordinates":[[106.8376174,43.0240515],[106.8371004,43.0238315],[106.8368643,43.0237903],[106.8366283,43.0238491],[106.8364191,43.0239687],[106.8362582,43.0241354]]},"properties":{"kind":"road","class":"service","name":null,"surface":"compacted"}},{"type":"Feature","geometry":{"type":"LineString","coordinates":[[106.8284261,43.0265472],[106.8268919,43.0277668],[106.8267686,43.0277962],[106.8266451,43.027761],[106.8266156,43.0276884],[106.8265915,43.0274551]]},"properties":{"kind":"road","class":"service","name":null,"surface":null}},{"type":"Feature","geometry":{"type":"LineString","coordinates":[[106.8291852,43.0250236],[106.8293246,43.0249747],[106.829676,43.025004],[106.8298369,43.0249511],[106.8299577,43.0248649],[106.8301307,43.0247208],[106.8313054,43.0238873]]},"properties":{"kind":"road","class":"service","name":null,"surface":"compacted"}},{"type":"Feature","geometry":{"type":"LineString","coordinates":[[106.828591,43.0255122],[106.8286112,43.0254041],[106.8288446,43.0250119],[106.8289264,43.0249306],[106.8290336,43.0249178],[106.8291369,43.0249452],[106.8291852,43.0250236]]},"properties":{"kind":"road","class":"service","name":null,"surface":null}},{"type":"Feature","geometry":{"type":"LineString","coordinates":[[106.8291852,43.0250236],[106.8291181,43.025107],[106.8287822,43.0255643]]},"properties":{"kind":"road","class":"service","name":null,"surface":null}},{"type":"Feature","geometry":{"type":"LineString","coordinates":[[106.8351102,43.0146088],[106.8340627,43.0144795],[106.8336994,43.0146087],[106.8332581,43.015977],[106.8329844,43.0171683],[106.8328825,43.0175292],[106.8326052,43.0179529],[106.8321522,43.0184493],[106.8318435,43.0187906],[106.8316648,43.0189882],[106.8309306,43.0198983],[106.8307931,43.0200687],[106.8303452,43.0205812]]},"properties":{"kind":"road","class":"service","name":null,"surface":"compacted"}},{"type":"Feature","geometry":{"type":"LineString","coordinates":[[106.8303452,43.0205812],[106.8301078,43.0206018]]},"properties":{"kind":"road","class":"service","name":null,"surface":"compacted"}},{"type":"Feature","geometry":{"type":"LineString","coordinates":[[106.8305102,43.0101528],[106.8331012,43.0101175],[106.8350928,43.0101038],[106.8355152,43.0101557],[106.8356791,43.010256],[106.8357258,43.0103195]]},"properties":{"kind":"road","class":"service","name":null,"surface":"compacted"}},{"type":"Feature","geometry":{"type":"LineString","coordinates":[[106.83588,43.0102489],[106.8356791,43.010256],[106.8354348,43.0102646],[106.8330717,43.0102195],[106.830529,43.010345],[106.8302286,43.0105156],[106.830191,43.0107667],[106.8299657,43.010802],[106.8296868,43.0107314],[106.8296385,43.010598],[106.8296814,43.0104097],[106.8299818,43.0102489],[106.8305102,43.0101528]]},"properties":{"kind":"road","class":"service","name":null,"surface":"compacted"}},{"type":"Feature","geometry":{"type":"LineString","coordinates":[[106.8303452,43.0205812],[106.8303868,43.0206489],[106.8305424,43.0207116],[106.8307114,43.0208195],[106.8308052,43.0209352],[106.8307489,43.0210744],[106.8306202,43.021247],[106.8303895,43.0214587],[106.8302661,43.0214784],[106.8301427,43.0214509],[106.829908,43.0213044]]},"properties":{"kind":"road","class":"service","name":null,"surface":"compacted"}},{"type":"Feature","geometry":{"type":"LineString","coordinates":[[106.8301078,43.0206018],[106.8298396,43.0205979],[106.8296707,43.0205606],[106.8295071,43.0205606],[106.8292737,43.0205999],[106.8287668,43.0208979],[106.8282437,43.0211548],[106.8280157,43.0211901],[106.827777,43.0211509],[106.82749,43.0210274],[106.8271467,43.020792],[106.8264091,43.0203312]]},"properties":{"kind":"road","class":"service","name":null,"surface":null}},{"type":"Feature","geometry":{"type":"LineString","coordinates":[[106.8262428,43.0256041],[106.8267041,43.0249413],[106.8267846,43.0247865],[106.826916,43.0245982],[106.8272459,43.0241295],[106.8280077,43.0229354],[106.8286863,43.0220941],[106.8295634,43.0209411],[106.8296573,43.0208195],[106.8297565,43.020745],[106.8298638,43.0207136],[106.8299684,43.0206901],[106.8301078,43.0206018]]},"properties":{"kind":"road","class":"service","name":null,"surface":"compacted"}},{"type":"Feature","geometry":{"type":"LineString","coordinates":[[106.822898,43.022965],[106.8230376,43.022955],[106.8254059,43.0240942],[106.8267846,43.0247865],[106.8272436,43.0249709],[106.8279977,43.0252739],[106.828591,43.0255122]]},"properties":{"kind":"road","class":"service","name":null,"surface":"compacted"}},{"type":"Feature","geometry":{"type":"LineString","coordinates":[[106.8480384,43.0158404],[106.8459946,43.0171327],[106.8456298,43.0175132],[106.8454635,43.0180191],[106.8454903,43.0186977],[106.8456352,43.0189761],[106.8458068,43.0191801],[106.846118,43.019286],[106.8463969,43.019337],[106.8466812,43.0192703]]},"properties":{"kind":"road","class":"service","name":null,"surface":null}},{"type":"Feature","geometry":{"type":"LineString","coordinates":[[106.8799638,43.0131047],[106.8795785,43.0132575],[106.879093,43.0134752],[106.8779424,43.0140988],[106.8771055,43.0145323],[106.8766522,43.0147107],[106.8758932,43.0148245],[106.8705314,43.0154913],[106.8669909,43.0158776],[106.8639264,43.0162645]]},"properties":{"kind":"road","class":"service","name":null,"surface":"compacted"}},{"type":"Feature","geometry":{"type":"LineString","coordinates":[[106.8642282,43.0160241],[106.8673477,43.0157109],[106.8704778,43.0153403],[106.8758288,43.0146852],[106.8765851,43.0145647],[106.8769875,43.0144087],[106.8779236,43.0139792],[106.8789992,43.0133751],[106.8795651,43.0130692],[106.8798763,43.0129142]]},"properties":{"kind":"road","class":"service","name":null,"surface":"compacted"}},{"type":"Feature","geometry":{"type":"LineString","coordinates":[[106.8639856,43.0093407],[106.8641674,43.009533],[106.8642631,43.0095781],[106.8646145,43.0095879],[106.8655184,43.0095683],[106.8676868,43.0095193],[106.8727237,43.0098113],[106.8740689,43.010046],[106.8745785,43.0104021],[106.8749183,43.0112385],[106.8746578,43.0115532],[106.8715433,43.0116608]]},"properties":{"kind":"road","class":"service","name":null,"surface":"compacted"}},{"type":"Feature","geometry":{"type":"LineString","coordinates":[[106.8774649,43.0165837],[106.8777707,43.0185643]]},"properties":{"kind":"road","class":"service","name":null,"surface":"compacted"}},{"type":"Feature","geometry":{"type":"LineString","coordinates":[[106.8775682,43.018479],[106.8764189,43.0169406]]},"properties":{"kind":"road","class":"service","name":null,"surface":"compacted"}},{"type":"Feature","geometry":{"type":"LineString","coordinates":[[106.8764577,43.0153393],[106.8762928,43.0153638],[106.8761533,43.0153854],[106.8747667,43.0158913],[106.8746621,43.0160345],[106.8746433,43.0161796],[106.8747238,43.0163424],[106.8751985,43.0168366],[106.8755364,43.0173308],[106.8761962,43.0181427],[106.8763787,43.0182741],[106.8765235,43.0183545],[106.8767917,43.0184467],[106.8770626,43.0185075],[106.877245,43.0185094],[106.8774998,43.0184839],[106.8775682,43.018479],[106.8776393,43.0184859],[106.8777117,43.0185094],[106.8777707,43.0185643],[106.8778163,43.0190271]]},"properties":{"kind":"road","class":"service","name":null,"surface":"compacted"}},{"type":"Feature","geometry":{"type":"LineString","coordinates":[[106.8778163,43.0190271],[106.8778378,43.0192314],[106.8779021,43.0198429],[106.878283,43.0225569],[106.8782508,43.0229451],[106.8781972,43.0232433],[106.8778646,43.0243452],[106.8777734,43.0245884]]},"properties":{"kind":"road","class":"unclassified","name":null,"surface":"compacted"}},{"type":"Feature","geometry":{"type":"LineString","coordinates":[[106.8784168,43.0169967],[106.8783995,43.017095],[106.8785351,43.0172877],[106.8785834,43.0174112],[106.8785781,43.0175936],[106.8784466,43.0186349],[106.8783688,43.0187624],[106.8782642,43.0188703],[106.8781248,43.018931],[106.8778163,43.0190271]]},"properties":{"kind":"road","class":"service","name":null,"surface":"compacted"}},{"type":"Feature","geometry":{"type":"LineString","coordinates":[[106.8618259,43.0314656],[106.8620181,43.0313333],[106.8638205,43.0295492],[106.8643409,43.0291531],[106.8661755,43.0277806],[106.8665779,43.0275139],[106.8669212,43.0273727],[106.8672806,43.0272904],[106.868096,43.0271453],[106.8691206,43.0268943],[106.8702686,43.0265492],[106.8705368,43.0264237],[106.8707406,43.026259],[106.870982,43.0260316],[106.8719798,43.0249531],[106.8720951,43.0248767],[106.8722426,43.0248276],[106.8725109,43.0247687],[106.8729562,43.0247177],[106.875472,43.0245688],[106.8765449,43.0245217],[106.8772852,43.0245335],[106.8777734,43.0245884]]},"properties":{"kind":"road","class":"unclassified","name":null,"surface":"compacted"}},{"type":"Feature","geometry":{"type":"LineString","coordinates":[[106.8607043,43.0324214],[106.8602773,43.0324137],[106.8601701,43.0323784],[106.8600976,43.032249],[106.8600842,43.0320686],[106.860095,43.0317627]]},"properties":{"kind":"road","class":"service","name":null,"surface":null}},{"type":"Feature","geometry":{"type":"LineString","coordinates":[[106.8597151,43.0314635],[106.860095,43.0317627],[106.8603203,43.0318686],[106.8604758,43.0319235],[106.8606609,43.0320451],[106.8607306,43.0322],[106.8607043,43.0324214],[106.8606958,43.0329156],[106.8607736,43.033094],[106.8608862,43.0334724],[106.8608326,43.0335292],[106.8607252,43.0336038],[106.8607575,43.0338233],[106.8607065,43.0340978],[106.8606797,43.0342135],[106.8606099,43.0342703],[106.8604866,43.0342919]]},"properties":{"kind":"road","class":"service","name":null,"surface":null}},{"type":"Feature","geometry":{"type":"LineString","coordinates":[[106.8586205,43.0322553],[106.8591401,43.0326783],[106.8591835,43.0327059],[106.8592849,43.0327705],[106.8594137,43.0328724],[106.8594941,43.0329626],[106.8598562,43.0334489],[106.859985,43.0335488],[106.8601218,43.0336214],[106.8604946,43.033639],[106.8607252,43.0336038]]},"properties":{"kind":"road","class":"service","name":null,"surface":null}},{"type":"Feature","geometry":{"type":"LineString","coordinates":[[106.8543025,43.0333562],[106.8544489,43.0334508],[106.8545991,43.0335018],[106.8547788,43.0335371],[106.8548915,43.033539],[106.8556935,43.0335175],[106.8558168,43.0335508],[106.8560529,43.0337214],[106.8561441,43.0338174],[106.8562111,43.0339684],[106.8562943,43.0340841],[106.8562943,43.0342743],[106.8563238,43.0343056],[106.8567073,43.0342978],[106.8569246,43.0342801],[106.8570802,43.0341939],[106.8572008,43.0341762],[106.8576917,43.034184],[106.8581369,43.0341527],[106.8583301,43.0342115],[106.8585232,43.0343429],[106.8587053,43.0345919],[106.8588129,43.034735],[106.8588852,43.034786],[106.8592206,43.0349938],[106.8601861,43.0349957],[106.8603819,43.0349839],[106.8604221,43.0347742],[106.8595156,43.0347644],[106.8588852,43.034786]]},"properties":{"kind":"road","class":"service","name":null,"surface":"compacted"}},{"type":"Feature","geometry":{"type":"LineString","coordinates":[[106.8578279,43.0328308],[106.8579519,43.0331391],[106.8580082,43.0333331],[106.8580592,43.033743],[106.8581369,43.0341527]]},"properties":{"kind":"road","class":"service","name":null,"surface":"compacted"}},{"type":"Feature","geometry":{"type":"LineString","coordinates":[[106.8578258,43.0331685],[106.8579519,43.0331391]]},"properties":{"kind":"road","class":"service","name":null,"surface":"compacted"}},{"type":"Feature","geometry":{"type":"LineString","coordinates":[[106.8569892,43.0329096],[106.8571043,43.0330528],[106.8571499,43.0331763],[106.8571848,43.0332352],[106.8572974,43.0332548],[106.8577534,43.0332018],[106.8578258,43.0331685],[106.857807,43.0331097],[106.8577293,43.0330665],[106.8576139,43.0330509],[106.8572142,43.0330665],[106.8571043,43.0330528]]},"properties":{"kind":"road","class":"service","name":null,"surface":"compacted"}},{"type":"Feature","geometry":{"type":"LineString","coordinates":[[106.8557849,43.0328737],[106.8559878,43.0330932],[106.8560529,43.0331783],[106.8561521,43.0332312],[106.8563104,43.0332508],[106.8568173,43.0332469],[106.8568924,43.0332077],[106.8569098,43.0331734],[106.8569031,43.0330959],[106.8568401,43.0330616],[106.8567529,43.0330509],[106.8563908,43.0330626],[106.8561541,43.0330716],[106.8560797,43.0330626],[106.8559269,43.032878]]},"properties":{"kind":"road","class":"service","name":null,"surface":"compacted"}},{"type":"Feature","geometry":{"type":"LineString","coordinates":[[106.8531212,43.0365563],[106.851992,43.0366935],[106.8515092,43.0367092],[106.8508547,43.0367131],[106.8502647,43.0367288],[106.8496612,43.036766]]},"properties":{"kind":"road","class":"service","name":null,"surface":null}},{"type":"Feature","geometry":{"type":"LineString","coordinates":[[106.8352533,43.026373],[106.8358725,43.0266162],[106.8366096,43.0269158],[106.8367276,43.0269099],[106.8368885,43.0268413],[106.8371701,43.026506],[106.837154,43.0263727],[106.8370307,43.0262178],[106.8365961,43.0260472],[106.8363628,43.0260864],[106.8362233,43.0261962],[106.8358725,43.0266162]]},"properties":{"kind":"road","class":"service","name":null,"surface":"compacted"}},{"type":"Feature","geometry":{"type":"LineString","coordinates":[[106.8343881,43.0246448],[106.8341392,43.0249668],[106.8336913,43.0254747],[106.8333963,43.0258668],[106.833348,43.0261276],[106.833348,43.0262159],[106.8334982,43.0262825],[106.8338495,43.0262963],[106.8341151,43.0262061],[106.8342143,43.0260904],[106.8342251,43.0258512],[106.8341044,43.0254119],[106.8340936,43.0251825],[106.8341928,43.0249884],[106.8344277,43.024664]]},"properties":{"kind":"road","class":"service","name":null,"surface":"compacted"}},{"type":"Feature","geometry":{"type":"LineString","coordinates":[[106.8325742,43.0302546],[106.8315568,43.0298415]]},"properties":{"kind":"road","class":"service","name":null,"surface":null}},{"type":"Feature","geometry":{"type":"LineString","coordinates":[[106.8307971,43.031702],[106.8314369,43.0309304],[106.8315992,43.0307608],[106.8317856,43.0305099],[106.8317923,43.0304364],[106.8316823,43.0303177],[106.8315254,43.0302373],[106.8314463,43.0301266],[106.8314476,43.030004],[106.8315568,43.0298415],[106.8319532,43.0291825]]},"properties":{"kind":"road","class":"service","name":null,"surface":null}},{"type":"Feature","geometry":{"type":"LineString","coordinates":[[106.8292507,43.0289786],[106.8305655,43.0294781],[106.8308053,43.0295315],[106.8309152,43.0296119],[106.8309125,43.0297079],[106.8307516,43.0299452],[106.8305746,43.0298903],[106.8306845,43.0296923],[106.8306792,43.0295746],[106.8305655,43.0294781]]},"properties":{"kind":"road","class":"service","name":null,"surface":"compacted"}},{"type":"Feature","geometry":{"type":"LineString","coordinates":[[106.8288008,43.0296257],[106.8273988,43.0292825],[106.8273156,43.0293256]]},"properties":{"kind":"road","class":"service","name":null,"surface":"compacted"}},{"type":"Feature","geometry":{"type":"LineString","coordinates":[[106.8273156,43.0293256],[106.8272137,43.0295667],[106.8271011,43.0295844],[106.8269858,43.0295079],[106.8264735,43.0295158],[106.8263742,43.0294982],[106.8262991,43.0294354],[106.8262723,43.0293354],[106.8263152,43.0280884],[106.8266451,43.027761]]},"properties":{"kind":"road","class":"service","name":null,"surface":null}},{"type":"Feature","geometry":{"type":"LineString","coordinates":[[106.842922,43.0418808],[106.8447512,43.0417478],[106.8451041,43.0417709],[106.8455601,43.0417729],[106.8460348,43.0418317],[106.8465364,43.0419199],[106.8494546,43.0423081]]},"properties":{"kind":"road","class":"service","name":null,"surface":null}},{"type":"Feature","geometry":{"type":"LineString","coordinates":[[106.8430857,43.0426804],[106.8430119,43.0427197],[106.8429074,43.0427354],[106.8427384,43.0427178],[106.8425614,43.0426786]]},"properties":{"kind":"road","class":"service","name":null,"surface":null}},{"type":"Feature","geometry":{"type":"LineString","coordinates":[[106.8394232,43.037019],[106.8395144,43.0371601],[106.8396592,43.0372875],[106.8398148,43.0373444],[106.8401179,43.0374052],[106.8402547,43.0374699],[106.8403754,43.037562],[106.8404075,43.0376424],[106.8404478,43.0380541],[106.8404853,43.0381443],[106.8405631,43.0382246],[106.8406194,43.0382628],[106.8404585,43.0386402],[106.8403633,43.0388235],[106.8401461,43.0389872],[106.8400065,43.0390765],[106.8398792,43.0391577],[106.8398402,43.0392892],[106.8398376,43.0395185],[106.8398778,43.0401419],[106.8399167,43.0402262],[106.8400039,43.0402586],[106.8401286,43.0402664],[106.8403137,43.0403389],[106.8405752,43.0403614],[106.8406435,43.0403458],[106.8406999,43.0403144],[106.8407415,43.0401164],[106.8407482,43.0400733],[106.840822,43.0400536],[106.8410647,43.0400576],[106.841911,43.0400788]]},"properties":{"kind":"road","class":"service","name":null,"surface":"compacted"}},{"type":"Feature","geometry":{"type":"LineString","coordinates":[[106.8420069,43.0346607],[106.8419632,43.0352506],[106.8419479,43.0356952],[106.8419472,43.0357153],[106.8419659,43.0359407],[106.8420652,43.036074],[106.8421322,43.0362367],[106.8421054,43.03647],[106.8421724,43.0370131],[106.8421242,43.0372287],[106.8419069,43.0374522],[106.8417406,43.0375287],[106.8415877,43.0375385],[106.8412659,43.0375032],[106.8411049,43.0374405],[106.8409896,43.0373483],[106.8409681,43.0372562],[106.8409654,43.0369366],[106.8409064,43.0365524],[106.8409869,43.0361936],[106.8410647,43.0361289],[106.8412685,43.0360917],[106.8414804,43.0360701],[106.8416682,43.0359544],[106.8419479,43.0356952]]},"properties":{"kind":"road","class":"service","name":null,"surface":"compacted"}},{"type":"Feature","geometry":{"type":"LineString","coordinates":[[106.8755364,43.0173308],[106.8752521,43.0171955],[106.8750215,43.0171837],[106.8747452,43.0172112],[106.8726021,43.0180701],[106.8669534,43.0202783],[106.8592608,43.0232511],[106.855334,43.0247491],[106.8527484,43.0258119],[106.8493903,43.0271061],[106.8490362,43.0273178],[106.8471211,43.0284924],[106.846979,43.0285943],[106.8416977,43.0318667],[106.8394929,43.0332391],[106.839407,43.0333508],[106.839407,43.0334547],[106.8394715,43.0335214],[106.8396458,43.0335979],[106.8409332,43.0341625],[106.8410701,43.0341978],[106.8412256,43.0342194],[106.8414187,43.0342076],[106.8420061,43.0341703],[106.8422931,43.0341801],[106.8424541,43.0341997],[106.8425882,43.0342488],[106.842733,43.0343644],[106.8428431,43.034539]]},"properties":{"kind":"road","class":"unclassified","name":null,"surface":"compacted"}},{"type":"Feature","geometry":{"type":"LineString","coordinates":[[106.8429772,43.034539],[106.8429879,43.0348507],[106.843024,43.0359055],[106.8430764,43.0367641],[106.8430618,43.0370016],[106.8429878,43.0375071],[106.8430469,43.0376345],[106.8431729,43.0377012],[106.8434733,43.0377031],[106.8442015,43.0377296],[106.8444228,43.0376992],[106.8444604,43.0378012],[106.8444711,43.0378629],[106.8444738,43.0384423],[106.8444778,43.0385864],[106.8445315,43.0386893],[106.8446213,43.0387844],[106.8449606,43.0390568],[106.8452275,43.0394891],[106.8453053,43.0396185],[106.8454099,43.0397361],[106.8455762,43.0398224],[106.8457934,43.0398439],[106.8464452,43.0398302],[106.8466329,43.0397577],[106.8467698,43.0396851],[106.8469656,43.0396597],[106.8472167,43.0395997]]},"properties":{"kind":"road","class":"service","name":null,"surface":"compacted"}},{"type":"Feature","geometry":{"type":"LineString","coordinates":[[106.833365,43.043546],[106.8333426,43.0424551],[106.833348,43.0418749],[106.8334392,43.0417219],[106.8335867,43.0416514],[106.8338281,43.0416357],[106.8357003,43.04162],[106.8358371,43.0415729],[106.8359712,43.0414906],[106.836049,43.0413436],[106.8360249,43.0409241],[106.8360517,43.0408241],[106.8361911,43.0407418],[106.8364674,43.040679],[106.8366766,43.0405163],[106.8369717,43.0404477]]},"properties":{"kind":"road","class":"service","name":null,"surface":"compacted"}},{"type":"Feature","geometry":{"type":"LineString","coordinates":[[106.8655024,43.0369768],[106.8647593,43.0370464],[106.8633351,43.037166],[106.859765,43.0373914],[106.8571338,43.0375698],[106.8533496,43.0378695]]},"properties":{"kind":"road","class":"unclassified","name":null,"surface":"compacted"}},{"type":"Feature","geometry":{"type":"LineString","coordinates":[[106.8406194,43.0382628],[106.8408957,43.0383345],[106.8410995,43.038404],[106.8412243,43.0384991],[106.8412833,43.0385501],[106.8414509,43.0385902],[106.8416468,43.0385844],[106.8418009,43.0385392],[106.8419552,43.0384128],[106.8420866,43.0383236],[106.842269,43.0382864],[106.8425251,43.0383256]]},"properties":{"kind":"road","class":"service","name":null,"surface":"compacted"}},{"type":"Feature","geometry":{"type":"LineString","coordinates":[[106.8444228,43.0376992],[106.8446052,43.0375757],[106.8447179,43.0375228],[106.8448707,43.0375169],[106.845096,43.0375071],[106.8451899,43.0374816],[106.8452489,43.0373914],[106.8452945,43.0367739],[106.8453803,43.0365445],[106.8454501,43.0363622],[106.8455735,43.0361426],[106.8456218,43.0360779],[106.8457371,43.0360485],[106.8463835,43.0360289],[106.8464291,43.0359858],[106.8464479,43.0358721],[106.846413,43.0352467],[106.8463106,43.0344905],[106.8462199,43.0337586],[106.846177,43.0336096],[106.8460965,43.0335469],[106.8459839,43.0335528],[106.8439749,43.0335351],[106.8439373,43.0335567],[106.8439534,43.0336998],[106.8440634,43.033841]]},"properties":{"kind":"road","class":"service","name":null,"surface":"compacted"}},{"type":"Feature","geometry":{"type":"LineString","coordinates":[[106.8495828,43.0341087],[106.8496411,43.0360858],[106.8496495,43.0363699],[106.8496612,43.036766],[106.8496835,43.0375541],[106.8496873,43.0376873],[106.8497041,43.0382816],[106.8497155,43.0386833],[106.8497333,43.0393128],[106.8497387,43.0395028],[106.8497444,43.0397028],[106.8498033,43.0414181]]},"properties":{"kind":"road","class":"service","name":null,"surface":"compacted"}},{"type":"Feature","geometry":{"type":"LineString","coordinates":[[106.8471935,43.0414142],[106.8471614,43.0411515],[106.8471533,43.0409495],[106.8470273,43.0405202],[106.8470191,43.040268]]},"properties":{"kind":"road","class":"service","name":null,"surface":"compacted"}},{"type":"Feature","geometry":{"type":"LineString","coordinates":[[106.8537757,43.0413436],[106.8504041,43.0414083],[106.8498033,43.0414181],[106.8480599,43.0414769],[106.8475583,43.0414592],[106.8471935,43.0414142],[106.8465552,43.0413298],[106.8460777,43.041273],[106.8457881,43.0412789],[106.8454072,43.0413221],[106.8449807,43.0413475]]},"properties":{"kind":"road","class":"service","name":null,"surface":null}},{"type":"Feature","geometry":{"type":"LineString","coordinates":[[106.8478721,43.0502173],[106.848371,43.0502154],[106.8485159,43.0501801],[106.8487036,43.0500625],[106.8488967,43.0500037],[106.849106,43.049939],[106.8491596,43.0498136],[106.8490711,43.0495999],[106.8489531,43.0495352],[106.8485185,43.0495313],[106.8483951,43.049449],[106.8482771,43.0490609],[106.848084,43.0488237],[106.8480062,43.0486277],[106.8477541,43.048565],[106.8462333,43.0482397]]},"properties":{"kind":"road","class":"service","name":null,"surface":"compacted"}},{"type":"Feature","geometry":{"type":"LineString","coordinates":[[106.8466323,43.0464644],[106.8466517,43.0471694],[106.8466115,43.0473732],[106.8465659,43.0475222],[106.8463405,43.0479495],[106.8462333,43.0482397],[106.8462172,43.048712]]},"properties":{"kind":"road","class":"service","name":null,"surface":"compacted"}},{"type":"Feature","geometry":{"type":"LineString","coordinates":[[106.8513858,43.047881],[106.8514637,43.0466225],[106.8514207,43.0465205],[106.8513188,43.0464696],[106.851174,43.04645],[106.8509701,43.0464382],[106.8502969,43.04655],[106.848532,43.0467754],[106.8481376,43.0467303],[106.8479123,43.046744],[106.8478185,43.0467793],[106.8477273,43.0469753],[106.8477514,43.047334],[106.8478587,43.0475555],[106.8480143,43.0477006],[106.8487439,43.0480064],[106.8494305,43.0482377]]},"properties":{"kind":"road","class":"service","name":null,"surface":"compacted"}},{"type":"Feature","geometry":{"type":"LineString","coordinates":[[106.8500823,43.0478123],[106.8504578,43.047777],[106.8508225,43.0478162],[106.8513858,43.047881],[106.8518015,43.0479221],[106.8520376,43.0478985],[106.8522897,43.0478221],[106.8527323,43.047632],[106.8530113,43.0474595],[106.8539018,43.0464833],[106.8540949,43.0463932],[106.8543846,43.0463304],[106.8547118,43.046303],[106.8551624,43.0463343],[106.8559496,43.046451],[106.8560462,43.046453],[106.8560945,43.0464334],[106.856128,43.046403],[106.8561548,43.0462423]]},"properties":{"kind":"road","class":"service","name":null,"surface":"compacted"}},{"type":"Feature","geometry":{"type":"LineString","coordinates":[[106.8777734,43.0245884],[106.8788624,43.0248472],[106.8793237,43.0249805],[106.8794686,43.0250982],[106.8796027,43.0252433],[106.8812496,43.027357],[106.8813622,43.0275806],[106.8813944,43.0278316],[106.8815017,43.0314588],[106.8817484,43.0387187],[106.8817679,43.0394107]]},"properties":{"kind":"road","class":"unclassified","name":null,"surface":"compacted"}},{"type":"Feature","geometry":{"type":"LineString","coordinates":[[106.8783995,43.017095],[106.8785804,43.0170084],[106.8788785,43.0167915],[106.879085,43.0165954],[106.8791547,43.0164424],[106.8791253,43.0162483],[106.8790474,43.0161973],[106.8789133,43.0161992],[106.8787444,43.0162287],[106.8785003,43.0163267],[106.8783501,43.0164601],[106.8783313,43.0165876],[106.8783903,43.0167562],[106.8784467,43.0169366],[106.8784168,43.0169967]]},"properties":{"kind":"road","class":"service","name":null,"surface":"compacted"}},{"type":"Feature","geometry":{"type":"LineString","coordinates":[[106.8816063,43.0155128],[106.8822607,43.0161325],[106.8832934,43.0171602],[106.8841624,43.0169719],[106.8847123,43.0168248],[106.8850395,43.0166836],[106.8852835,43.0164895],[106.8867105,43.0154148],[106.8868607,43.0153363],[106.8870592,43.0153089],[106.887306,43.0155913],[106.8874615,43.0156894],[106.8876868,43.0156933],[106.8885693,43.0153481],[106.8893348,43.0150996]]},"properties":{"kind":"road","class":"service","name":null,"surface":"ground"}},{"type":"Feature","geometry":{"type":"LineString","coordinates":[[106.8968171,43.0391421],[106.8975788,43.0390147],[106.8984774,43.038901],[106.8987461,43.0388848]]},"properties":{"kind":"road","class":"service","name":null,"surface":"ground"}},{"type":"Feature","geometry":{"type":"LineString","coordinates":[[106.8987911,43.0385343],[106.8987461,43.0388848],[106.8987563,43.0390656],[106.898786,43.0392918],[106.8988307,43.0396327],[106.8988126,43.039791],[106.8986839,43.03984],[106.898523,43.0398674],[106.8980348,43.0398459],[106.8978149,43.0398635],[106.8977452,43.0399635],[106.8977398,43.0401242],[106.8977809,43.0402715],[106.8978202,43.0404124],[106.8979222,43.0405516],[106.8980321,43.0405712],[106.8983004,43.040583],[106.8997487,43.0405281],[106.8998587,43.0405163],[106.8999687,43.0404713],[106.900033,43.0403615],[106.9000208,43.0401966],[106.8999934,43.0398283],[106.8999848,43.0397126],[106.8998909,43.0396361],[106.8997702,43.0396184],[106.8996361,43.0396086],[106.8988307,43.0396327]]},"properties":{"kind":"road","class":"service","name":null,"surface":"ground"}},{"type":"Feature","geometry":{"type":"LineString","coordinates":[[106.8678552,43.0400229],[106.8717813,43.0398419],[106.8766576,43.0396341],[106.8793827,43.0395087],[106.8799191,43.0395283],[106.8809786,43.0394989],[106.8817679,43.0394107],[106.8827891,43.0393735],[106.8859702,43.0393401],[106.8912488,43.0393048],[106.8936467,43.0392931],[106.896632,43.0391656],[106.8968171,43.0391421],[106.8969807,43.0390539],[106.8973991,43.0387539],[106.8978015,43.0385658],[106.8980294,43.0385363],[106.8983433,43.0385207],[106.8987911,43.0385343],[106.8999687,43.0385352],[106.9013339,43.0385363],[106.9042522,43.0385011],[106.9045016,43.0384971],[106.9046599,43.038507],[106.9048584,43.0385912],[106.9049791,43.0386775],[106.9083747,43.0415964]]},"properties":{"kind":"road","class":"service","name":null,"surface":"ground"}},{"type":"Feature","geometry":{"type":"LineString","coordinates":[[106.8913159,43.0497273],[106.891391,43.0496215],[106.891509,43.0495352],[106.8919542,43.0494666],[106.8966186,43.0482906],[106.8980751,43.0479024],[106.8981877,43.0478083],[106.8982038,43.0476319],[106.8981689,43.0471929],[106.8982547,43.04704],[106.8983996,43.0469538],[106.8985927,43.0469263],[106.8994403,43.0469577],[106.901747,43.0469263],[106.901983,43.0469008],[106.9022271,43.0468342],[106.905545,43.0459737],[106.9058669,43.0458894],[106.9061753,43.0457541],[106.9087824,43.0446152],[106.9120842,43.0432529],[106.9148522,43.0421885]]},"properties":{"kind":"road","class":"service","name":null,"surface":"ground"}},{"type":"Feature","geometry":{"type":"LineString","coordinates":[[106.8721488,43.0499821],[106.8729749,43.0499958],[106.8758368,43.049941],[106.8821079,43.0498547],[106.8886471,43.0497724],[106.8913159,43.0497273],[106.89583,43.0496862],[106.8988931,43.0496352]]},"properties":{"kind":"road","class":"service","name":null,"surface":"ground"}},{"type":"Feature","geometry":{"type":"LineString","coordinates":[[106.871376,43.0497999],[106.8715721,43.0498782],[106.8717867,43.0499272],[106.8719771,43.0499586],[106.8721488,43.0499821]]},"properties":{"kind":"road","class":"service","name":null,"surface":"ground"}},{"type":"Feature","geometry":{"type":"LineString","coordinates":[[106.8721488,43.0499821],[106.8719718,43.0500311],[106.8716633,43.0500762],[106.8714558,43.0501385]]},"properties":{"kind":"road","class":"service","name":null,"surface":"ground"}},{"type":"Feature","geometry":{"type":"LineString","coordinates":[[106.8077329,43.0195507],[106.8079448,43.0194919],[106.8081325,43.0194213],[106.8083686,43.0193291],[106.8085831,43.0192291],[106.8087816,43.0191311],[106.8089533,43.0190114]]},"properties":{"kind":"road","class":"unclassified","name":null,"surface":null}},{"type":"Feature","geometry":{"type":"LineString","coordinates":[[106.8087318,43.0201421],[106.8086985,43.0199547],[106.8086958,43.01979],[106.8087414,43.019586],[106.8087977,43.0193919],[106.8088701,43.0191977],[106.8089533,43.0190114]]},"properties":{"kind":"road","class":"unclassified","name":null,"surface":null}},{"type":"Feature","geometry":{"type":"LineString","coordinates":[[106.8135487,43.0108485],[106.8135318,43.0111354],[106.8135452,43.0113551],[106.8136284,43.0115414],[106.8138,43.0117258],[106.8140602,43.0119768],[106.8141648,43.0121514],[106.8142748,43.012473],[106.8143029,43.012626],[106.8142989,43.0128025],[106.8142238,43.0129751],[106.8140709,43.013179],[106.8137196,43.0135242],[106.8130973,43.0143205],[106.8127084,43.0148186],[106.8124375,43.0153324],[106.8121263,43.0158227],[106.8119895,43.0159914],[106.811783,43.0161875],[106.8115738,43.0163287],[106.8111205,43.0165876],[106.8108335,43.016815],[106.8106484,43.0170013],[106.81045,43.01727],[106.8102542,43.0176936],[106.8101066,43.0179544],[106.8100235,43.018078],[106.8099081,43.0181701],[106.8094254,43.0184761],[106.8092617,43.0186369],[106.8089533,43.0190114]]},"properties":{"kind":"road","class":"unclassified","name":null,"surface":null}},{"type":"Feature","geometry":{"type":"LineString","coordinates":[[106.8049438,43.0198771],[106.804828,43.0198851],[106.8047476,43.0198753],[106.8046711,43.0198645],[106.8046162,43.019837],[106.8045652,43.0197958],[106.8045129,43.0197331],[106.804474,43.0196586],[106.8044646,43.0195968],[106.8045075,43.0195272],[106.8045746,43.0195007],[106.8046262,43.0194964]]},"properties":{"kind":"road","class":"service","name":null,"surface":null}},{"type":"Feature","geometry":{"type":"LineString","coordinates":[[106.8022853,43.0193095],[106.8026581,43.0189859],[106.8027681,43.018831],[106.8031383,43.0184055],[106.8034655,43.0181329],[106.8043748,43.0174995],[106.8045571,43.0174093],[106.8047288,43.0173426],[106.8048763,43.0172759],[106.805048,43.0171504],[106.8054074,43.0168876],[106.8054879,43.0168425],[106.8055871,43.0168288],[106.8056783,43.0168464],[106.8057749,43.0169072],[106.8067083,43.0174818],[106.8067539,43.0175485],[106.8067807,43.0176269],[106.8067646,43.0177113],[106.8067056,43.0177975],[106.8062201,43.018276],[106.8061396,43.018327],[106.8060565,43.0183584],[106.8058848,43.0184172],[106.8056944,43.0185898],[106.8056166,43.0186624]]},"properties":{"kind":"road","class":"service","name":null,"surface":null}},{"type":"Feature","geometry":{"type":"LineString","coordinates":[[106.8075907,43.0195566],[106.8075049,43.0192978],[106.8074191,43.0191134],[106.8073279,43.0189722],[106.8072072,43.0188565],[106.8070301,43.018731],[106.8068022,43.0185977],[106.8064669,43.0184643],[106.8060565,43.0183584]]},"properties":{"kind":"road","class":"service","name":null,"surface":null}},{"type":"Feature","geometry":{"type":"LineString","coordinates":[[106.8055013,43.0204646],[106.8050694,43.0204018],[106.8041199,43.0202135],[106.8039429,43.0201586],[106.8038142,43.0200939],[106.8037149,43.0200214],[106.8035084,43.019841]]},"properties":{"kind":"road","class":"service","name":null,"surface":null}},{"type":"Feature","geometry":{"type":"LineString","coordinates":[[106.8038624,43.0195939],[106.8043506,43.0192017],[106.8049461,43.0187134]]},"properties":{"kind":"road","class":"service","name":null,"surface":null}},{"type":"Feature","geometry":{"type":"LineString","coordinates":[[106.8045303,43.0193291],[106.8043506,43.0192017]]},"properties":{"kind":"road","class":"service","name":null,"surface":null}},{"type":"Feature","geometry":{"type":"LineString","coordinates":[[106.8046242,43.0194566],[106.8045625,43.0193958],[106.8045303,43.0193291],[106.8045625,43.0192213],[106.8047234,43.0190918],[106.8049809,43.0189134],[106.805048,43.0188977],[106.8050989,43.0189036],[106.8051767,43.0189448],[106.8052733,43.0190193],[106.8053001,43.0190762],[106.8052894,43.0191409],[106.8050399,43.0193566],[106.8049702,43.0193723],[106.8049058,43.0193487],[106.8047938,43.0192729]]},"properties":{"kind":"road","class":"service","name":null,"surface":null}},{"type":"Feature","geometry":{"type":"LineString","coordinates":[[106.8150104,43.0293618],[106.814948,43.0292609],[106.814822,43.0291629],[106.8145055,43.0289923],[106.8139797,43.0287296],[106.8136874,43.0285355],[106.8134513,43.0283276],[106.8132743,43.0281217],[106.8130383,43.027761],[106.8128049,43.0274394],[106.8126327,43.0272915],[106.8124562,43.0271178],[106.8119815,43.0266237],[106.811834,43.0264374],[106.8117106,43.0262198],[106.8116194,43.0259865],[106.8115443,43.0257257],[106.811437,43.0251021],[106.8111286,43.0232903],[106.8110561,43.0231197],[106.8109757,43.0229648],[106.8108684,43.0228059],[106.8106914,43.0225353],[106.8096158,43.0212019],[106.8087318,43.0201421],[106.8085509,43.0199253],[106.8084356,43.0198155],[106.8082747,43.0197135],[106.8081111,43.0196292],[106.8079689,43.0195762],[106.8077329,43.0195507],[106.8075907,43.0195566],[106.8074325,43.0195939],[106.8071911,43.0197115],[106.8061396,43.0204253],[106.805976,43.0204979],[106.8058017,43.0205273],[106.8056273,43.0205116],[106.8055013,43.0204646],[106.80539,43.0203714],[106.805166,43.0200959],[106.8050694,43.0199939],[106.8049438,43.0198771],[106.8047047,43.0196547],[106.8046483,43.0195527],[106.8046262,43.0194964],[106.8046242,43.0194566],[106.8046671,43.0193821],[106.8047938,43.0192729],[106.8051767,43.0189448]]},"properties":{"kind":"road","class":"service","name":null,"surface":"compacted"}},{"type":"Feature","geometry":{"type":"LineString","coordinates":[[106.8091894,43.030951],[106.8083201,43.0305228],[106.8080109,43.0303698],[106.8077758,43.0302079],[106.807749,43.0301119],[106.8077973,43.0299825],[106.8099964,43.0282267],[106.8108925,43.0275394],[106.8116382,43.0280218],[106.8135935,43.0293374],[106.8136659,43.0293688],[106.8137625,43.0293884],[106.8139368,43.0293923],[106.8150104,43.0293618],[106.815817,43.0293278],[106.8168658,43.0293217]]},"properties":{"kind":"road","class":"service","name":null,"surface":"compacted"}},{"type":"Feature","geometry":{"type":"LineString","coordinates":[[106.8083201,43.0305228],[106.8088272,43.0300766]]},"properties":{"kind":"road","class":"service","name":null,"surface":"compacted"}},{"type":"Feature","geometry":{"type":"LineString","coordinates":[[106.8099886,43.0286629],[106.8102059,43.0284629],[106.8102166,43.0283962],[106.8101442,43.0283159],[106.8099964,43.0282267]]},"properties":{"kind":"road","class":"service","name":null,"surface":"compacted"}},{"type":"Feature","geometry":{"type":"LineString","coordinates":[[106.8108925,43.0275394],[106.8110963,43.0273806],[106.8112009,43.0273159],[106.8113109,43.0272943],[106.8114665,43.0272943],[106.8115979,43.0273237],[106.8120791,43.027658]]},"properties":{"kind":"road","class":"service","name":null,"surface":null}},{"type":"Feature","geometry":{"type":"LineString","coordinates":[[106.8090499,43.0310883],[106.8088191,43.0313412],[106.8087118,43.0314216],[106.8086045,43.0314373],[106.8084704,43.0314118],[106.8081406,43.0312118],[106.8080118,43.031102],[106.8079636,43.0309275],[106.8080418,43.0306001]]},"properties":{"kind":"road","class":"service","name":null,"surface":null}},{"type":"Feature","geometry":{"type":"LineString","coordinates":[[106.810314,43.0290582],[106.8104339,43.0292001],[106.8104446,43.0292511],[106.8103694,43.0293256],[106.8100879,43.029606],[106.8100718,43.0296923],[106.8101174,43.0297727],[106.8104929,43.0301295],[106.8110937,43.0305432]]},"properties":{"kind":"road","class":"service","name":null,"surface":"compacted"}},{"type":"Feature","geometry":{"type":"LineString","coordinates":[[106.8114431,43.0282285],[106.8115979,43.0283139],[106.8117025,43.0283413],[106.8118393,43.028357],[106.8120003,43.02841],[106.8128479,43.0289727],[106.8128908,43.0290511],[106.8128854,43.0291394],[106.8123691,43.0295795],[106.8121773,43.0297315],[106.8120217,43.0298825],[106.8110937,43.0305432],[106.8109515,43.0306197],[106.810753,43.0306609],[106.8096748,43.0307],[106.8095461,43.0307236],[106.809479,43.0307707],[106.8091894,43.030951],[106.8090499,43.0310883],[106.8080418,43.0306001],[106.8080226,43.0305275],[106.8080109,43.0303698]]},"properties":{"kind":"road","class":"service","name":null,"surface":"compacted"}},{"type":"Feature","geometry":{"type":"LineString","coordinates":[[106.8109113,43.0285864],[106.8123691,43.0295795]]},"properties":{"kind":"road","class":"service","name":null,"surface":null}},{"type":"Feature","geometry":{"type":"LineString","coordinates":[[106.8126327,43.0272915],[106.8120791,43.027658],[106.8116382,43.0280218],[106.8114431,43.0282285],[106.8109113,43.0285864],[106.810314,43.0290582],[106.8101584,43.0291747],[106.8100476,43.0293295],[106.8096104,43.0296923],[106.8095393,43.0297256],[106.8094843,43.0297374],[106.8094119,43.0297344],[106.8092778,43.0296364],[106.8092751,43.0295932],[106.80931,43.0295432],[106.8096453,43.0292756],[106.8097486,43.0292521],[106.8099551,43.029257],[106.8101584,43.0291747]]},"properties":{"kind":"road","class":"service","name":null,"surface":"compacted"}},{"type":"Feature","geometry":{"type":"LineString","coordinates":[[106.822823,43.0455111],[106.8228203,43.0454445],[106.8221122,43.0454503],[106.8220988,43.0449936],[106.822136,43.0449922]]},"properties":{"kind":"road","class":"pedestrian","name":null,"surface":null}},{"type":"Feature","geometry":{"type":"LineString","coordinates":[[106.8505469,43.1361209],[106.8483585,43.1353118]]},"properties":{"kind":"aeroway-taxiway","name":null}},{"type":"Feature","geometry":{"type":"LineString","coordinates":[[106.771735,43.109331],[106.7735079,43.1093203],[106.7753291,43.1093056],[106.776807,43.1093036],[106.7787462,43.1093173],[106.7796341,43.1081326],[106.7805648,43.1069244],[106.7815331,43.1056594],[106.7822465,43.1046959],[106.7832229,43.1034759],[106.7841643,43.102246],[106.7851084,43.101022],[106.7859882,43.0998959],[106.7868546,43.0987679],[106.7875949,43.0978219],[106.7885068,43.0966409],[106.7891479,43.0958085],[106.7896709,43.0951348],[106.7905748,43.0939655],[106.791535,43.09271],[106.7925301,43.0914388],[106.7934984,43.0902048],[106.7944345,43.0889844],[106.7955288,43.0875663],[106.7963281,43.0865241],[106.7974707,43.0850393],[106.797967,43.0844164],[106.7990747,43.0829706],[106.8001369,43.0815993],[106.8010917,43.0803592],[106.8020573,43.0790976],[106.8029773,43.0779143],[106.8059331,43.0741193],[106.8063998,43.0735148]]},"properties":{"kind":"power","name":null}},{"type":"Feature","geometry":{"type":"LineString","coordinates":[[106.8391013,43.0563578],[106.8375993,43.0569379],[106.8355501,43.0565773],[106.8329322,43.0561109],[106.8302768,43.0556836],[106.8274444,43.0551937],[106.8250573,43.0547978],[106.8226433,43.0544019],[106.819784,43.0539236],[106.8171287,43.0534572],[106.8142748,43.052979],[106.8116301,43.0525556],[106.8088245,43.0520656],[106.8057239,43.0506466],[106.8053216,43.050772],[106.8026018,43.0518461],[106.7998713,43.0529358],[106.79676,43.0541667],[106.796025,43.0564989],[106.7950594,43.0595288],[106.7941099,43.0624918],[106.7931873,43.0653489],[106.7924523,43.0676612],[106.791476,43.0706473],[106.7910093,43.0721717],[106.7901242,43.0749461],[106.7893369,43.0773657],[106.787928,43.0792307],[106.7866275,43.0809772],[106.7847762,43.083388],[106.7829101,43.0858438],[106.7810546,43.0882856],[106.7792082,43.0907153],[106.777362,43.093156],[106.7753843,43.0957602],[106.7734108,43.0983587],[106.7714388,43.1009551],[106.770049,43.1027421],[106.7686683,43.1045568],[106.7672959,43.1063615],[106.7685753,43.1080132],[106.76916,43.1083578]]},"properties":{"kind":"power","name":null}},{"type":"Feature","geometry":{"type":"LineString","coordinates":[[106.8287802,43.0434744],[106.8276429,43.0434793],[106.8265405,43.0435038]]},"properties":{"kind":"road","class":"pedestrian","name":null,"surface":null}},{"type":"Feature","geometry":{"type":"LineString","coordinates":[[106.8320411,43.0417278],[106.8309294,43.0417298],[106.829731,43.041717]]},"properties":{"kind":"road","class":"pedestrian","name":null,"surface":null}},{"type":"Feature","geometry":{"type":"LineString","coordinates":[[106.8166539,43.030355],[106.815573,43.0284511],[106.8142104,43.0275257],[106.8128103,43.0265531],[106.8112439,43.0254708],[106.8097258,43.0244433],[106.808095,43.0233256],[106.8066841,43.0223765],[106.8053162,43.0214588],[106.8039805,43.0205057],[106.8039744,43.0203699]]},"properties":{"kind":"power","name":null}},{"type":"Feature","geometry":{"type":"LineString","coordinates":[[106.8611582,43.0596638],[106.8626377,43.0607458],[106.8628979,43.0609731],[106.8632761,43.0614748],[106.8637642,43.0624663],[106.8654562,43.0668343],[106.8663391,43.0677395],[106.8665349,43.0679962],[106.8668273,43.0685272],[106.8678667,43.0704073],[106.868092,43.0707091],[106.8689892,43.0719483],[106.8698126,43.0729515],[106.8700218,43.0732885],[106.8702713,43.0737176],[106.8704885,43.0740213],[106.8720818,43.0762],[106.872527,43.0767015],[106.8730366,43.0771522],[106.8743831,43.0782219],[106.8749464,43.0788057],[106.8767059,43.0807099],[106.8806058,43.0847925],[106.8813837,43.0856936],[106.8822634,43.0868963],[106.8830198,43.0877817],[106.8842375,43.0892234],[106.8876708,43.0931957],[106.8881965,43.0937676],[106.8885022,43.0942456],[106.8888187,43.0947587],[106.8908514,43.0975927],[106.8916458,43.0985152],[106.8929654,43.0997021],[106.8956047,43.1019777],[106.8984103,43.1040693],[106.8992686,43.1047116],[106.8998587,43.1053069],[106.9004381,43.1060511],[106.9025087,43.1100536],[106.9042253,43.1132492],[106.9062853,43.1177368],[106.9070256,43.1196007],[106.9078946,43.1223729],[106.9088709,43.1257401],[106.9100833,43.1343139],[106.9102549,43.1355196],[106.9106358,43.1367253],[106.9136453,43.1440607],[106.9158018,43.149368],[106.9175613,43.1536573],[106.9180119,43.1543539],[106.9185913,43.1548313],[106.9195676,43.1554183],[106.9266808,43.1598089],[106.9285262,43.1608028],[106.9324529,43.1625715],[106.9370019,43.1644966],[106.9376993,43.1647314],[106.9388151,43.164927],[106.9402528,43.1652165],[106.9426453,43.1657565],[106.9441903,43.166273],[106.9463467,43.167079],[106.9473982,43.1674155],[106.9487715,43.1676815],[106.950413,43.168198],[106.9559597,43.1699116],[106.9567198,43.1701362],[106.9579232,43.1704828],[106.9591033,43.1710462],[106.9600367,43.1714609],[106.9622576,43.1723608],[106.9645321,43.1734171],[106.9667852,43.1747081],[106.9678581,43.1751697],[106.9700038,43.1757878],[106.9715488,43.1762729],[106.9727811,43.1769655],[106.973598,43.1775169],[106.9746923,43.1780802],[106.9765592,43.1792616],[106.9771171,43.1795041],[106.9777822,43.1795432],[106.9787693,43.1797075],[106.9794989,43.1799344],[106.9816553,43.1809828],[106.9832003,43.1814444],[106.9849813,43.1823049],[106.9876206,43.1834628],[106.9894552,43.183893],[107.0038426,43.1865606],[107.0074904,43.1872334],[107.0090783,43.1876401],[107.011415,43.1882222]]},"properties":{"kind":"road","class":"service","name":null,"surface":"compacted"}},{"type":"Feature","geometry":{"type":"LineString","coordinates":[[106.8570824,43.0354989],[106.8572438,43.0355309],[106.8574825,43.0356368],[106.8576595,43.0357544],[106.8577668,43.0358603],[106.8577936,43.0359485],[106.8580726,43.0359721],[106.8582523,43.0358231],[106.8588933,43.0358995],[106.8590355,43.0358329],[106.8593279,43.0357584],[106.8594909,43.0357706],[106.8637133,43.0366504],[106.8646128,43.0369074],[106.8647057,43.0369523],[106.8647593,43.0370464]]},"properties":{"kind":"road","class":"service","name":null,"surface":"compacted"}},{"type":"Feature","geometry":{"type":"LineString","coordinates":[[106.8571338,43.0375698],[106.8570591,43.0359955],[106.8570399,43.0355917],[106.8570824,43.0354989]]},"properties":{"kind":"road","class":"service","name":null,"surface":"compacted"}},{"type":"Feature","geometry":{"type":"LineString","coordinates":[[106.8387929,43.01009],[106.8387816,43.0099354],[106.8387674,43.0096576],[106.8388384,43.0095105],[106.838925,43.0093369],[106.8390075,43.009129],[106.8390718,43.0086857],[106.8391281,43.0082542]]},"properties":{"kind":"road","class":"service","name":null,"surface":"compacted"}},{"type":"Feature","geometry":{"type":"LineString","coordinates":[[106.8482209,42.9940904],[106.8488458,42.9934048],[106.8493984,42.9927612],[106.8500742,42.992312],[106.8501922,42.992212],[106.8503424,42.9918745],[106.8504766,42.9917333],[106.8510747,42.9913252],[106.8516096,42.9909065],[106.851764,42.9908092],[106.8519571,42.990766],[106.8522334,42.9907974],[106.8524533,42.9907386],[106.8531271,42.9901666],[106.8533009,42.9900224],[106.8535262,42.9897605],[106.8536973,42.989532],[106.8541188,42.9889411],[106.8557981,42.9868754],[106.8567449,42.9858021],[106.8582713,42.9841886],[106.8583891,42.9841304],[106.8585205,42.9841304],[106.8587244,42.9842383],[106.8605617,42.9855372],[106.8607682,42.9855608],[106.861479,42.985496],[106.8618759,42.9853862],[106.8623105,42.9853253]]},"properties":{"kind":"road","class":"service","name":null,"surface":"compacted"}},{"type":"Feature","geometry":{"type":"LineString","coordinates":[[106.8569532,42.9974997],[106.8565296,42.996913]]},"properties":{"kind":"road","class":"service","name":null,"surface":"compacted"}},{"type":"Feature","geometry":{"type":"LineString","coordinates":[[106.8592583,43.0051068],[106.8591642,43.0049669],[106.8591562,43.0048805],[106.859302,43.0045165]]},"properties":{"kind":"road","class":"service","name":null,"surface":"compacted"}},{"type":"Feature","geometry":{"type":"LineString","coordinates":[[106.859302,43.0045165],[106.8596551,43.0037645],[106.8597651,43.0032917],[106.8597946,43.0030151],[106.8597999,43.0026523],[106.8597168,43.0019912],[106.8596685,43.0011634],[106.8596095,43.0007279],[106.8596202,43.0005455],[106.8596578,43.0003807],[106.8597355,43.0002061],[106.8601057,42.9992528],[106.8601781,42.998937],[106.8601567,42.9987251],[106.8600762,42.9985387]]},"properties":{"kind":"road","class":"service","name":null,"surface":"compacted"}},{"type":"Feature","geometry":{"type":"LineString","coordinates":[[106.8549665,43.0095468],[106.8552107,43.0093585],[106.8557176,43.0090524],[106.8561574,43.0087348],[106.8563211,43.0085308],[106.8567181,43.0077992],[106.8570453,43.0068655],[106.8573243,43.0062634],[106.8576836,43.0057946],[106.8581155,43.0054356],[106.858381,43.0051846],[106.8586626,43.0049982],[106.8591642,43.0049669]]},"properties":{"kind":"road","class":"service","name":null,"surface":"compacted"}},{"type":"Feature","geometry":{"type":"LineString","coordinates":[[106.8603846,42.9985191],[106.8604597,42.9988075],[106.8604356,42.9990782],[106.8599233,43.0004847],[106.8598616,43.0007064],[106.8598562,43.0009555],[106.859867,43.0013321],[106.8600252,43.002715],[106.8600252,43.0031544],[106.8599716,43.0034663],[106.8598911,43.0036919],[106.8595639,43.004553],[106.859302,43.0045165]]},"properties":{"kind":"road","class":"service","name":null,"surface":"compacted"}},{"type":"Feature","geometry":{"type":"LineString","coordinates":[[106.8597355,43.0121102],[106.8598026,43.0122847],[106.8610391,43.0133772],[106.8611544,43.0134517],[106.8613207,43.0134635],[106.8609935,43.0135399],[106.8607548,43.0134477],[106.8597999,43.0125652],[106.8595692,43.0123455],[106.8595746,43.0122004],[106.8597355,43.0121102]]},"properties":{"kind":"road","class":"service","name":null,"surface":"compacted"}},{"type":"Feature","geometry":{"type":"LineString","coordinates":[[106.8537837,43.0179603],[106.8537891,43.0182388],[106.8539071,43.0183957],[106.8543202,43.0185604],[106.8559349,43.0188702],[106.8565088,43.0188977],[106.8570346,43.0187996],[106.8581879,43.0184231],[106.8587673,43.0180819],[106.8596095,43.0176387],[106.8611383,43.0171053],[106.861664,43.0168288],[106.8624638,43.0164787]]},"properties":{"kind":"road","class":"service","name":null,"surface":"compacted"}},{"type":"Feature","geometry":{"type":"LineString","coordinates":[[106.861664,43.0168288],[106.8615165,43.0159129],[106.8615219,43.0149794],[106.861597,43.0140027],[106.8617982,43.0138596]]},"properties":{"kind":"road","class":"service","name":null,"surface":"compacted"}},{"type":"Feature","geometry":{"type":"LineString","coordinates":[[106.8830681,42.9894829],[106.8828696,42.9890316],[106.8827033,42.9886079],[106.882081,42.9873208],[106.8795437,42.9840951],[106.8782026,42.9823487],[106.8779933,42.98218],[106.8775535,42.9819524],[106.8771243,42.981764],[106.8736643,42.9805749],[106.8734765,42.9804414],[106.8734282,42.9802727],[106.8734765,42.9801157],[106.8743724,42.979111]]},"properties":{"kind":"road","class":"service","name":null,"surface":"compacted"}},{"type":"Feature","geometry":{"type":"LineString","coordinates":[[106.9054431,43.0101351],[106.9067896,43.0113551],[106.9088173,43.012877],[106.9109631,43.0143597],[106.9112541,43.0143548],[106.9114995,43.0146617],[106.9116443,43.0150226],[106.9119072,43.0154285],[106.9120252,43.0155383],[106.9121352,43.0155619],[106.9122264,43.0155442],[106.9122854,43.0155148],[106.9123229,43.0154344],[106.9123283,43.0152912],[106.9122237,43.0149382],[106.9117516,43.0134301],[106.9117999,43.01323],[106.9118804,43.0131045],[106.9119716,43.0130457],[106.9120896,43.0130378],[106.9123042,43.0130927],[106.9143802,43.0141361],[106.9149327,43.0142812],[106.9151419,43.0142381],[106.9152009,43.0141675],[106.9152009,43.0140537],[106.9151902,43.0139243],[106.9149113,43.0135085],[106.9134307,43.0110295]]},"properties":{"kind":"road","class":"service","name":null,"surface":"compacted"}},{"type":"Feature","geometry":{"type":"LineString","coordinates":[[106.912803,43.0015597],[106.9132149,43.0014513],[106.9143695,43.0011477]]},"properties":{"kind":"road","class":"service","name":null,"surface":"compacted"}},{"type":"Feature","geometry":{"type":"LineString","coordinates":[[106.8678546,43.000571],[106.8683213,42.9995784],[106.8684339,42.9994529],[106.8691367,42.9992018],[106.8702203,42.9985427],[106.8704349,42.9983112],[106.8705261,42.9979188],[106.870628,42.997703],[106.8708372,42.9975226],[106.8717444,42.9972421]]},"properties":{"kind":"road","class":"service","name":null,"surface":"compacted"}},{"type":"Feature","geometry":{"type":"LineString","coordinates":[[106.8715453,43.0011987],[106.8706012,43.0003631],[106.8691367,42.9992018]]},"properties":{"kind":"road","class":"service","name":null,"surface":"compacted"}},{"type":"Feature","geometry":{"type":"LineString","coordinates":[[106.8734819,43.0004887],[106.8723983,43.0007789],[106.8715453,43.0011987],[106.871202,43.0013596],[106.8706655,43.001799],[106.8701184,43.0024345],[106.8695873,43.0027209],[106.8688095,43.0027288],[106.8680209,43.0027248]]},"properties":{"kind":"road","class":"service","name":null,"surface":"compacted"}},{"type":"Feature","geometry":{"type":"LineString","coordinates":[[106.9148522,43.0421885],[106.915032,43.0420709],[106.9150722,43.0419611],[106.9151071,43.0417494],[106.9150615,43.0415475],[106.9148308,43.0411534],[106.9144365,43.040185],[106.9144124,43.0400243],[106.9144338,43.0397694],[106.9145331,43.0391421],[106.9144848,43.0382344],[106.9144446,43.0376737]]},"properties":{"kind":"road","class":"service","name":null,"surface":"ground"}},{"type":"Feature","geometry":{"type":"LineString","coordinates":[[106.8977809,43.0402715],[106.8979034,43.0403634],[106.8980938,43.0404163],[106.8988529,43.040383],[106.8998104,43.0403517],[106.8999472,43.040287],[106.9000208,43.0401966]]},"properties":{"kind":"road","class":"service","name":null,"surface":"ground"}},{"type":"Feature","geometry":{"type":"LineString","coordinates":[[106.8988126,43.039791],[106.8989602,43.0398498],[106.8999934,43.0398283]]},"properties":{"kind":"road","class":"service","name":null,"surface":"ground"}},{"type":"Feature","geometry":{"type":"LineString","coordinates":[[106.8999848,43.0397126],[106.8999875,43.0393185],[106.8999687,43.0385352]]},"properties":{"kind":"road","class":"service","name":null,"surface":"ground"}},{"type":"Feature","geometry":{"type":"LineString","coordinates":[[106.898786,43.0392918],[106.8990862,43.0393205],[106.8999875,43.0393185]]},"properties":{"kind":"road","class":"service","name":null,"surface":"ground"}},{"type":"Feature","geometry":{"type":"LineString","coordinates":[[106.8967742,43.0394146],[106.8968117,43.0407202],[106.8968654,43.0423159],[106.8968975,43.0438841],[106.8969673,43.0455111],[106.8969887,43.047091],[106.8970692,43.0486473],[106.8971001,43.0498488]]},"properties":{"kind":"power","name":null}},{"type":"Feature","geometry":{"type":"LineString","coordinates":[[106.8783474,43.0001454],[106.8858576,42.9980012]]},"properties":{"kind":"road","class":"service","name":null,"surface":"compacted"}},{"type":"Feature","geometry":{"type":"LineString","coordinates":[[106.8773174,43.0159051],[106.8773335,43.0159698],[106.8773282,43.0160306],[106.8773014,43.0160708],[106.8772558,43.0161032],[106.8771431,43.0161247],[106.8770828,43.016111],[106.8770385,43.0160816],[106.8765771,43.0154286],[106.8764577,43.0153393]]},"properties":{"kind":"road","class":"service","name":null,"surface":"compacted"}},{"type":"Feature","geometry":{"type":"LineString","coordinates":[[106.9201695,43.0258569],[106.9207085,43.0261104],[106.9213532,43.0262005],[106.9221805,43.0262219],[106.9236088,43.0262661],[106.9247603,43.0262982],[106.92505,43.0262786],[106.9251358,43.0261727],[106.9261349,43.0262782]]},"properties":{"kind":"road","class":"service","name":null,"surface":"ground"}},{"type":"Feature","geometry":{"type":"LineString","coordinates":[[106.9148522,43.0421885],[106.9159493,43.0416886],[106.9166359,43.0413103],[106.916923,43.0410986],[106.9169846,43.0410044],[106.9169953,43.0408731],[106.9169578,43.0367151],[106.9169122,43.035329],[106.9169498,43.0351095],[106.9170946,43.0348311],[106.9183016,43.0328156],[106.919589,43.030608],[106.9221805,43.0262219]]},"properties":{"kind":"road","class":"service","name":null,"surface":"ground"}},{"type":"Feature","geometry":{"type":"LineString","coordinates":[[106.8719449,43.0552227],[106.8723438,43.055281],[106.8733119,43.0554225],[106.8745951,43.0556089],[106.8752314,43.0557031],[106.8773426,43.0559904],[106.8785489,43.0561456],[106.8793854,43.0562285],[106.8801472,43.0562657],[106.8810177,43.0562669],[106.882014,43.0562148],[106.8833317,43.0560535],[106.9144988,43.0514898],[106.9158486,43.0512899],[106.9163436,43.0511846],[106.9167928,43.0510621],[106.9173046,43.0508706],[106.9178,43.0506338],[106.9182775,43.0503281],[106.9186811,43.0500115],[106.919034,43.0496265],[106.9192336,43.0493637],[106.9194603,43.0489805],[106.9196499,43.0485066],[106.9240121,43.0345324],[106.925133,43.0307778],[106.9261349,43.0262782],[106.9266171,43.0242044],[106.927655,43.0194177],[106.9292442,43.0167607],[106.9317983,43.0146698],[106.9369979,43.0109241],[106.9434017,43.0076364],[106.9478247,43.0053768],[106.9494447,43.0045137],[106.9510618,43.0036041],[106.9607171,42.9976035],[106.9657391,42.9944661]]},"properties":{"kind":"road","class":"tertiary","name":"Оюутолгой - Цагаанхад","surface":"asphalt"}},{"type":"Feature","geometry":{"type":"LineString","coordinates":[[106.8309306,43.0198983],[106.8310145,43.0200272],[106.8314436,43.0202233],[106.8316019,43.020243],[106.8317735,43.0201645],[106.8321517,43.0196684],[106.8321705,43.0195821],[106.8321437,43.0190918],[106.8320525,43.0189722],[106.8318435,43.0187906],[106.83177,43.0186306]]},"properties":{"kind":"road","class":"service","name":null,"surface":"compacted"}},{"type":"Feature","geometry":{"type":"LineString","coordinates":[[106.8389726,43.0353486],[106.8390503,43.0379815],[106.8392488,43.0449211],[106.839273,43.0481318]]},"properties":{"kind":"conveyor","name":null}},{"type":"Feature","geometry":{"type":"LineString","coordinates":[[106.8389618,43.0349134],[106.8389726,43.0353486]]},"properties":{"kind":"conveyor","name":null}},{"type":"Feature","geometry":{"type":"LineString","coordinates":[[106.8384656,43.0167817],[106.8384844,43.017927],[106.838538,43.0205332],[106.838817,43.0301923],[106.8389618,43.0349134]]},"properties":{"kind":"conveyor","name":null}},{"type":"Feature","geometry":{"type":"LineString","coordinates":[[106.837948,43.0164052],[106.8382215,43.0164542]]},"properties":{"kind":"road","class":"service","name":null,"surface":"compacted"}},{"type":"Feature","geometry":{"type":"LineString","coordinates":[[106.8388814,43.0164189],[106.8385649,43.0164581]]},"properties":{"kind":"road","class":"service","name":null,"surface":"compacted"}},{"type":"Feature","geometry":{"type":"LineString","coordinates":[[106.8381599,43.0157325],[106.8379641,43.0156031],[106.8378548,43.0153965],[106.8379855,43.0152893],[106.8381089,43.0152304],[106.8384522,43.0151677],[106.8387312,43.015254],[106.8388381,43.0153672]]},"properties":{"kind":"road","class":"service","name":null,"surface":"compacted"}},{"type":"Feature","geometry":{"type":"LineString","coordinates":[[106.837936,43.0149387],[106.8378548,43.0153965],[106.8376851,43.015858],[106.837652,43.0160978],[106.8376449,43.0162326],[106.8377173,43.0163248],[106.8378246,43.0163954],[106.837948,43.0164052],[106.8379855,43.0162738],[106.8379694,43.01616],[106.8378299,43.016111],[106.837652,43.0160978]]},"properties":{"kind":"road","class":"service","name":null,"surface":"compacted"}},{"type":"Feature","geometry":{"type":"LineString","coordinates":[[106.8387505,43.0157391],[106.8381599,43.0157325],[106.8380177,43.0158325],[106.8379614,43.0159502],[106.8379694,43.01616]]},"properties":{"kind":"road","class":"service","name":null,"surface":"compacted"}},{"type":"Feature","geometry":{"type":"LineString","coordinates":[[106.839053,43.0148735],[106.8389189,43.0151108],[106.8388381,43.0153672],[106.8387505,43.0157391],[106.8387151,43.0160227],[106.8387741,43.0162934],[106.8388814,43.0164189],[106.8390047,43.0163758],[106.8390584,43.0161365],[106.8390262,43.015858],[106.8389189,43.0157796],[106.8387505,43.0157391]]},"properties":{"kind":"road","class":"service","name":null,"surface":"compacted"}},{"type":"Feature","geometry":{"type":"LineString","coordinates":[[106.8435592,43.0145989],[106.8434787,43.0148382],[106.843307,43.014948],[106.8416923,43.0149951],[106.8414187,43.0149049],[106.8413114,43.0148068],[106.8412256,43.0146421],[106.8412203,43.0144421]]},"properties":{"kind":"road","class":"service","name":null,"surface":"compacted"}},{"type":"Feature","geometry":{"type":"LineString","coordinates":[[106.8359744,43.0351631],[106.8360114,43.0350585],[106.8360731,43.0349663],[106.8361831,43.034931],[106.8367464,43.0349056],[106.836867,43.0348781],[106.8369877,43.0348173],[106.837205,43.0346742],[106.8375778,43.0342527],[106.8376851,43.0341664],[106.8383503,43.0337586],[106.8387512,43.0335018]]},"properties":{"kind":"road","class":"service","name":null,"surface":"compacted"}},{"type":"Feature","geometry":{"type":"LineString","coordinates":[[106.8379788,43.0231697],[106.8362662,43.0223157],[106.8353596,43.0218392],[106.8346086,43.021449],[106.8334472,43.0208371],[106.8333037,43.0207675]]},"properties":{"kind":"power","name":null}},{"type":"Feature","geometry":{"type":"LineString","coordinates":[[106.8291181,43.0252747],[106.8287587,43.0263414],[106.828292,43.0277296],[106.827824,43.0291413],[106.8273452,43.0305481],[106.8286045,43.0310167],[106.8300314,43.0315441],[106.8315147,43.0320951],[106.8324092,43.0308099],[106.8333641,43.0294746],[106.8342599,43.0282982],[106.8351666,43.0270354],[106.8361133,43.0257355],[106.8367034,43.0249276],[106.8380955,43.0238472],[106.8379788,43.0231697],[106.8387774,43.0220902],[106.8395841,43.0209793],[106.8400066,43.0194654],[106.8403968,43.017973],[106.8402654,43.016866]]},"properties":{"kind":"power","name":null}},{"type":"Feature","geometry":{"type":"LineString","coordinates":[[106.8349458,43.0217187],[106.8353878,43.0220225],[106.836238,43.0226493],[106.8363074,43.0226894]]},"properties":{"kind":"road","class":"service","name":null,"surface":"compacted"}},{"type":"Feature","geometry":{"type":"LineString","coordinates":[[106.8363074,43.0226894],[106.8369502,43.0227255],[106.8372157,43.022753],[106.8379426,43.0230177],[106.8381008,43.0231138],[106.8381304,43.0232844],[106.8380982,43.0234628],[106.838015,43.0235589]]},"properties":{"kind":"road","class":"service","name":null,"surface":"compacted"}},{"type":"Feature","geometry":{"type":"LineString","coordinates":[[106.838015,43.0235589],[106.8379721,43.0237001],[106.8378889,43.0238648],[106.8378085,43.0239883],[106.8377281,43.0240413],[106.8376174,43.0240515],[106.8374598,43.0241295],[106.8372452,43.0242805],[106.8366725,43.0247769]]},"properties":{"kind":"road","class":"service","name":null,"surface":"compacted"}},{"type":"Feature","geometry":{"type":"LineString","coordinates":[[106.8351024,43.0215858],[106.8361065,43.0208002],[106.836352,43.0206528],[106.8369395,43.0203528],[106.8370685,43.0202677],[106.8373163,43.0199902],[106.8374148,43.0199362],[106.8375912,43.0199076],[106.8379292,43.0200057],[106.8381384,43.0200351],[106.838412,43.0200233]]},"properties":{"kind":"road","class":"service","name":null,"surface":"compacted"}},{"type":"Feature","geometry":{"type":"LineString","coordinates":[[106.8294749,43.0254668],[106.8304297,43.0258068],[106.8306631,43.0258512],[106.8307972,43.0257923],[106.8328142,43.0229099],[106.8329269,43.0226745],[106.8329161,43.0225922],[106.8327874,43.0225177],[106.8325856,43.0224441],[106.8321305,43.0222781],[106.8304861,43.0216784],[106.8299455,43.0215414]]},"properties":{"kind":"road","class":"service","name":null,"surface":"compacted"}},{"type":"Feature","geometry":{"type":"LineString","coordinates":[[106.8337369,43.0016891],[106.8332809,43.0010928],[106.8331575,43.0007593],[106.8335223,42.9994607],[106.8339836,42.9981856],[106.8339783,42.9971185]]},"properties":{"kind":"road","class":"service","name":null,"surface":"compacted"}},{"type":"Feature","geometry":{"type":"LineString","coordinates":[[106.8206692,43.0484141],[106.8205004,43.0484026],[106.8201504,43.0483532],[106.8185635,43.0483493],[106.8174169,43.0483552]]},"properties":{"kind":"road","class":"service","name":null,"surface":"ground"}},{"type":"Feature","geometry":{"type":"LineString","coordinates":[[106.8388881,43.0462609],[106.8388948,43.0451837],[106.8388197,43.0438106],[106.8381733,43.0432029],[106.8363548,43.0432088],[106.8342586,43.0433686],[106.8326479,43.0437665],[106.8312263,43.0437822],[106.830014,43.0437626],[106.8282303,43.0437998],[106.8265942,43.0438214],[106.8241399,43.044035],[106.8248293,43.0444781],[106.8248749,43.0459345],[106.8249124,43.0473615],[106.8249527,43.0488041],[106.8249996,43.0502418],[106.825068,43.051706]]},"properties":{"kind":"power","name":null}},{"type":"Feature","geometry":{"type":"LineString","coordinates":[[106.8325138,43.0464441],[106.8325165,43.0460619],[106.8325675,43.0457836],[106.832597,43.0454934],[106.8326801,43.0453033],[106.8327472,43.0450877],[106.8327552,43.0449564],[106.832723,43.0446996],[106.8327311,43.0445604],[106.8328035,43.0444055],[106.8328598,43.0442095]]},"properties":{"kind":"pipeline","name":null}},{"type":"Feature","geometry":{"type":"LineString","coordinates":[[106.8323851,43.0475536],[106.8323502,43.0467264]]},"properties":{"kind":"pipeline","name":null}},{"type":"Feature","geometry":{"type":"LineString","coordinates":[[106.8168658,43.0293217],[106.8195856,43.0292825]]},"properties":{"kind":"road","class":"service","name":null,"surface":"compacted"}},{"type":"Feature","geometry":{"type":"LineString","coordinates":[[106.8195856,43.0292825],[106.8211681,43.0292668],[106.8220988,43.0292786],[106.8223241,43.0293217],[106.8224797,43.029355],[106.8227613,43.0294374],[106.8230268,43.0295786],[106.82337,43.0297651]]},"properties":{"kind":"road","class":"service","name":null,"surface":"compacted"}},{"type":"Feature","geometry":{"type":"LineString","coordinates":[[106.8105966,43.0296216],[106.8117308,43.0287],[106.8116692,43.0286595],[106.810535,43.0295812],[106.8105966,43.0296216]]},"properties":{"kind":"conveyor","name":null}},{"type":"Feature","geometry":{"type":"LineString","coordinates":[[106.8359229,43.025394],[106.8362063,43.0251025],[106.836439,43.024891],[106.8366725,43.0247769]]},"properties":{"kind":"road","class":"service","name":null,"surface":"compacted"}},{"type":"Feature","geometry":{"type":"LineString","coordinates":[[106.8349458,43.0217187],[106.8351024,43.0215858],[106.8351182,43.0215019],[106.8351102,43.0214411],[106.8349854,43.0213531],[106.8346206,43.0211629],[106.8343175,43.0208883],[106.834127,43.0202941],[106.834119,43.0196569],[106.8340546,43.0192764],[106.8339286,43.0188803],[106.8338025,43.0186979],[106.8335316,43.0184802],[106.8332098,43.0182645],[106.8326052,43.0179529],[106.8324226,43.017874],[106.8313014,43.0174583]]},"properties":{"kind":"road","class":"service","name":null,"surface":"compacted"}},{"type":"Feature","geometry":{"type":"LineString","coordinates":[[106.8419632,43.0352506],[106.8405202,43.0352388],[106.8401232,43.0352741],[106.8398389,43.0353486],[106.8395895,43.0354466],[106.83945,43.0355623],[106.8393534,43.0357329],[106.8394232,43.037019]]},"properties":{"kind":"road","class":"service","name":null,"surface":"compacted"}},{"type":"Feature","geometry":{"type":"LineString","coordinates":[[106.8404585,43.0386402],[106.8406396,43.0387383],[106.8409547,43.0389068],[106.8413891,43.0391672]]},"properties":{"kind":"road","class":"service","name":null,"surface":"compacted"}},{"type":"Feature","geometry":{"type":"LineString","coordinates":[[106.842804,43.0415388],[106.8422878,43.0415063]]},"properties":{"kind":"road","class":"service","name":null,"surface":"compacted"}},{"type":"Feature","geometry":{"type":"LineString","coordinates":[[106.8462172,43.048712],[106.8463272,43.0487512],[106.8468717,43.048761],[106.8471613,43.0488041],[106.8474135,43.04891],[106.8476495,43.0490746],[106.8478158,43.0492549],[106.8478963,43.0495391],[106.8479177,43.0500272],[106.847899,43.0501585],[106.8478721,43.0502173],[106.8476844,43.0502428],[106.8454903,43.0502683],[106.845367,43.0502271],[106.845324,43.050133],[106.8453079,43.0489844],[106.8453616,43.0489041],[106.8455118,43.0488218],[106.8458766,43.0487865],[106.8460992,43.048763],[106.8462172,43.048712]]},"properties":{"kind":"road","class":"service","name":null,"surface":"compacted"}},{"type":"Feature","geometry":{"type":"LineString","coordinates":[[106.8469277,43.0464529],[106.8468877,43.0454503]]},"properties":{"kind":"road","class":"service","name":null,"surface":"compacted"}},{"type":"Feature","geometry":{"type":"LineString","coordinates":[[106.855672,43.0483651],[106.8535101,43.0476359],[106.8530113,43.0474595],[106.8530059,43.0476751],[106.8528342,43.0478476],[106.8524748,43.0479025],[106.8520349,43.0480632],[106.8514019,43.0483847],[106.8511552,43.0485767],[106.8510801,43.0487061],[106.851182,43.0488786],[106.8518043,43.0492353],[106.8522227,43.0493804],[106.8524802,43.0493569],[106.8526733,43.0492275],[106.8528557,43.0488864]]},"properties":{"kind":"road","class":"service","name":null,"surface":"compacted"}},{"type":"Feature","geometry":{"type":"LineString","coordinates":[[106.8535665,43.0396596],[106.8523943,43.0397381],[106.8518874,43.0397596],[106.851528,43.0396949],[106.8503497,43.0397275],[106.8497444,43.0397028]]},"properties":{"kind":"road","class":"service","name":null,"surface":"compacted"}},{"type":"Feature","geometry":{"type":"LineString","coordinates":[[106.8570591,43.0359955],[106.8557122,43.0359936],[106.8555808,43.0359564],[106.8555164,43.035878],[106.8555137,43.0356349],[106.8555781,43.0355349],[106.855731,43.0354878],[106.8563077,43.0354251],[106.8566135,43.0354388],[106.8568253,43.0355153],[106.8570399,43.0355917]]},"properties":{"kind":"road","class":"service","name":null,"surface":"compacted"}},{"type":"Feature","geometry":{"type":"LineString","coordinates":[[106.8389042,43.0348771],[106.8388545,43.0338312],[106.8388532,43.0334205],[106.8384683,43.0209862],[106.8383825,43.0207528],[106.8383852,43.0204685],[106.8384066,43.020339],[106.838412,43.0200233]]},"properties":{"kind":"road","class":"service","name":null,"surface":"compacted"}},{"type":"Feature","geometry":{"type":"LineString","coordinates":[[106.8387512,43.0335018],[106.8388532,43.0334205]]},"properties":{"kind":"road","class":"service","name":null,"surface":"compacted"}},{"type":"Feature","geometry":{"type":"LineString","coordinates":[[106.8410647,43.0361289],[106.8406892,43.0359074],[106.8404236,43.0358074],[106.8401822,43.0358035],[106.8399838,43.0357701],[106.8398792,43.0356898],[106.8398899,43.0356054],[106.8405202,43.0352388]]},"properties":{"kind":"road","class":"service","name":null,"surface":"compacted"}},{"type":"Feature","geometry":{"type":"LineString","coordinates":[[106.843024,43.0359055],[106.8432051,43.0358995],[106.8433043,43.0358662],[106.8432936,43.035133],[106.8432373,43.0350212],[106.8430978,43.0349251],[106.8429879,43.0348507]]},"properties":{"kind":"road","class":"service","name":null,"surface":"compacted"}},{"type":"Feature","geometry":{"type":"LineString","coordinates":[[106.8456218,43.0360779],[106.8454072,43.0360642],[106.8441305,43.0360642],[106.8440849,43.0360074],[106.8441465,43.0357133]]},"properties":{"kind":"road","class":"service","name":null,"surface":"compacted"}},{"type":"Feature","geometry":{"type":"LineString","coordinates":[[106.8472167,43.0395997],[106.8474323,43.0396106],[106.8476897,43.0396028],[106.8479955,43.0395401],[106.8481243,43.0393675],[106.8481886,43.0390735],[106.8481672,43.0385873],[106.8481135,43.0383207],[106.8481886,43.0380188],[106.8482449,43.0377113],[106.8482155,43.0363836]]},"properties":{"kind":"road","class":"service","name":null,"surface":"compacted"}},{"type":"Feature","geometry":{"type":"LineString","coordinates":[[106.8496495,43.0363699],[106.84843,43.0364249],[106.8482798,43.0363896],[106.8482155,43.0363836],[106.847797,43.0363446],[106.8477005,43.0363661],[106.8476495,43.0363975],[106.847612,43.0365367],[106.8476229,43.0377216]]},"properties":{"kind":"road","class":"service","name":null,"surface":"compacted"}},{"type":"Feature","geometry":{"type":"LineString","coordinates":[[106.8496873,43.0376873],[106.8482449,43.0377113],[106.8476229,43.0377216],[106.8470863,43.0377953],[106.8468073,43.0378149]]},"properties":{"kind":"road","class":"service","name":null,"surface":"compacted"}},{"type":"Feature","geometry":{"type":"LineString","coordinates":[[106.8497041,43.0382816],[106.8501735,43.0382736],[106.8502432,43.0382423],[106.8502197,43.0375367]]},"properties":{"kind":"road","class":"service","name":null,"surface":"compacted"}},{"type":"Feature","geometry":{"type":"LineString","coordinates":[[106.8496835,43.0375541],[106.8502197,43.0375367],[106.8511257,43.0375071],[106.8513215,43.03756],[106.851477,43.0377032],[106.851528,43.0379129],[106.8515253,43.0392421],[106.8514422,43.039297],[106.8497333,43.0393128]]},"properties":{"kind":"road","class":"service","name":null,"surface":"compacted"}},{"type":"Feature","geometry":{"type":"LineString","coordinates":[[106.8431729,43.0377012],[106.8430039,43.037758],[106.8427397,43.037762],[106.8421832,43.0377816],[106.8416494,43.03776],[106.8413705,43.0377561],[106.8412524,43.03786],[106.8412632,43.038009],[106.8413222,43.0381835]]},"properties":{"kind":"road","class":"service","name":null,"surface":"compacted"}},{"type":"Feature","geometry":{"type":"LineString","coordinates":[[106.8287079,43.0417093],[106.8292254,43.0417033]]},"properties":{"kind":"road","class":"pedestrian","name":null,"surface":null}},{"type":"Feature","geometry":{"type":"LineString","coordinates":[[106.8264654,43.0412456],[106.8275974,43.0413085],[106.8280318,43.0412113],[106.8287306,43.04118],[106.8287079,43.0417093],[106.8287242,43.0418032],[106.828741,43.0423964],[106.8287597,43.0429199],[106.8287802,43.0434744]]},"properties":{"kind":"road","class":"pedestrian","name":null,"surface":null}},{"type":"Feature","geometry":{"type":"LineString","coordinates":[[106.8298289,43.0433549],[106.8298383,43.0434029],[106.8298785,43.0434352],[106.8299671,43.0434529],[106.8304093,43.0434433],[106.8309581,43.0434313]]},"properties":{"kind":"road","class":"pedestrian","name":null,"surface":null}},{"type":"Feature","geometry":{"type":"LineString","coordinates":[[106.8424836,43.0498292],[106.8425775,43.048369],[106.8438113,43.0477535],[106.8452328,43.0470302],[106.8466142,43.0463363],[106.8476817,43.0458032],[106.847899,43.0457453]]},"properties":{"kind":"power","name":null}},{"type":"Feature","geometry":{"type":"LineString","coordinates":[[106.8427397,43.037762],[106.8426928,43.0371601],[106.8428188,43.0370719],[106.8430618,43.0370016]]},"properties":{"kind":"road","class":"service","name":null,"surface":null}},{"type":"Feature","geometry":{"type":"LineString","coordinates":[[106.8420531,43.0403121],[106.8429128,43.0403026],[106.8433084,43.0402762],[106.8437549,43.0402693],[106.8439816,43.0402909],[106.8442672,43.0403556],[106.844455,43.0404438],[106.8446722,43.0405869],[106.8448359,43.0407476],[106.8449003,43.0409614],[106.8449727,43.0412025],[106.8449807,43.0413475],[106.8448627,43.0414906],[106.844801,43.0416552],[106.8447512,43.0417478]]},"properties":{"kind":"road","class":"service","name":null,"surface":null}},{"type":"Feature","geometry":{"type":"LineString","coordinates":[[106.8324199,43.0354172],[106.8319613,43.0337331],[106.8315147,43.0320951]]},"properties":{"kind":"power","name":null}},{"type":"Feature","geometry":{"type":"LineString","coordinates":[[106.8306067,43.0354231],[106.8290886,43.0354408],[106.8289089,43.0354476]]},"properties":{"kind":"power","name":null}},{"type":"Feature","geometry":{"type":"LineString","coordinates":[[106.8612444,43.0307456],[106.8611491,43.0305962],[106.860143,43.0292785],[106.8563455,43.0255882]]},"properties":{"kind":"road","class":"service","name":null,"surface":"compacted"}},{"type":"Feature","geometry":{"type":"LineString","coordinates":[[106.8733119,43.0554225],[106.8734416,43.0552779],[106.8737528,43.0551603],[106.8743294,43.0552564],[106.8745789,43.0554504],[106.8745951,43.0556089]]},"properties":{"kind":"road","class":"service","name":null,"surface":null}},{"type":"Feature","geometry":{"type":"LineString","coordinates":[[106.8732351,43.0552446],[106.872983,43.0560932],[106.8735194,43.056397],[106.8757135,43.056497],[106.8779907,43.0565832],[106.8802491,43.0566792],[106.8824941,43.0567831],[106.884841,43.0568733],[106.8870351,43.0569575],[106.8892935,43.057032],[106.8915948,43.0571222],[106.8938291,43.0572182],[106.896117,43.0573005],[106.8983647,43.0573867],[106.9006553,43.0574671],[106.9029272,43.0575749]]},"properties":{"kind":"power","name":null}},{"type":"Feature","geometry":{"type":"LineString","coordinates":[[106.8747465,43.019484],[106.8759119,43.0182192],[106.8772209,43.016819],[106.8772142,43.0166856]]},"properties":{"kind":"power","name":null}},{"type":"Feature","geometry":{"type":"LineString","coordinates":[[106.8347535,43.0485493],[106.8380848,43.0484689]]},"properties":{"kind":"conveyor","name":null}},{"type":"Feature","geometry":{"type":"LineString","coordinates":[[106.8347642,43.0486963],[106.8368778,43.0486924]]},"properties":{"kind":"conveyor","name":null}},{"type":"Feature","geometry":{"type":"LineString","coordinates":[[106.8380901,43.0488629],[106.8347642,43.0489472]]},"properties":{"kind":"conveyor","name":null}},{"type":"Feature","geometry":{"type":"LineString","coordinates":[[106.8445194,43.1350988],[106.8446106,43.135044],[106.8452302,43.1341867],[106.8452677,43.1341436],[106.8453535,43.1341181],[106.8455789,43.1342072]]},"properties":{"kind":"road","class":"service","name":null,"surface":null}},{"type":"Feature","geometry":{"type":"LineString","coordinates":[[106.8496411,43.0360858],[106.8514019,43.0359701],[106.8515897,43.0359074],[106.8518364,43.0356937],[106.8520027,43.0356741],[106.853016,43.0356349]]},"properties":{"kind":"road","class":"service","name":null,"surface":"compacted"}},{"type":"Feature","geometry":{"type":"LineString","coordinates":[[106.853022,43.035678],[106.8539554,43.0356564],[106.8542397,43.0356643],[106.8544248,43.035627],[106.8546635,43.0354349],[106.8547654,43.0352388],[106.8547091,43.0347369],[106.8545777,43.0346722],[106.854516,43.0346154],[106.8544972,43.0343468],[106.8544757,43.0338959],[106.8544811,43.0337567],[106.8545911,43.0337155],[106.8547252,43.0336214],[106.8547788,43.0335371]]},"properties":{"kind":"road","class":"service","name":null,"surface":"compacted"}},{"type":"Feature","geometry":{"type":"LineString","coordinates":[[106.8538875,43.0344465],[106.8544972,43.0343468]]},"properties":{"kind":"road","class":"service","name":null,"surface":"compacted"}},{"type":"Feature","geometry":{"type":"LineString","coordinates":[[106.8529795,43.0353739],[106.8537945,43.0353604],[106.853891,43.0353271],[106.8539152,43.0352506],[106.8538875,43.0344465],[106.8539393,43.0341958],[106.8538642,43.0341664],[106.8537945,43.0341743],[106.853773,43.0342233],[106.8537086,43.0344095],[106.8536121,43.0344958],[106.853486,43.0345821],[106.8535101,43.0348605],[106.8535101,43.0350585],[106.853486,43.0351898],[106.8533653,43.0351879],[106.8532768,43.0351408],[106.8532956,43.0350643],[106.8533653,43.0350232],[106.8534377,43.0349918]]},"properties":{"kind":"road","class":"service","name":null,"surface":"compacted"}},{"type":"Feature","geometry":{"type":"LineString","coordinates":[[106.853059,43.0359817],[106.854803,43.035927],[106.8549827,43.035876],[106.8550551,43.0357741],[106.8550953,43.03548],[106.8550095,43.0348487],[106.8550363,43.0347761],[106.8550873,43.0347369],[106.8552455,43.0346448],[106.8555781,43.0344507]]},"properties":{"kind":"road","class":"service","name":null,"surface":"compacted"}},{"type":"Feature","geometry":{"type":"LineString","coordinates":[[106.8570824,43.0354989],[106.8570774,43.0347996],[106.8571338,43.0346644],[106.8571016,43.0343762],[106.8570802,43.0341939]]},"properties":{"kind":"road","class":"service","name":null,"surface":"compacted"}},{"type":"Feature","geometry":{"type":"LineString","coordinates":[[106.8436986,43.037858],[106.841577,43.0379423],[106.8390503,43.0379815]]},"properties":{"kind":"conveyor","name":null}},{"type":"Feature","geometry":{"type":"LineString","coordinates":[[106.8753487,43.0168719],[106.87581,43.0167131],[106.8761051,43.0167131]]},"properties":{"kind":"pipeline","name":null}},{"type":"Feature","geometry":{"type":"LineString","coordinates":[[106.8751502,43.0169562],[106.8753487,43.0168719]]},"properties":{"kind":"pipeline","name":null}},{"type":"Feature","geometry":{"type":"LineString","coordinates":[[106.8466356,43.0286805],[106.8472499,43.0283041]]},"properties":{"kind":"pipeline","name":null}},{"type":"Feature","geometry":{"type":"LineString","coordinates":[[106.8371299,43.0350134],[106.8373713,43.0346507],[106.8375322,43.0344605],[106.837728,43.0342841],[106.8379238,43.0341272],[106.8387607,43.0336018],[106.8390906,43.0333881],[106.8445596,43.0299883],[106.8466356,43.0286805]]},"properties":{"kind":"pipeline","name":null}},{"type":"Feature","geometry":{"type":"LineString","coordinates":[[106.8472499,43.0283041],[106.8490952,43.0271472],[106.8496048,43.0268825],[106.8501413,43.0266688],[106.8569836,43.0240354],[106.8678331,43.0198233],[106.8751502,43.0169562]]},"properties":{"kind":"pipeline","name":null}},{"type":"Feature","geometry":{"type":"LineString","coordinates":[[106.8369958,43.035233],[106.8371299,43.0350134]]},"properties":{"kind":"pipeline","name":null}},{"type":"Feature","geometry":{"type":"LineString","coordinates":[[106.8329953,43.043641],[106.8329966,43.0434587]]},"properties":{"kind":"pipeline","name":null}},{"type":"Feature","geometry":{"type":"LineString","coordinates":[[106.832943,43.0438723],[106.8329953,43.043641]]},"properties":{"kind":"pipeline","name":null}},{"type":"Feature","geometry":{"type":"LineString","coordinates":[[106.8329966,43.0434587],[106.8330355,43.0430765],[106.8329617,43.0427315],[106.8329684,43.0422855],[106.832955,43.0418523],[106.8329859,43.041569],[106.8330502,43.0413534],[106.8331428,43.0411475],[106.8332501,43.0409535],[106.8333775,43.0407476],[106.8335411,43.040532],[106.8338281,43.0401086],[106.8340695,43.039689],[106.8343189,43.0392989],[106.8346086,43.0388971],[106.8348634,43.0384952],[106.8351182,43.0380894],[106.8353811,43.0376894],[106.83566,43.0372758],[106.8369958,43.035233]]},"properties":{"kind":"pipeline","name":null}},{"type":"Feature","geometry":{"type":"LineString","coordinates":[[106.8374598,43.049696],[106.8385649,43.0497116],[106.8395466,43.0497312],[106.8402118,43.0496548],[106.8403995,43.0495391],[106.8405256,43.0493627],[106.8405122,43.048222],[106.8404397,43.047975],[106.8402815,43.0479142],[106.8399328,43.0478966],[106.8389592,43.0479162],[106.8384576,43.0478574],[106.8380982,43.0477417],[106.8377776,43.0475977],[106.8377055,43.0473834]]},"properties":{"kind":"road","class":"service","name":null,"surface":"ground"}},{"type":"Feature","geometry":{"type":"LineString","coordinates":[[106.8407601,43.0471765],[106.840834,43.0481847],[106.8408582,43.0486473],[106.8408635,43.0491726],[106.8408421,43.0494392],[106.8408233,43.049692],[106.8408152,43.0497939],[106.8407804,43.0498606],[106.8407321,43.0499115],[106.8406409,43.0499566],[106.840539,43.0499684],[106.8401112,43.0499476],[106.8385542,43.049986],[106.836661,43.0500241],[106.8365988,43.0500253],[106.8337637,43.050035],[106.8322027,43.0500899],[106.8307999,43.0499625],[106.830662,43.0499524],[106.8302098,43.0499194],[106.8298719,43.0498135],[106.8293377,43.0496362],[106.8287265,43.0494333],[106.8283886,43.0493647],[106.8278924,43.0494274],[106.8275973,43.0494882],[106.8273452,43.0495156],[106.8272084,43.0494353],[106.8271735,43.0490785],[106.8272057,43.0489413],[106.8273881,43.048857]]},"properties":{"kind":"road","class":"service","name":null,"surface":"ground"}},{"type":"Feature","geometry":{"type":"LineString","coordinates":[[106.8220947,43.0478931],[106.8212186,43.0479107]]},"properties":{"kind":"road","class":"service","name":null,"surface":"ground"}},{"type":"Feature","geometry":{"type":"LineString","coordinates":[[106.823354,43.0489197],[106.8231396,43.048913]]},"properties":{"kind":"road","class":"service","name":null,"surface":"ground"}},{"type":"Feature","geometry":{"type":"LineString","coordinates":[[106.8220881,43.0487453],[106.8221728,43.0489053],[106.8221967,43.0490227],[106.8221927,43.0492059],[106.8221898,43.0493236],[106.8221873,43.0494235],[106.8221935,43.0497608],[106.822198,43.0500086],[106.8221792,43.0501441]]},"properties":{"kind":"road","class":"service","name":null,"surface":null}},{"type":"Feature","geometry":{"type":"LineString","coordinates":[[106.8220881,43.0487453],[106.8220947,43.0478931]]},"properties":{"kind":"road","class":"service","name":null,"surface":null}},{"type":"Feature","geometry":{"type":"LineString","coordinates":[[106.8221792,43.0501441],[106.8221176,43.0500174],[106.8220103,43.0499194],[106.8219767,43.049839],[106.8219654,43.0496798],[106.8219727,43.0496381],[106.8220143,43.0495901],[106.822025,43.0494235],[106.822013,43.0493255],[106.821962,43.0492324],[106.8219177,43.0490844],[106.8219489,43.0489729],[106.8219827,43.0489176],[106.8220881,43.0487453]]},"properties":{"kind":"road","class":"service","name":null,"surface":null}},{"type":"Feature","geometry":{"type":"LineString","coordinates":[[106.8209534,43.0428005],[106.8202863,43.0436639],[106.8199522,43.0440782],[106.8195976,43.0445179],[106.8195346,43.0445663],[106.8194434,43.044582],[106.8191028,43.0444428],[106.81882,43.0443009],[106.8179387,43.0438586]]},"properties":{"kind":"road","class":"service","name":null,"surface":"ground"}},{"type":"Feature","geometry":{"type":"LineString","coordinates":[[106.8273854,43.0436565],[106.827608,43.043889],[106.8276778,43.0439507],[106.827722,43.0439792],[106.827785,43.0439997],[106.8284744,43.0439782],[106.8285897,43.0439351],[106.82863,43.0438625],[106.8286085,43.0436586]]},"properties":{"kind":"road","class":"service","name":null,"surface":"ground"}},{"type":"Feature","geometry":{"type":"LineString","coordinates":[[106.8264976,43.0478207],[106.8263957,43.0474144],[106.8263206,43.0470479],[106.8263072,43.0467284],[106.8262111,43.0440836],[106.8262213,43.0436531]]},"properties":{"kind":"road","class":"service","name":null,"surface":"ground"}},{"type":"Feature","geometry":{"type":"LineString","coordinates":[[106.815176,43.0371013],[106.8151157,43.0360544],[106.8151009,43.035526],[106.8151465,43.0350869],[106.8151344,43.034981],[106.8150929,43.0349075],[106.8150151,43.0348585],[106.8146677,43.0347752],[106.8145806,43.0347311],[106.8145472,43.0346863]]},"properties":{"kind":"road","class":"service","name":null,"surface":"compacted"}},{"type":"Feature","geometry":{"type":"LineString","coordinates":[[106.8156017,43.0315129],[106.8153597,43.0315098],[106.8152712,43.0315275],[106.8151921,43.0315853],[106.8146744,43.0320313],[106.8145511,43.0321862],[106.8144974,43.0323607],[106.8144786,43.0327136],[106.8145323,43.0327783],[106.8149346,43.0328626],[106.8148702,43.0332469],[106.8145472,43.0346863],[106.8142265,43.0357721],[106.8137491,43.0366974],[106.8136579,43.0370817]]},"properties":{"kind":"road","class":"service","name":null,"surface":"compacted"}},{"type":"Feature","geometry":{"type":"LineString","coordinates":[[106.8155738,43.031796],[106.8156119,43.0318608],[106.815742,43.0318774],[106.8158814,43.0319137],[106.8159713,43.031996],[106.8160075,43.0321892],[106.816033,43.0325352],[106.8159901,43.0327636],[106.8159404,43.0328175],[106.8158627,43.0328499],[106.8155743,43.0328538],[106.8155341,43.0328352],[106.8155341,43.0327352],[106.815569,43.0327136],[106.8158399,43.0326715],[106.8159163,43.0326332],[106.8159766,43.0325774],[106.8159954,43.0325068],[106.8160075,43.0321892]]},"properties":{"kind":"road","class":"service","name":null,"surface":"compacted"}},{"type":"Feature","geometry":{"type":"LineString","coordinates":[[106.815817,43.0293278],[106.8156017,43.0315129],[106.8155738,43.031796],[106.8155676,43.0318588],[106.8155891,43.0321049],[106.8156427,43.0322235],[106.8157165,43.0323656],[106.8157232,43.0324607],[106.8157017,43.0325058],[106.8156441,43.0325303],[106.8155757,43.0325244],[106.8155193,43.0324911],[106.8155019,43.0324372],[106.8155073,43.0323196],[106.8155676,43.0318588]]},"properties":{"kind":"road","class":"service","name":null,"surface":"compacted"}},{"type":"Feature","geometry":{"type":"LineString","coordinates":[[106.8431332,42.9966243],[106.8426526,42.9964985],[106.8421966,42.9965613],[106.8339515,43.0014734],[106.8337369,43.0016891],[106.8336886,43.0019245],[106.8339086,43.0025601],[106.8350512,43.0056593],[106.8359578,43.008213],[106.8365613,43.0093408],[106.8367249,43.0096625],[106.8367598,43.00994],[106.8368751,43.0100155],[106.8370239,43.0100704],[106.8372297,43.0101161]]},"properties":{"kind":"road","class":"service","name":null,"surface":null}},{"type":"Feature","geometry":{"type":"LineString","coordinates":[[106.8363064,43.0101803],[106.8365613,43.0100685],[106.8367598,43.00994]]},"properties":{"kind":"road","class":"service","name":null,"surface":null}},{"type":"Feature","geometry":{"type":"LineString","coordinates":[[106.8284309,43.0484829],[106.8284611,43.0485618]]},"properties":{"kind":"road","class":"service","name":null,"surface":"ground"}},{"type":"Feature","geometry":{"type":"LineString","coordinates":[[106.8282383,43.0476818],[106.8283939,43.0483729],[106.8284309,43.0484829]]},"properties":{"kind":"road","class":"service","name":null,"surface":"ground"}},{"type":"Feature","geometry":{"type":"LineString","coordinates":[[106.817535,43.0470087],[106.8168282,43.0471596]]},"properties":{"kind":"road","class":"service","name":null,"surface":null}},{"type":"Feature","geometry":{"type":"LineString","coordinates":[[106.8173915,43.0477966],[106.8174317,43.0476241],[106.8175431,43.0474095],[106.817598,43.0472203],[106.8175873,43.0471302],[106.817535,43.0470087],[106.817476,43.0467636],[106.8173808,43.0465412],[106.8172413,43.0462383],[106.8171635,43.046056],[106.8171018,43.0460364],[106.8169704,43.0460521],[106.8165681,43.0461462]]},"properties":{"kind":"road","class":"service","name":null,"surface":null}},{"type":"Feature","geometry":{"type":"LineString","coordinates":[[106.8128585,43.04784],[106.8129015,43.048321],[106.8129042,43.0487071],[106.8128733,43.0490285]]},"properties":{"kind":"road","class":"service","name":null,"surface":null}},{"type":"Feature","geometry":{"type":"LineString","coordinates":[[106.8160755,43.0483928],[106.8159793,43.048317],[106.8159458,43.0482641],[106.8159525,43.0482308],[106.8160263,43.0481592],[106.8161818,43.0481024],[106.8162844,43.0480588],[106.816381,43.0479755],[106.8165171,43.0478701],[106.8166338,43.0478025],[106.8167076,43.047776],[106.8169221,43.0477692],[106.8173915,43.0477966]]},"properties":{"kind":"road","class":"service","name":null,"surface":null}},{"type":"Feature","geometry":{"type":"LineString","coordinates":[[106.8174176,43.0483807],[106.8171595,43.0484004],[106.8162623,43.0483974],[106.8160755,43.0483928],[106.8144545,43.0483533],[106.813269,43.0483366],[106.8129015,43.048321]]},"properties":{"kind":"road","class":"service","name":null,"surface":null}},{"type":"Feature","geometry":{"type":"LineString","coordinates":[[106.8487439,43.0390274],[106.8487385,43.0394068],[106.8487465,43.039444],[106.8487613,43.0394705],[106.8487921,43.0394871],[106.8488511,43.0394969],[106.8489343,43.0394969],[106.8490422,43.0394977],[106.8497387,43.0395028]]},"properties":{"kind":"road","class":"service","name":null,"surface":null}},{"type":"Feature","geometry":{"type":"LineString","coordinates":[[106.8222542,43.0428611],[106.8223076,43.0427769]]},"properties":{"kind":"road","class":"service","name":null,"surface":null}},{"type":"Feature","geometry":{"type":"LineString","coordinates":[[106.8223076,43.0427769],[106.8224341,43.0426589],[106.8226299,43.0424355],[106.8227774,43.0422238],[106.8228632,43.0420611],[106.8228847,43.0420022],[106.8228927,43.0418768],[106.8228444,43.0418199],[106.8227184,43.0417807],[106.8223348,43.041669],[106.8220559,43.041618],[106.821775,43.0415318]]},"properties":{"kind":"road","class":"service","name":null,"surface":null}},{"type":"Feature","geometry":{"type":"LineString","coordinates":[[106.8216936,43.0416644],[106.8219674,43.041767],[106.8219928,43.0417935],[106.8220103,43.0418258],[106.8219902,43.0418827],[106.8219312,43.0419679],[106.8215945,43.042312],[106.8214779,43.0424727],[106.8213156,43.0426609],[106.8213156,43.0427119],[106.8213424,43.0427609],[106.8214416,43.0428452],[106.8216455,43.0429275],[106.8220156,43.0430059],[106.8220773,43.0430079],[106.8221283,43.0429902],[106.8222542,43.0428611]]},"properties":{"kind":"road","class":"service","name":null,"surface":null}},{"type":"Feature","geometry":{"type":"LineString","coordinates":[[106.8207052,43.0417689],[106.8203634,43.0428334],[106.820299,43.0430353]]},"properties":{"kind":"road","class":"service","name":null,"surface":null}},{"type":"Feature","geometry":{"type":"LineString","coordinates":[[106.8188716,43.0415996],[106.8194032,43.0417925],[106.8197921,43.0419532],[106.8199798,43.042065],[106.8200415,43.0421552],[106.8200523,43.0422551],[106.8200496,43.0424237],[106.819945,43.0426452]]},"properties":{"kind":"road","class":"service","name":null,"surface":null}},{"type":"Feature","geometry":{"type":"LineString","coordinates":[[106.8182996,43.0421614],[106.8186092,43.0423218],[106.8187407,43.0423551],[106.8188399,43.0423512],[106.8189445,43.0423277],[106.8190438,43.0422963],[106.8191081,43.0422394]]},"properties":{"kind":"road","class":"service","name":null,"surface":null}},{"type":"Feature","geometry":{"type":"LineString","coordinates":[[106.8238084,43.0454327],[106.823405,43.045417],[106.8233353,43.0453856],[106.8232924,43.0453111],[106.8232495,43.0451504],[106.8232414,43.0449407],[106.8232548,43.0448446]]},"properties":{"kind":"road","class":"service","name":null,"surface":null}},{"type":"Feature","geometry":{"type":"LineString","coordinates":[[106.821506,43.0446721],[106.8213129,43.0448505],[106.82116,43.0450936],[106.8211037,43.0452719],[106.8211439,43.0453974],[106.8212458,43.0454797],[106.8213236,43.0454934],[106.8214443,43.0454885],[106.8215395,43.0454621],[106.8216187,43.0454209]]},"properties":{"kind":"road","class":"service","name":null,"surface":null}},{"type":"Feature","geometry":{"type":"LineString","coordinates":[[106.8221268,43.0433526],[106.8218547,43.0438645],[106.8217581,43.0440056],[106.82173,43.0440841],[106.8217313,43.0441625],[106.8218118,43.0443075],[106.8218636,43.0444898],[106.8219298,43.0447231],[106.8219191,43.0449779],[106.8219191,43.0451387],[106.8218869,43.0452288],[106.8217689,43.0453621],[106.8216187,43.0454209],[106.8214765,43.0453347],[106.8214229,43.0451798],[106.8214175,43.0450367],[106.821506,43.0446721],[106.8215221,43.0443957],[106.8215273,43.0443065],[106.8214577,43.0442644],[106.8210554,43.0440605],[106.8208585,43.0443385],[106.8201059,43.0454013],[106.8200147,43.0454268],[106.819953,43.0454248],[106.8198967,43.0454092],[106.819886,43.04537],[106.8199101,43.0453131],[106.820299,43.0448093],[106.8203634,43.0447348],[106.8205002,43.0446447],[106.820763,43.0442977],[106.820994,43.0440289]]},"properties":{"kind":"road","class":"service","name":null,"surface":null}},{"type":"Feature","geometry":{"type":"LineString","coordinates":[[106.8202863,43.0436639],[106.820994,43.0440289],[106.8210554,43.0440605],[106.8217387,43.04317]]},"properties":{"kind":"road","class":"service","name":null,"surface":null}},{"type":"Feature","geometry":{"type":"LineString","coordinates":[[106.8195346,43.0445663],[106.8190652,43.0451524],[106.8189418,43.0454229]]},"properties":{"kind":"road","class":"service","name":null,"surface":null}},{"type":"Feature","geometry":{"type":"LineString","coordinates":[[106.8189418,43.0454229],[106.8189847,43.0455287],[106.8190947,43.0456209],[106.8192932,43.0457091],[106.8194193,43.0457934],[106.8194568,43.0458502],[106.8194514,43.0459286],[106.8193468,43.0459972],[106.8191966,43.0460109],[106.8190384,43.0459776],[106.818805,43.045862],[106.8187299,43.0457463],[106.8187299,43.0456738],[106.8187782,43.0455777],[106.8189418,43.0454229]]},"properties":{"kind":"road","class":"service","name":null,"surface":null}},{"type":"Feature","geometry":{"type":"LineString","coordinates":[[106.820763,43.0442977],[106.8202293,43.0440566]]},"properties":{"kind":"road","class":"service","name":null,"surface":null}},{"type":"Feature","geometry":{"type":"LineString","coordinates":[[106.8206692,43.0484141],[106.8205672,43.0486022],[106.8205565,43.0488355],[106.8205994,43.04891],[106.8206719,43.0489237],[106.8207845,43.0489237],[106.8208891,43.0488923],[106.8209535,43.048857],[106.8210018,43.0487688],[106.8210044,43.0486708],[106.820991,43.0485532],[106.8210152,43.0483925],[106.8210179,43.0480691],[106.8210366,43.0479907],[106.8210983,43.0479691],[106.8211775,43.0479721]]},"properties":{"kind":"road","class":"service","name":null,"surface":null}},{"type":"Feature","geometry":{"type":"LineString","coordinates":[[106.8217367,43.0469557],[106.821557,43.0468616],[106.8214872,43.0467734],[106.8214872,43.0466852],[106.8214363,43.046352],[106.821439,43.046105],[106.8214658,43.0459247],[106.8214926,43.0458502],[106.8216079,43.0458247],[106.8216777,43.0458188],[106.8217608,43.0458482]]},"properties":{"kind":"road","class":"service","name":null,"surface":null}},{"type":"Feature","geometry":{"type":"LineString","coordinates":[[106.8221578,43.0470577],[106.822257,43.0470773],[106.8224233,43.0471302],[106.8225172,43.0471772]]},"properties":{"kind":"road","class":"service","name":null,"surface":null}},{"type":"Feature","geometry":{"type":"LineString","coordinates":[[106.8221498,43.0472909],[106.8220586,43.0471753],[106.8220156,43.0470655],[106.8219915,43.0463814],[106.8219808,43.0461011]]},"properties":{"kind":"road","class":"service","name":null,"surface":null}},{"type":"Feature","geometry":{"type":"LineString","coordinates":[[106.8220947,43.0478931],[106.8221108,43.0476888]]},"properties":{"kind":"road","class":"service","name":null,"surface":null}},{"type":"Feature","geometry":{"type":"LineString","coordinates":[[106.8221108,43.0476888],[106.8221498,43.0472909],[106.8221578,43.0470577],[106.8221632,43.0465774],[106.8221685,43.0462187],[106.822131,43.045909],[106.8221095,43.045858],[106.8220532,43.045809],[106.8219888,43.0457934],[106.8218333,43.045809],[106.8217608,43.0458482],[106.8217286,43.0459345],[106.8216991,43.046058],[106.821734,43.0467676],[106.8217367,43.0469557],[106.8217957,43.047089],[106.8220505,43.0474889],[106.8221108,43.0476888]]},"properties":{"kind":"road","class":"service","name":null,"surface":null}},{"type":"Feature","geometry":{"type":"LineString","coordinates":[[106.8225012,43.0489129],[106.8225266,43.0488404],[106.8225521,43.0488188],[106.8225876,43.0488056],[106.8226768,43.0487977],[106.8228022,43.048787],[106.8229081,43.0487899],[106.8229832,43.0487948],[106.8230516,43.0488198],[106.8231396,43.048913]]},"properties":{"kind":"road","class":"service","name":null,"surface":null}},{"type":"Feature","geometry":{"type":"LineString","coordinates":[[106.8247502,43.049594],[106.8239039,43.0495921]]},"properties":{"kind":"road","class":"service","name":null,"surface":null}},{"type":"Feature","geometry":{"type":"LineString","coordinates":[[106.8233362,43.0515622],[106.8231609,43.0509857],[106.8230671,43.0504231],[106.82311,43.050035],[106.8231449,43.0498234],[106.8231127,43.0497881],[106.8230402,43.049743],[106.8229061,43.0497234],[106.8227077,43.0497332],[106.8224877,43.0497587],[106.8221935,43.0497608]]},"properties":{"kind":"road","class":"service","name":null,"surface":null}},{"type":"Feature","geometry":{"type":"LineString","coordinates":[[106.8181211,43.0503334],[106.8181217,43.0502703],[106.8180969,43.049844],[106.8180728,43.0498332],[106.8180379,43.0498283],[106.8177281,43.0498185],[106.8174427,43.0498302]]},"properties":{"kind":"road","class":"service","name":null,"surface":null}},{"type":"Feature","geometry":{"type":"LineString","coordinates":[[106.8174433,43.0493532],[106.8163856,43.0493029],[106.8159552,43.0493157],[106.8150647,43.0493079],[106.8132307,43.0493162],[106.8132545,43.0485613],[106.8133011,43.0485101],[106.8134031,43.0484944],[106.8169436,43.0484944],[106.8170831,43.0484925],[106.8171595,43.0484004]]},"properties":{"kind":"road","class":"service","name":null,"surface":null}},{"type":"Feature","geometry":{"type":"LineString","coordinates":[[106.8122665,43.0493719],[106.8123704,43.0493725],[106.8125501,43.049398],[106.8128532,43.0493882],[106.8129055,43.0494157],[106.8129229,43.0494549],[106.8129551,43.0496862],[106.812939,43.0498704],[106.8128854,43.0499057],[106.8128277,43.0499292],[106.8127218,43.0499998],[106.812703,43.0500527],[106.8127084,43.0502036],[106.8127647,43.0502742],[106.8128693,43.050329]]},"properties":{"kind":"road","class":"service","name":null,"surface":null}},{"type":"Feature","geometry":{"type":"LineString","coordinates":[[106.8158581,43.0447211],[106.8165252,43.0451994]]},"properties":{"kind":"road","class":"service","name":null,"surface":null}},{"type":"Feature","geometry":{"type":"LineString","coordinates":[[106.827608,43.043889],[106.82863,43.0438625]]},"properties":{"kind":"road","class":"service","name":null,"surface":null}},{"type":"Feature","geometry":{"type":"LineString","coordinates":[[106.8324365,43.0432566],[106.8322939,43.0431137],[106.832251,43.0429745],[106.8322268,43.0426197],[106.8322107,43.0419826],[106.8322456,43.0419042],[106.8323881,43.0417534]]},"properties":{"kind":"road","class":"service","name":null,"surface":null}},{"type":"Feature","geometry":{"type":"LineString","coordinates":[[106.8278307,43.039442],[106.8278468,43.0399321]]},"properties":{"kind":"road","class":"service","name":null,"surface":null}},{"type":"Feature","geometry":{"type":"LineString","coordinates":[[106.8323544,43.0406791],[106.832141,43.0407574],[106.831677,43.0407535],[106.8307811,43.0407104],[106.830702,43.0406829],[106.8306671,43.0406408],[106.8306591,43.0406075],[106.8306792,43.0405585],[106.8307167,43.0405242],[106.8307798,43.0404928],[106.8310185,43.0404614],[106.8311231,43.0404644],[106.8313631,43.0404663],[106.8315737,43.0404428],[106.8318419,43.0403585],[106.8323452,43.0402066]]},"properties":{"kind":"road","class":"service","name":null,"surface":null}},{"type":"Feature","geometry":{"type":"LineString","coordinates":[[106.8261918,43.0411377],[106.8261087,43.0409995],[106.8260041,43.0408692],[106.8259357,43.0407859],[106.8259317,43.0407153],[106.8259116,43.0405183],[106.8258941,43.0400733],[106.8258874,43.0395577],[106.8259129,43.0395165],[106.8259585,43.0395008],[106.8260457,43.0394783],[106.8262777,43.0394685],[106.8272057,43.0394489],[106.8278307,43.039442],[106.8283913,43.0394322],[106.8323289,43.0393634]]},"properties":{"kind":"road","class":"service","name":null,"surface":null}},{"type":"Feature","geometry":{"type":"LineString","coordinates":[[106.8261516,43.0434823],[106.8262213,43.0427668],[106.826216,43.0420317],[106.8262294,43.0414416],[106.8262388,43.0414083],[106.8262696,43.0413857],[106.8263448,43.0413514]]},"properties":{"kind":"road","class":"service","name":null,"surface":null}},{"type":"Feature","geometry":{"type":"LineString","coordinates":[[106.8528352,43.0343424],[106.8520886,43.0343723],[106.8515682,43.0343958],[106.8515038,43.0344027],[106.8514502,43.0344272],[106.8514395,43.0345213],[106.8513966,43.0348075],[106.8513912,43.0350938]]},"properties":{"kind":"road","class":"service","name":null,"surface":null}},{"type":"Feature","geometry":{"type":"LineString","coordinates":[[106.847612,43.0365367],[106.8472016,43.0365563],[106.8470219,43.0365504],[106.8469897,43.036521],[106.846979,43.0364779],[106.8469763,43.0364396],[106.8469977,43.0364073],[106.8470407,43.0364004],[106.847266,43.0363896],[106.8476495,43.0363975]]},"properties":{"kind":"road","class":"service","name":null,"surface":null}},{"type":"Feature","geometry":{"type":"LineString","coordinates":[[106.8430618,43.0370016],[106.8438864,43.036968]]},"properties":{"kind":"road","class":"service","name":null,"surface":null}},{"type":"Feature","geometry":{"type":"LineString","coordinates":[[106.8430764,43.0367641],[106.8431287,43.0368151],[106.8431836,43.0368445],[106.843307,43.0368543],[106.8434411,43.0368229],[106.8436691,43.0367974],[106.8439829,43.0368013],[106.8440822,43.0368484],[106.8441224,43.0368915],[106.8441358,43.0369856],[106.8441224,43.0370425],[106.8440393,43.0370758],[106.8438622,43.0370915],[106.8436128,43.0371072]]},"properties":{"kind":"road","class":"service","name":null,"surface":null}},{"type":"Feature","geometry":{"type":"LineString","coordinates":[[106.8521964,43.0461139],[106.8521959,43.0457855],[106.8522468,43.0457267],[106.8522978,43.0457051],[106.8523461,43.0456816],[106.8524319,43.0456757],[106.8526089,43.0456679],[106.852802,43.0457051],[106.8529496,43.0457424],[106.8529973,43.0460372]]},"properties":{"kind":"road","class":"service","name":null,"surface":null}},{"type":"Feature","geometry":{"type":"LineString","coordinates":[[106.8477675,43.0454131],[106.8477702,43.0447505]]},"properties":{"kind":"road","class":"service","name":null,"surface":null}},{"type":"Feature","geometry":{"type":"LineString","coordinates":[[106.8486822,43.0454758],[106.848667,43.046351]]},"properties":{"kind":"road","class":"service","name":null,"surface":null}},{"type":"Feature","geometry":{"type":"LineString","coordinates":[[106.8470402,43.0464461],[106.8470487,43.0458522],[106.8470862,43.0454778],[106.8471238,43.045368],[106.8471882,43.0453504],[106.8477675,43.0454131],[106.8483549,43.0454738],[106.8486822,43.0454758],[106.8491703,43.0454993],[106.8501064,43.0454817],[106.8506187,43.0454895],[106.8512276,43.0454582],[106.8516272,43.0454562],[106.8518016,43.0454444],[106.8519786,43.0453896],[106.8519987,43.0453352],[106.8519866,43.0452857],[106.8519598,43.0452592],[106.8519276,43.0452445],[106.8517023,43.0452759],[106.8514985,43.0452798],[106.8513215,43.0451955],[106.8511712,43.0450093],[106.8507636,43.0443546],[106.850431,43.0440017],[106.8503371,43.0439351],[106.8501788,43.0438821],[106.849739,43.04389],[106.8491247,43.0439272],[106.848819,43.043888],[106.8484327,43.043841],[106.8473732,43.0437587],[106.8472713,43.04379],[106.8472096,43.0438508],[106.8471479,43.0440448]]},"properties":{"kind":"road","class":"service","name":null,"surface":null}},{"type":"Feature","geometry":{"type":"LineString","coordinates":[[106.8279977,43.0252739],[106.8279728,43.0251825],[106.8279675,43.0250786],[106.8280131,43.0249727],[106.8280922,43.0247649],[106.8280935,43.0247394],[106.8280788,43.0247148],[106.8280292,43.0246894],[106.8277811,43.0245786]]},"properties":{"kind":"road","class":"service","name":null,"surface":null}},{"type":"Feature","geometry":{"type":"LineString","coordinates":[[106.8272436,43.0249709],[106.8276617,43.024408],[106.8276966,43.0243864],[106.8277475,43.0243727],[106.8278307,43.0243648],[106.8279996,43.0244413],[106.8280506,43.0244727]]},"properties":{"kind":"road","class":"service","name":null,"surface":null}},{"type":"Feature","geometry":{"type":"LineString","coordinates":[[106.8718109,43.054296],[106.8721569,43.0543097],[106.8723124,43.0543431],[106.8725699,43.0544254],[106.8726745,43.0544901],[106.872755,43.0546135],[106.8727335,43.0549467],[106.8726343,43.0550643],[106.8725431,43.0551094],[106.8723894,43.0551007],[106.8719396,43.0550545]]},"properties":{"kind":"road","class":"service","name":null,"surface":null}},{"type":"Feature","geometry":{"type":"LineString","coordinates":[[106.8313054,43.0238873],[106.8313538,43.0238629],[106.8314154,43.0238629],[106.8315066,43.0238913],[106.8317333,43.0240011],[106.8316716,43.0240903],[106.8315897,43.0242112]]},"properties":{"kind":"road","class":"service","name":null,"surface":null}},{"type":"Feature","geometry":{"type":"LineString","coordinates":[[106.8293031,43.0229696],[106.82874,43.0232363],[106.8284918,43.0233903],[106.8283604,43.0234579],[106.8282223,43.0234972],[106.8279648,43.0235119],[106.8278883,43.0235305],[106.8278361,43.0235628],[106.8276885,43.0237766],[106.8276858,43.0238246],[106.8277127,43.0238589],[106.8279219,43.0239354],[106.8280184,43.0239462],[106.8281069,43.0239236],[106.8293031,43.0229696]]},"properties":{"kind":"road","class":"service","name":null,"surface":"compacted"}},{"type":"Feature","geometry":{"type":"LineString","coordinates":[[106.8315066,43.0238913],[106.8313994,43.0240982],[106.8312129,43.0243335],[106.831166,43.0244168],[106.831174,43.0244599],[106.8313128,43.0245921]]},"properties":{"kind":"road","class":"service","name":null,"surface":null}},{"type":"Feature","geometry":{"type":"LineString","coordinates":[[106.8321305,43.0222781],[106.8317467,43.0223686],[106.8315777,43.022453],[106.831449,43.0225922],[106.8310064,43.0232099]]},"properties":{"kind":"road","class":"service","name":null,"surface":null}},{"type":"Feature","geometry":{"type":"LineString","coordinates":[[106.8317333,43.0240011],[106.8319814,43.0236491],[106.8322,43.0233069],[106.8324414,43.022951],[106.8326023,43.0227334],[106.8326157,43.0225922],[106.8325856,43.0224441]]},"properties":{"kind":"road","class":"service","name":null,"surface":null}},{"type":"Feature","geometry":{"type":"LineString","coordinates":[[106.8205243,43.0469773],[106.8195426,43.0469538],[106.8186039,43.0469812],[106.8186146,43.047632]]},"properties":{"kind":"road","class":"service","name":null,"surface":null}},{"type":"Feature","geometry":{"type":"LineString","coordinates":[[106.8205243,43.0463383],[106.8195426,43.0463344],[106.8195426,43.0469538],[106.81954,43.0475977],[106.8195212,43.0481632]]},"properties":{"kind":"road","class":"service","name":null,"surface":null}},{"type":"Feature","geometry":{"type":"LineString","coordinates":[[106.8185635,43.0483493],[106.8185717,43.0476986],[106.8186146,43.047632],[106.8187219,43.0475889],[106.81954,43.0475977],[106.8205243,43.0476045]]},"properties":{"kind":"road","class":"service","name":null,"surface":null}},{"type":"Feature","geometry":{"type":"LineString","coordinates":[[106.822831,43.050137],[106.8228739,43.050184],[106.8228793,43.0502212],[106.822823,43.0502683],[106.8223563,43.0502859]]},"properties":{"kind":"road","class":"service","name":null,"surface":null}},{"type":"Feature","geometry":{"type":"LineString","coordinates":[[106.8229035,43.0499919],[106.82311,43.050035]]},"properties":{"kind":"road","class":"service","name":null,"surface":null}},{"type":"Feature","geometry":{"type":"LineString","coordinates":[[106.8221792,43.0501441],[106.8225789,43.0501507],[106.822831,43.050137],[106.8228927,43.0501056],[106.8229035,43.0499919],[106.8228096,43.0499253],[106.822316,43.0499174]]},"properties":{"kind":"road","class":"service","name":null,"surface":null}},{"type":"Feature","geometry":{"type":"LineString","coordinates":[[106.8206692,43.0484141],[106.8210152,43.0483925]]},"properties":{"kind":"road","class":"service","name":null,"surface":null}},{"type":"Feature","geometry":{"type":"LineString","coordinates":[[106.8350244,43.0143833],[106.8352241,43.0144073],[106.8369127,43.0146225],[106.8380176,43.0147279],[106.8386024,43.0147205],[106.8393373,43.0146696],[106.8412203,43.0144421],[106.8441626,43.0143969],[106.845029,43.0142812],[106.845662,43.0140576],[106.8458407,43.0139592]]},"properties":{"kind":"road","class":"service","name":null,"surface":"compacted"}},{"type":"Feature","geometry":{"type":"LineString","coordinates":[[106.8460296,43.0140986],[106.845825,43.0142072],[106.8457063,43.0142555],[106.8454849,43.0143344],[106.8452597,43.0143969],[106.845029,43.0144695],[106.8447688,43.0145166],[106.844219,43.0145597],[106.8435592,43.0145989],[106.8421054,43.014595],[106.8412256,43.0146421],[106.8405497,43.0147245],[106.8397397,43.0148029],[106.839053,43.0148735],[106.8385515,43.0149265],[106.837936,43.0149387]]},"properties":{"kind":"road","class":"service","name":null,"surface":"compacted"}},{"type":"Feature","geometry":{"type":"LineString","coordinates":[[106.8354293,43.0103705],[106.8354348,43.0102646],[106.8355152,43.0101557],[106.8356654,43.0100763],[106.8359981,43.0100048],[106.8367598,43.00994],[106.8378702,43.0099076],[106.8387816,43.0099354],[106.8388599,43.0099557],[106.8391013,43.0100106],[106.8391013,43.0101783],[106.8390208,43.0104176],[106.8390101,43.0106882],[106.8391871,43.0111786],[106.8412149,43.0138262],[106.8413544,43.0142577],[106.8412203,43.0144421]]},"properties":{"kind":"road","class":"service","name":null,"surface":"compacted"}},{"type":"Feature","geometry":{"type":"LineString","coordinates":[[106.8412203,43.0144421],[106.8411612,43.0142891],[106.8410701,43.014042],[106.8390638,43.0114257],[106.8388116,43.0107745],[106.8388492,43.0102254],[106.8387929,43.01009],[106.8387017,43.0100786],[106.8379077,43.0100822],[106.8372297,43.0101161],[106.8363064,43.0101803],[106.83588,43.0102489]]},"properties":{"kind":"road","class":"service","name":null,"surface":"compacted"}},{"type":"Feature","geometry":{"type":"LineString","coordinates":[[106.8391281,43.0082542],[106.8388653,43.0074324],[106.8391228,43.0053062],[106.8399811,43.0031878],[106.8406033,43.0006142],[106.8422127,42.9994921],[106.8437684,42.9993116],[106.8449941,42.9993371],[106.8457049,42.9993489],[106.8466357,42.9994489],[106.8478373,42.9995392],[106.8492428,42.9996255],[106.8500716,42.9996196],[106.8512544,42.9996372],[106.8523595,42.9996333],[106.8528423,42.9996628],[106.8531427,42.9996686],[106.8533358,42.9996765],[106.8535611,42.9997354]]},"properties":{"kind":"road","class":"service","name":null,"surface":"ground"}},{"type":"Feature","geometry":{"type":"LineString","coordinates":[[106.823879,43.0478579],[106.82381,43.0454915],[106.8238084,43.0454327],[106.8237638,43.0437659]]},"properties":{"kind":"road","class":"service","name":null,"surface":"ground"}},{"type":"Feature","geometry":{"type":"LineString","coordinates":[[106.8327491,43.0238526],[106.8335311,43.0229762],[106.8338496,43.0226355],[106.8343109,43.0222275],[106.8349458,43.0217187]]},"properties":{"kind":"road","class":"service","name":null,"surface":"compacted"}},{"type":"Feature","geometry":{"type":"LineString","coordinates":[[106.8293377,43.0496362],[106.8293166,43.0495293],[106.8292949,43.0493319]]},"properties":{"kind":"road","class":"service","name":null,"surface":null}},{"type":"Feature","geometry":{"type":"LineString","coordinates":[[106.8370148,43.0469776],[106.8370803,43.0469283]]},"properties":{"kind":"road","class":"service","name":null,"surface":null}},{"type":"Feature","geometry":{"type":"LineString","coordinates":[[106.8368731,43.0474894],[106.8369962,43.047363],[106.8370323,43.0472846],[106.8370376,43.0470915],[106.8370148,43.0469776]]},"properties":{"kind":"road","class":"service","name":null,"surface":"ground"}},{"type":"Feature","geometry":{"type":"LineString","coordinates":[[106.8370803,43.0469283],[106.8371339,43.0469832],[106.8371674,43.0473164],[106.8371289,43.0474568]]},"properties":{"kind":"road","class":"service","name":null,"surface":null}},{"type":"Feature","geometry":{"type":"LineString","coordinates":[[106.8284611,43.0485618],[106.8285388,43.048757],[106.8289598,43.0491628],[106.8292949,43.0493319],[106.8296707,43.0495215],[106.830132,43.0496979],[106.8302768,43.0497195],[106.8314141,43.0497136],[106.8330315,43.0497038],[106.8350566,43.0497155],[106.8361615,43.0497469]]},"properties":{"kind":"road","class":"service","name":null,"surface":"ground"}},{"type":"Feature","geometry":{"type":"LineString","coordinates":[[106.8442914,43.0399096],[106.8443133,43.0395492]]},"properties":{"kind":"power","name":null}},{"type":"Feature","geometry":{"type":"LineString","coordinates":[[106.8442914,43.0399096],[106.8441451,43.0395537]]},"properties":{"kind":"power","name":null}},{"type":"Feature","geometry":{"type":"LineString","coordinates":[[106.8421433,43.0569831],[106.8421912,43.057765],[106.84232,43.0585097],[106.8422878,43.0591839],[106.8426204,43.0601794],[106.8443155,43.0648434],[106.8465793,43.0710431],[106.8483066,43.0761843],[106.8502378,43.0814818],[106.8516433,43.0856191],[106.8518472,43.085815],[106.852051,43.085862],[106.8537676,43.0862225],[106.8542397,43.0864184],[106.8545616,43.086724],[106.8548512,43.0873038],[106.8556344,43.0898189],[106.8558598,43.0901205],[106.8569487,43.0910999],[106.8571579,43.0911939],[106.8618492,43.09217]]},"properties":{"kind":"road","class":"service","name":null,"surface":"compacted"}},{"type":"Feature","geometry":{"type":"LineString","coordinates":[[106.8256564,43.0523282],[106.8256798,43.0522613],[106.8257113,43.0521962],[106.8257507,43.0521334],[106.8257976,43.0520735],[106.8258532,43.0520152],[106.8259159,43.051961],[106.8259851,43.0519112],[106.8260603,43.0518662],[106.8261409,43.0518265],[106.828587,43.050823],[106.8299872,43.050333],[106.8303573,43.0501526],[106.830662,43.0499524]]},"properties":{"kind":"road","class":"service","name":null,"surface":null}},{"type":"Feature","geometry":{"type":"LineString","coordinates":[[106.6828851,43.0268142],[106.6834297,43.0269831],[106.6840868,43.0271869],[106.6860496,43.0277525],[106.6878696,43.0281225],[106.688715,43.028369],[106.6893674,43.0286258],[106.6904826,43.0290416],[106.6915959,43.0295111],[106.693173,43.0302785],[106.6948521,43.0311687],[106.6968852,43.0324078],[106.6985857,43.033443],[106.6995084,43.0340233],[106.7000824,43.0343605],[106.7006886,43.034682],[106.7014557,43.0350389],[106.7023408,43.0354035],[106.7031777,43.0356819],[106.7039663,43.0359132],[106.7063212,43.0366073],[106.7068074,43.0367407],[106.7072976,43.036866],[106.7077998,43.0369852],[106.7083056,43.0370959],[106.7088148,43.0371981],[106.709327,43.0372917],[106.7098421,43.0373767],[106.7103597,43.0374531],[106.7108795,43.0375207],[106.7114013,43.0375796],[106.7139709,43.0378816],[106.714295,43.0379166],[106.7146172,43.0379597],[106.7149373,43.0380107],[106.7152549,43.0380697],[106.7155695,43.0381364],[106.715906,43.0382173],[106.7162382,43.0383072],[106.7165657,43.0384059],[106.716888,43.0385133],[106.7172048,43.0386293],[106.7175155,43.0387536],[106.7178197,43.0388862],[106.7181171,43.0390269],[106.7184073,43.0391754],[106.7190349,43.0395401],[106.7197055,43.0399909],[106.7204994,43.0405712],[106.7224842,43.0420532],[106.7227545,43.0422316],[106.7230317,43.0424042],[106.7233157,43.0425707],[106.7236092,43.0427328],[106.7239091,43.0428884],[106.7242151,43.0430375],[106.724527,43.04318],[106.7248446,43.0433156],[106.7250861,43.0434137],[106.7253322,43.0435056],[106.7255824,43.0435912],[106.7258367,43.0436703],[106.7260945,43.043743],[106.7263258,43.0438019],[106.7265596,43.0438555],[106.7267954,43.0439038],[106.7270333,43.0439468],[106.7272921,43.0439838],[106.7275527,43.0440133],[106.7278147,43.0440353],[106.7280777,43.0440499],[106.7283413,43.044057],[106.728605,43.0440566],[106.7288662,43.0440488],[106.7291268,43.0440336],[106.7293864,43.0440111],[106.7296446,43.0439812],[106.7299011,43.0439441],[106.7301553,43.0438998],[106.7306811,43.0438096],[106.7313516,43.0436136],[106.7320812,43.0433862],[106.7326927,43.0430804],[106.733492,43.0426687],[106.7344201,43.0421669],[106.7347096,43.0420288],[106.7350058,43.0418984],[106.7353082,43.0417758],[106.7356163,43.0416612],[106.7358977,43.0415652],[106.7361831,43.0414758],[106.7364724,43.0413932],[106.7367651,43.0413175],[106.737061,43.0412486],[106.7373598,43.0411868],[106.7377307,43.0411153],[106.7381045,43.0410526],[106.7384809,43.0409986],[106.7388402,43.0409555],[106.7392011,43.0409203],[106.7395633,43.0408932],[106.7399264,43.0408741],[106.7402902,43.0408631],[106.7406543,43.0408602],[106.7410183,43.0408653],[106.7413553,43.0408856],[106.7416915,43.0409117],[106.7420268,43.0409437],[106.7424548,43.0409931],[106.7428805,43.0410519],[106.7433035,43.0411201],[106.7453581,43.0414926],[106.7457947,43.0415574],[106.7462328,43.0416162],[106.7466724,43.041669],[106.7471814,43.0417224],[106.7476919,43.0417676],[106.7482035,43.0418047],[106.7487162,43.0418337],[106.7503148,43.0418886],[106.7516667,43.0418611],[106.7539412,43.0417866],[106.7551643,43.0417592],[106.7566931,43.0417631],[106.7571206,43.0417843],[106.7575475,43.0418109],[106.7579737,43.0418431],[106.758399,43.0418807],[106.7589355,43.0419361],[106.7594702,43.0420003],[106.7600028,43.0420731],[106.7605331,43.0421546],[106.7610607,43.0422447],[106.7615855,43.0423433],[106.7629749,43.0426256],[106.7645949,43.0430804],[106.7692405,43.0444722],[106.7748624,43.046154],[106.7778236,43.0470243],[106.7824852,43.0484278],[106.7872488,43.0498312],[106.7888582,43.050329],[106.7892457,43.0504393],[106.7896365,43.0505431],[106.7900304,43.0506404],[106.7904273,43.0507311],[106.7908269,43.0508151],[106.7912763,43.0509011],[106.7917286,43.0509788],[106.7921834,43.0510479],[106.7926405,43.0511086],[106.7930995,43.0511608],[106.7935602,43.0512045],[106.7940223,43.0512395],[106.7944854,43.0512659],[106.7963952,43.0513247],[106.7971623,43.0513757],[106.7979435,43.051438],[106.7987233,43.051509],[106.7994257,43.0515804],[106.8001267,43.0516588],[106.8008262,43.0517442],[106.8029129,43.0520931],[106.804655,43.0523577],[106.8070382,43.0527869],[106.808272,43.0528888],[106.8088084,43.0528849],[106.8096131,43.052783],[106.8105465,43.0525987],[106.8111902,43.0524184],[106.81207,43.0520813],[106.8128761,43.0516943],[106.8140173,43.0512895],[106.8143205,43.0512189],[106.8146263,43.0511549],[106.8149346,43.0510974],[106.8152322,43.0510484],[106.8155316,43.0510056],[106.8158325,43.0509689],[106.8161347,43.0509384],[106.816438,43.050914],[106.8172735,43.0509406],[106.8194591,43.0510893]]},"properties":{"kind":"road","class":"tertiary","name":"Transgobi road","surface":"ground"}},{"type":"Feature","geometry":{"type":"LineString","coordinates":[[106.8137625,43.0293884],[106.8134165,43.0294374],[106.8130906,43.0294776],[106.8128774,43.0294295],[106.8126963,43.0294143],[106.8126447,43.0294379],[106.8125059,43.0295099],[106.8123691,43.0295795]]},"properties":{"kind":"road","class":"service","name":null,"surface":null}},{"type":"Feature","geometry":{"type":"LineString","coordinates":[[106.9054431,43.0101351],[106.9045472,43.0102646],[106.8984775,43.0124859]]},"properties":{"kind":"road","class":"service","name":null,"surface":"compacted"}},{"type":"Feature","geometry":{"type":"LineString","coordinates":[[106.8817484,43.0387187],[106.8819067,43.0386363],[106.8821078,43.0382893],[106.8822527,43.0375796],[106.8824673,43.0368033],[106.882537,43.0359446],[106.8826979,43.0357133],[106.883288,43.0355251],[106.8843341,43.0353722],[106.8853319,43.035427],[106.8857932,43.0352937],[106.8886256,43.0330273],[106.8887624,43.0329685],[106.8896529,43.033094],[106.8898246,43.0330352],[106.8899399,43.0329607],[106.8899935,43.0328077],[106.8893096,43.0317176],[106.8893176,43.031649],[106.8893713,43.0315843],[106.8905353,43.0313961]]},"properties":{"kind":"road","class":"service","name":null,"surface":"compacted"}},{"type":"Feature","geometry":{"type":"LineString","coordinates":[[106.8778378,43.0192314],[106.8818101,43.0183015],[106.8820488,43.0182545],[106.8822098,43.0181898],[106.8822366,43.018127],[106.8821669,43.0179093],[106.8820515,43.0177466],[106.8820086,43.0176662],[106.8820435,43.0176054],[106.8822028,43.0175353],[106.8832934,43.0171602],[106.884377,43.0181329],[106.8851602,43.0196154],[106.889382,43.0287805],[106.8905353,43.0313961],[106.891104,43.0322039],[106.8917477,43.0329097],[106.8925524,43.0334116],[106.8937004,43.0337645],[106.9051266,43.0339527]]},"properties":{"kind":"road","class":"service","name":null,"surface":"ground"}},{"type":"Feature","geometry":{"type":"LineString","coordinates":[[106.8185281,43.0461754],[106.8187594,43.0462912],[106.8187702,43.0463285],[106.8187702,43.0463775],[106.8186307,43.0466637]]},"properties":{"kind":"road","class":"service","name":null,"surface":null}},{"type":"Feature","geometry":{"type":"LineString","coordinates":[[106.8186039,43.0469812],[106.8186307,43.0466637],[106.8185931,43.0466166],[106.8184724,43.04655],[106.8183973,43.0464814],[106.8184054,43.0464363],[106.8185281,43.0461754],[106.8187299,43.0457463]]},"properties":{"kind":"road","class":"service","name":null,"surface":null}},{"type":"Feature","geometry":{"type":"LineString","coordinates":[[106.8191028,43.0436626],[106.8199522,43.0440782]]},"properties":{"kind":"road","class":"service","name":null,"surface":null}},{"type":"Feature","geometry":{"type":"LineString","coordinates":[[106.81882,43.0443009],[106.8181962,43.0448681],[106.8181559,43.0449799],[106.8181613,43.0451151],[106.8181452,43.0452327],[106.8177214,43.0456032],[106.8175444,43.0456365],[106.8173701,43.0456405],[106.8171877,43.0455836],[106.8165252,43.0451994]]},"properties":{"kind":"road","class":"service","name":null,"surface":null}},{"type":"Feature","geometry":{"type":"LineString","coordinates":[[106.8191014,43.0439321],[106.8194246,43.0441056]]},"properties":{"kind":"road","class":"service","name":null,"surface":null}},{"type":"Feature","geometry":{"type":"LineString","coordinates":[[106.8191028,43.0444428],[106.8192691,43.044237],[106.8192744,43.0442026],[106.8192664,43.0441693],[106.8191846,43.0441242],[106.8190598,43.0440292],[106.8190531,43.043986],[106.8191014,43.0439321],[106.8191658,43.0438674],[106.8192087,43.0438586],[106.8192771,43.0438674],[106.8193509,43.0438959],[106.8195131,43.0439694]]},"properties":{"kind":"road","class":"service","name":null,"surface":null}},{"type":"Feature","geometry":{"type":"LineString","coordinates":[[106.8181363,43.0423218],[106.8182954,43.0424178],[106.8184054,43.0424492],[106.8184885,43.0424512],[106.8186307,43.0424747],[106.8195936,43.0428824],[106.8197733,43.0429922],[106.8198283,43.043051],[106.8198511,43.0431108],[106.8198189,43.0431569],[106.8197599,43.0431843],[106.8197063,43.0432059],[106.8196392,43.0432078],[106.8186334,43.0427864],[106.8183947,43.0426335],[106.8182793,43.0425021],[106.8180905,43.0423667]]},"properties":{"kind":"road","class":"service","name":null,"surface":null}},{"type":"Feature","geometry":{"type":"LineString","coordinates":[[106.82173,43.0440841],[106.8216737,43.0441527],[106.8215704,43.0442615],[106.8215273,43.0443065]]},"properties":{"kind":"road","class":"service","name":null,"surface":null}},{"type":"Feature","geometry":{"type":"LineString","coordinates":[[106.8215221,43.0443957],[106.8216911,43.0444173],[106.8217716,43.0444467],[106.8218636,43.0444898]]},"properties":{"kind":"road","class":"service","name":null,"surface":null}},{"type":"Feature","geometry":{"type":"LineString","coordinates":[[106.8222465,43.0509435],[106.8220197,43.0510974],[106.8219057,43.0511611],[106.821618,43.0512415]]},"properties":{"kind":"road","class":"service","name":null,"surface":null}},{"type":"Feature","geometry":{"type":"LineString","coordinates":[[106.8222465,43.0509435],[106.8222088,43.0507779],[106.8221979,43.0503842],[106.8221792,43.0501441]]},"properties":{"kind":"road","class":"service","name":null,"surface":"asphalt"}},{"type":"Feature","geometry":{"type":"LineString","coordinates":[[106.8391013,43.0101783],[106.8387929,43.01009]]},"properties":{"kind":"road","class":"service","name":null,"surface":null}},{"type":"Feature","geometry":{"type":"LineString","coordinates":[[106.8391281,43.0082542],[106.8392837,43.0085465],[106.8393373,43.0089956],[106.8391952,43.0097684],[106.8391013,43.0100106]]},"properties":{"kind":"road","class":"service","name":null,"surface":null}},{"type":"Feature","geometry":{"type":"LineString","coordinates":[[106.8174356,43.0490424],[106.8188184,43.0490305],[106.8204613,43.0490423],[106.8205927,43.0490383],[106.8207617,43.0491569],[106.8210903,43.0491716],[106.8211837,43.0491833],[106.8213411,43.0491814],[106.821443,43.0492873],[106.8214805,43.0493196],[106.82162,43.0493167],[106.822013,43.0493255],[106.8221898,43.0493236],[106.8222383,43.0493245],[106.8222386,43.0493152],[106.823173,43.0493069]]},"properties":{"kind":"road","class":"footway","name":null,"surface":null}},{"type":"Feature","geometry":{"type":"LineString","coordinates":[[106.8939243,43.0969935],[106.893636,43.0969758],[106.8919301,43.0968701],[106.890074,43.0967486],[106.8882394,43.0966468],[106.8877619,43.0968348],[106.8877083,43.0970463],[106.8871665,43.0973009],[106.8854338,43.0976456],[106.8833953,43.0980099],[106.8814373,43.0984055],[106.8794364,43.0988168],[106.8775159,43.0991889],[106.8756169,43.0995532],[106.8735999,43.0999253],[106.8716472,43.1002974],[106.8696785,43.1006734],[106.8677205,43.1010416],[106.8657356,43.1014294],[106.8639064,43.101778],[106.8618196,43.1021736],[106.859867,43.1025574],[106.8579251,43.1029256],[106.8559456,43.1033016],[106.8539876,43.1036698],[106.8519974,43.1040614],[106.8507957,43.1036541],[106.8496048,43.1032233],[106.8484461,43.1027572],[106.8481564,43.1026593],[106.8478882,43.1026044],[106.8459034,43.1027924],[106.8439078,43.1030196],[106.8418586,43.1032546],[106.8398738,43.1034661],[106.8379211,43.1036541],[106.8358827,43.1038813],[106.8338442,43.1041006],[106.8318486,43.1042729],[106.8298101,43.1044923],[106.8277824,43.1047038],[106.8258297,43.1049153],[106.8238449,43.1051189],[106.8218386,43.1053461],[106.8198216,43.1055576],[106.8177724,43.1057769],[106.8157875,43.1059727],[106.8138027,43.1061764],[106.8117964,43.1063957],[106.8097472,43.1065994],[106.8076658,43.106803],[106.8058205,43.106991],[106.8038249,43.1072338],[106.8018937,43.1074453],[106.7999411,43.107649],[106.7979884,43.1078526],[106.7960358,43.1080484],[106.7941153,43.1082208],[106.7921734,43.1084322],[106.7902207,43.1086516],[106.7882573,43.108863],[106.7863047,43.1090589],[106.7843427,43.1092522],[106.7824316,43.1094583],[106.780495,43.1096541],[106.7785263,43.1098617],[106.7765844,43.1100536],[106.7746264,43.1102494],[106.7730546,43.109799]]},"properties":{"kind":"power","name":null}},{"type":"Feature","geometry":{"type":"LineString","coordinates":[[106.8528322,43.087602],[106.8530046,43.0875384],[106.8537314,43.087295],[106.8547507,43.0882117],[106.8552321,43.0894947],[106.8556452,43.0906768]]},"properties":{"kind":"power","name":null}},{"type":"Feature","geometry":{"type":"LineString","coordinates":[[106.8556452,43.0906768],[106.8557203,43.0913585],[106.8547869,43.0928001],[106.853891,43.094179],[106.8530273,43.0955343],[106.8521154,43.0969053],[106.8512034,43.0982606],[106.8503183,43.0996316],[106.8494332,43.1009946],[106.8484569,43.1024517],[106.8474913,43.1039204],[106.8466222,43.1052991],[106.8457156,43.1066777],[106.8447661,43.1080719],[106.8438756,43.1094192],[106.8430281,43.110735],[106.842159,43.112043],[106.8413007,43.1133667],[106.8404317,43.1147216],[106.8395358,43.1160256],[106.838597,43.1175019],[106.8378782,43.1186061],[106.8370736,43.1198278],[106.8362582,43.1210964],[106.8354642,43.1222789],[106.8346703,43.1235162],[106.8339085,43.1246438],[106.833179,43.1257558],[106.832267,43.1270791],[106.8314195,43.1284259],[106.8304646,43.1299136]]},"properties":{"kind":"power","name":null}},{"type":"Feature","geometry":{"type":"LineString","coordinates":[[106.8398818,43.0565371],[106.8409856,43.0567037],[106.8435149,43.0568811],[106.8445972,43.0573005],[106.8465579,43.057518],[106.8497711,43.0579247],[106.8515696,43.0581559],[106.8535839,43.0583872],[106.8561977,43.0587027],[106.8587324,43.0590065],[106.8601634,43.0605762],[106.8616748,43.062192],[106.8631366,43.0637793],[106.8646252,43.0653489],[106.8660133,43.0668813],[106.8675247,43.0685096],[106.8689087,43.0699988],[106.8704295,43.0716584],[106.8719342,43.0732709],[106.8734208,43.074878],[106.8748873,43.0764664],[106.8763894,43.0780886],[106.8774784,43.0792798],[106.8786237,43.0804964],[106.8796992,43.0817169],[106.8814909,43.083621],[106.882832,43.0850628],[106.884259,43.0865682],[106.8857127,43.08815],[106.8870699,43.089623],[106.8884486,43.0911273],[106.8898112,43.0926081],[106.8912113,43.0940654],[106.8926007,43.0955676],[106.8939243,43.0969935]]},"properties":{"kind":"power","name":null}},{"type":"Feature","geometry":{"type":"LineString","coordinates":[[106.8174384,43.0496866],[106.8203634,43.0496979]]},"properties":{"kind":"road","class":"service","name":null,"surface":null}},{"type":"Feature","geometry":{"type":"LineString","coordinates":[[106.8181217,43.0502703],[106.8179266,43.0502526],[106.8177912,43.0502448],[106.8177389,43.0502114],[106.8177281,43.0498185]]},"properties":{"kind":"road","class":"service","name":null,"surface":null}},{"type":"Feature","geometry":{"type":"LineString","coordinates":[[106.8132307,43.0493162],[106.8132287,43.0500517],[106.8132529,43.0500752],[106.8162891,43.0500742],[106.8163481,43.0500527],[106.816375,43.0500056],[106.8163856,43.0493029]]},"properties":{"kind":"road","class":"service","name":null,"surface":null}},{"type":"Feature","geometry":{"type":"LineString","coordinates":[[106.8817645,42.9898635],[106.8770814,42.9912408],[106.8777756,42.9920919],[106.8779339,42.9922449],[106.8781217,42.9923312],[106.878355,42.9923567],[106.8786822,42.9923312],[106.8790953,42.9922606],[106.882485,42.9920445],[106.8830388,42.9922735],[106.883299,42.9925019],[106.8838902,42.992556],[106.8840682,42.9927768]]},"properties":{"kind":"road","class":"service","name":null,"surface":"compacted"}},{"type":"Feature","geometry":{"type":"LineString","coordinates":[[106.8762842,43.0056612],[106.8771947,43.0054992],[106.8780781,43.0062943],[106.881034,43.0115863],[106.8815097,43.0114538],[106.8808188,43.0077188],[106.8810454,43.0073793],[106.8816218,43.0070152]]},"properties":{"kind":"road","class":"service","name":null,"surface":null}},{"type":"Feature","geometry":{"type":"LineString","coordinates":[[106.8592769,43.0091035],[106.8615306,43.0101458]]},"properties":{"kind":"road","class":"service","name":null,"surface":null}},{"type":"Feature","geometry":{"type":"LineString","coordinates":[[106.8641467,43.0102764],[106.8639562,43.0102783],[106.8617257,43.0101391],[106.8615306,43.0101458]]},"properties":{"kind":"road","class":"service","name":null,"surface":"compacted"}},{"type":"Feature","geometry":{"type":"LineString","coordinates":[[106.8591835,43.0327059],[106.8594486,43.032644],[106.8596122,43.0326146],[106.8597181,43.0326097],[106.8597583,43.0326325],[106.8598114,43.0327794]]},"properties":{"kind":"road","class":"service","name":null,"surface":null}},{"type":"Feature","geometry":{"type":"LineString","coordinates":[[106.8592849,43.0327705],[106.8598114,43.0327794],[106.8600346,43.0327832],[106.8600869,43.0327774]]},"properties":{"kind":"road","class":"service","name":null,"surface":null}},{"type":"Feature","geometry":{"type":"LineString","coordinates":[[106.849073,43.0386982],[106.8490228,43.0387951],[106.8490288,43.0390181]]},"properties":{"kind":"road","class":"service","name":null,"surface":null}},{"type":"Feature","geometry":{"type":"LineString","coordinates":[[106.8490422,43.0394977],[106.8490349,43.0393411]]},"properties":{"kind":"road","class":"service","name":null,"surface":null}},{"type":"Feature","geometry":{"type":"LineString","coordinates":[[106.8497155,43.0386833],[106.849073,43.0386982],[106.8488619,43.038701],[106.848768,43.0387422],[106.8487667,43.0387848]]},"properties":{"kind":"road","class":"service","name":null,"surface":null}},{"type":"Feature","geometry":{"type":"LineString","coordinates":[[106.8353247,43.0477043],[106.8353784,43.047877],[106.8354937,43.0480338],[106.8356439,43.0480691],[106.835719,43.048073]]},"properties":{"kind":"road","class":"service","name":null,"surface":null}},{"type":"Feature","geometry":{"type":"LineString","coordinates":[[106.8355443,43.0477019],[106.8355796,43.047973],[106.835719,43.048073],[106.8359739,43.048075],[106.8372452,43.0481259],[106.8374813,43.0481318],[106.8375805,43.0481534],[106.837602,43.0482082],[106.8375429,43.0483651]]},"properties":{"kind":"road","class":"service","name":null,"surface":null}},{"type":"Feature","geometry":{"type":"LineString","coordinates":[[106.836661,43.0500241],[106.8367437,43.0499625],[106.8367732,43.0498194],[106.8367865,43.0497703]]},"properties":{"kind":"road","class":"service","name":null,"surface":null}},{"type":"Feature","geometry":{"type":"LineString","coordinates":[[106.8367865,43.0497703],[106.8367329,43.0496254],[106.8367061,43.0494529],[106.8367276,43.0493823],[106.8367785,43.0493255],[106.8368724,43.0493177],[106.8369529,43.049351],[106.8370011,43.0494078],[106.8370038,43.0495274],[106.836985,43.0495901],[106.8369341,43.0496548],[106.8368697,43.0497273],[106.8367865,43.0497703]]},"properties":{"kind":"road","class":"service","name":null,"surface":null}}]}